Workbook

Sheet Master Template
D2: Feed Stock Property | P2: Product
D3: ABQ3358 | P3: HPS | AB3: LTO | AN3: High Gas | AZ3: Low Gas
C4: Pilot Plant Operation | D4: 45643 | E4: 45644 | F4: 45645 | G4: 45646 | H4: 45647 | I4: 45648 | J4: 45649 | K4: 45650 | L4: 45651 | M4: 45652 | N4: 45653 | P4: 45643 | Q4: 45644 | R4: 45645 | S4: 45646 | T4: 45647 | U4: 45648 | V4: 45649 | W4: 45650 | X4: 45651 | Y4: 45652 | Z4: 45653 | AB4: 45643 | AC4: 45644 | AD4: 45645 | AE4: 45646 | AF4: 45647 | AG4: 45648 | AH4: 45649 | AI4: 45650 | AJ4: 45651 | AK4: 45652 | AL4: 45653 | AN4: 45643 | AO4: 45644 | AP4: 45645 | AQ4: 45646 | AR4: 45647 | AS4: 45648 | AT4: 45649 | AU4: 45650 | AV4: 45651 | AW4: 45652 | AX4: 45653 | AZ4: 45643 | BA4: 45644 | BB4: 45645 | BC4: 45646 | BD4: 45647 | BE4: 45648 | BF4: 45649 | BG4: 45650 | BH4: 45651 | BI4: 45652 | BJ4: 45653
C5: Lab Date--> | D5: 45644 | E5: 45645 | F5: 45646 | G5: 45647 | H5: 45648 | I5: 45649 | J5: 45650 | K5: 45651 | L5: 45652 | M5: 45653 | N5: 45654 | P5: 45644 | Q5: 45645 | R5: 45646 | S5: 45647 | T5: 45648 | U5: 45649 | V5: 45650 | W5: 45651 | X5: 45652 | Y5: 45653 | Z5: 45654 | AB5: 45644 | AC5: 45645 | AD5: 45646 | AE5: 45647 | AF5: 45648 | AG5: 45649 | AH5: 45650 | AI5: 45651 | AJ5: 45652 | AK5: 45653 | AL5: 45654 | AN5: 45644 | AO5: 45645 | AP5: 45646 | AQ5: 45647 | AR5: 45648 | AS5: 45649 | AT5: 45650 | AU5: 45651 | AV5: 45652 | AW5: 45653 | AX5: 45654 | AZ5: 45644 | BA5: 45645 | BB5: 45646 | BC5: 45647 | BD5: 45648 | BE5: 45649 | BF5: 45650 | BG5: 45651 | BH5: 45652 | BI5: 45653 | BJ5: 45654
C6: Day--> | D6: 1 | E6: 2 | F6: 3 | G6: 4 | H6: 5 | I6: 6 | J6: 7 | K6: 8 | L6: 9 | M6: 10 | N6: 11 | P6: 1 | Q6: 2 | R6: 3 | S6: 4 | T6: 5 | U6: 6 | V6: 7 | W6: 8 | X6: 9 | Y6: 10 | Z6: 11 | AB6: 1 | AC6: 2 | AD6: 3 | AE6: 4 | AF6: 5 | AG6: 6 | AH6: 7 | AI6: 8 | AJ6: 9 | AK6: 10 | AL6: 11 | AN6: 1 | AO6: 2 | AP6: 3 | AQ6: 4 | AR6: 5 | AS6: 6 | AT6: 7 | AU6: 8 | AV6: 9 | AW6: 10 | AX6: 11 | AZ6: 1 | BA6: 2 | BB6: 3 | BC6: 4 | BD6: 5 | BE6: 6 | BF6: 7 | BG6: 8 | BH6: 9 | BI6: 10 | BJ6: 11
C7: IBP-90, wt% | D7: {='MEBU HPS DAILY'!$G$63:$G$70} -> 0 | E7: {='MEBU HPS DAILY'!$G$63:$G$70} -> 0 | F7: {='MEBU HPS DAILY'!$G$63:$G$70} -> 0 | G7: {='MEBU HPS DAILY'!$G$63:$G$70} -> 0 | H7: {='MEBU HPS DAILY'!$G$63:$G$70} -> 0 | I7: {='MEBU HPS DAILY'!$G$63:$G$70} -> 0 | J7: {='MEBU HPS DAILY'!$G$63:$G$70} -> 0 | K7: {='MEBU HPS DAILY'!$G$63:$G$70} -> 0 | ... N7: {='MEBU HPS DAILY'!$G$63:$G$70} -> 0 | P7: {='MEBU HPS DAILY'!L63:V70} -> 0 | Q7: 0.42 | R7: 0.38 | S7: 0.4 | T7: 0.067 | U7: 0 | V7: 0.41 | W7: 0.68 | X7: 0.79 | Y7: 0.63 | Z7: 1.068 | AB7: {='MEBU LTO DAILY'!H54:R61} -> 2.5 | AC7: 2.5 | AD7: 3.5 | AE7: 12 | AF7: 12 | AG7: 12 | AH7: 12.5 | AI7: 11.5 | AJ7: 12 | AK7: 12.5 | AL7: 12
C8: 90-160, wt% | D8: 0 | E8: 0 | F8: 0 | G8: 0 | H8: 0 | I8: 0 | J8: 0 | K8: 0 | L8: 0 | M8: 0 | N8: 0 | P8: 1.4 | Q8: 2.06 | R8: 1.91 | S8: 1.93 | T8: 1.721 | U8: 0.4 | V8: 2.01 | W8: 2.13 | X8: 1.97 | Y8: 2.15 | Z8: 1.803 | AB8: 17.5 | AC8: 18 | AD8: 18.5 | AE8: 23 | AF8: 23 | AG8: 23 | AH8: 22.5 | AI8: 22.5 | AJ8: 23 | AK8: 23 | AL8: 23
C9: 160-250, wt% | D9: 0 | E9: 0 | F9: 0 | G9: 0 | H9: 0 | I9: 0 | J9: 0 | K9: 0 | L9: 0 | M9: 0 | N9: 0 | P9: 7 | Q9: 7.37 | R9: 6.96 | S9: 6.87 | T9: 7.262 | U9: 6.5 | V9: 6.73 | W9: 7.22 | X9: 7.11 | Y9: 7.22 | Z9: 7.265 | AB9: 40 | AC9: 42.5 | AD9: 42 | AE9: 35 | AF9: 35.5 | AG9: 35.5 | AH9: 36 | AI9: 36 | AJ9: 36 | AK9: 35.5 | AL9: 36
C10: 250-360, wt% | D10: 0 | E10: 0 | F10: 0 | G10: 0 | H10: 0 | I10: 0 | J10: 0 | K10: 0 | L10: 0 | M10: 0 | N10: 0 | P10: 15.7 | Q10: 17.8 | R10: 16.87 | S10: 16.9 | T10: 16.489 | U10: 16.1 | V10: 15.94 | W10: 17.44 | X10: 17.21 | Y10: 17.65 | Z10: 16.48 | AB10: 30 | AC10: 30 | AD10: 29 | AE10: 24 | AF10: 24 | AG10: 24 | AH10: 23.5 | AI10: 24.5 | AJ10: 23.5 | AK10: 23.5 | AL10: 23.5
C11: 360-500, wt% | D11: 4.17 | E11: 4.17 | F11: 4.17 | G11: 4.17 | H11: 4.17 | I11: 4.17 | J11: 4.17 | K11: 4.17 | L11: 4.17 | M11: 4.17 | N11: 4.17 | P11: 25.8 | Q11: 30.78 | R11: 29.69 | S11: 29.89 | T11: 29.027 | U11: 29.2 | V11: 28.88 | W11: 30.36 | X11: 29.71 | Y11: 30.88 | Z11: 28.138 | AB11: 10 | AC11: 7 | AD11: 7 | AE11: 6 | AF11: 5.5 | AG11: 5.5 | AH11: 5.5 | AI11: 5.5 | AJ11: 5.5 | AK11: 5.5 | AL11: 5.5
C12: 500-560, wt% | D12: 9.88 | E12: 9.88 | F12: 9.88 | G12: 9.88 | H12: 9.88 | I12: 9.88 | J12: 9.88 | K12: 9.88 | L12: 9.88 | M12: 9.88 | N12: 9.88 | P12: 11.5 | Q12: 14.66 | R12: 13.97 | S12: 14.02 | T12: 13.299 | U12: 14 | V12: 13.74 | W12: 13.49 | X12: 13.31 | Y12: 13.7 | Z12: 12.109 | AB12: 0 | AC12: 0 | AD12: 0 | AE12: 0 | AF12: 0 | AG12: 0 | AH12: 0 | AI12: 0 | AJ12: 0 | AK12: 0 | AL12: 0
C13: 560 plus, wt% | D13: 85.95 | E13: 85.95 | F13: 85.95 | G13: 85.95 | H13: 85.95 | I13: 85.95 | J13: 85.95 | K13: 85.95 | L13: 85.95 | M13: 85.95 | N13: 85.95 | P13: 38.6 | Q13: 26.91 | R13: 30.22 | S13: 29.99 | T13: 32.135 | U13: 33.8 | V13: 32.29 | W13: 28.68 | X13: 29.9 | Y13: 27.77 | Z13: 33.137 | AB13: 0 | AC13: 0 | AD13: 0 | AE13: 0 | AF13: 0 | AG13: 0 | AH13: 0 | AI13: 0 | AJ13: 0 | AK13: 0 | AL13: 0
C14: Total | D14: 100 | E14: 100 | F14: 100 | G14: 100 | H14: 100 | I14: 100 | J14: 100 | K14: 100 | L14: 100 | M14: 100 | N14: 100 | P14: 100 | Q14: 100 | R14: 100 | S14: 100 | T14: 100 | U14: 100 | V14: 100 | W14: 100 | X14: 100 | Y14: 100 | Z14: 100 | AB14: 100 | AC14: 100 | AD14: 100 | AE14: 100 | AF14: 100 | AG14: 100 | AH14: 100 | AI14: 100 | AJ14: 100 | AK14: 100 | AL14: 100
C16: Ni, ppm | D16: {='MEBU HPS DAILY'!$G$40:$G$41} -> 73.4 | E16: {='MEBU HPS DAILY'!$G$40:$G$41} -> 73.4 | F16: {='MEBU HPS DAILY'!$G$40:$G$41} -> 73.4 | G16: {='MEBU HPS DAILY'!$G$40:$G$41} -> 73.4 | H16: {='MEBU HPS DAILY'!$G$40:$G$41} -> 73.4 | I16: {='MEBU HPS DAILY'!$G$40:$G$41} -> 73.4 | J16: {='MEBU HPS DAILY'!$G$40:$G$41} -> 73.4 | K16: {='MEBU HPS DAILY'!$G$40:$G$41} -> 73.4 | ... N16: {='MEBU HPS DAILY'!$G$40:$G$41} -> 73.4 | P16: {='MEBU HPS DAILY'!L40:V41} -> 4.56 | Q16: 4.83 | R16: 6.31 | S16: 6.74 | T16: 7.68 | U16: 8.52 | V16: 9.16 | W16: 8.95 | X16: 9.61 | Y16: 9.66 | Z16: 10.08 | AB16: 0 | AC16: 0 | AD16: 0 | AE16: 0 | AF16: 0 | AG16: 0 | AH16: 0 | AI16: 0 | AJ16: 0 | AK16: 0 | AL16: 0
C17: V, ppm | D17: 238.34 | E17: 238.34 | F17: 238.34 | G17: 238.34 | H17: 238.34 | I17: 238.34 | J17: 238.34 | K17: 238.34 | L17: 238.34 | M17: 238.34 | N17: 238.34 | P17: 2.66 | Q17: 0.91 | R17: 1.61 | S17: 1.76 | T17: 2.18 | U17: 2.52 | V17: 2.81 | W17: 2.53 | X17: 3.14 | Y17: 3.16 | Z17: 3.32 | AB17: 0 | AC17: 0 | AD17: 0 | AE17: 0 | AF17: 0 | AG17: 0 | AH17: 0 | AI17: 0 | AJ17: 0 | AK17: 0 | AL17: 0
C18: Fe, ppm | D18: ='MEBU HPS DAILY'!$G$44 -> 19.4 | E18: ='MEBU HPS DAILY'!$G$44 -> 19.4 | F18: ='MEBU HPS DAILY'!$G$44 -> 19.4 | G18: ='MEBU HPS DAILY'!$G$44 -> 19.4 | H18: ='MEBU HPS DAILY'!$G$44 -> 19.4 | I18: ='MEBU HPS DAILY'!$G$44 -> 19.4 | J18: ='MEBU HPS DAILY'!$G$44 -> 19.4 | K18: ='MEBU HPS DAILY'!$G$44 -> 19.4 | ... N18: ='MEBU HPS DAILY'!$G$44 -> 19.4 | P18: {='MEBU HPS DAILY'!L44:V44} -> 3.03 | Q18: 7.08 | R18: 2.19 | S18: 0.44 | T18: 0.87 | U18: 0.61 | V18: 0.45 | W18: 0.45 | X18: 0.54 | Y18: 1.43 | Z18: 0.32 | AB18: 0 | AC18: 0 | AD18: 0 | AE18: 0 | AF18: 0 | AG18: 0 | AH18: 0 | AI18: 0 | AJ18: 0 | AK18: 0 | AL18: 0
C20: N, wt% (ASTM D5762) | D20: ='MEBU HPS DAILY'!$G$23 -> 0.3301 | E20: ='MEBU HPS DAILY'!$G$23 -> 0.3301 | F20: ='MEBU HPS DAILY'!$G$23 -> 0.3301 | G20: ='MEBU HPS DAILY'!$G$23 -> 0.3301 | H20: ='MEBU HPS DAILY'!$G$23 -> 0.3301 | I20: ='MEBU HPS DAILY'!$G$23 -> 0.3301 | J20: ='MEBU HPS DAILY'!$G$23 -> 0.3301 | K20: ='MEBU HPS DAILY'!$G$23 -> 0.3301 | ... N20: ='MEBU HPS DAILY'!$G$23 -> 0.3301 | P20: {='MEBU HPS DAILY'!L23:V23} -> 0.1962 | Q20: 0.215878 | R20: 0.227188 | S20: 0.236633 | T20: 0.250962 | U20: 0.258309 | V20: 0.267549 | W20: 0.272297 | X20: 0.279689 | Y20: 0.276106 | Z20: 0.281071 | AB20: {='MEBU LTO DAILY'!H23:R23} -> 0.081 | AC20: 0.073492 | AD20: 0.078723 | AE20: 0.065492 | AF20: 0.068977 | AG20: 0.06836 | AH20: 0.07056 | AI20: 0.068092 | AJ20: 0.072433 | AK20: 0.054379 | AL20: 0.074608
C21: S, wt% (ASTM D4294) | D21: ='MEBU HPS DAILY'!$G$18 -> 5.986 | E21: ='MEBU HPS DAILY'!$G$18 -> 5.986 | F21: ='MEBU HPS DAILY'!$G$18 -> 5.986 | G21: ='MEBU HPS DAILY'!$G$18 -> 5.986 | H21: ='MEBU HPS DAILY'!$G$18 -> 5.986 | I21: ='MEBU HPS DAILY'!$G$18 -> 5.986 | J21: ='MEBU HPS DAILY'!$G$18 -> 5.986 | K21: ='MEBU HPS DAILY'!$G$18 -> 5.986 | ... N21: ='MEBU HPS DAILY'!$G$18 -> 5.986 | P21: {='MEBU HPS DAILY'!L18:V18} -> 0.832 | Q21: 0.975 | R21: 1.09 | S21: 1.155 | T21: 1.246 | U21: 1.306 | V21: 1.338 | W21: 1.28 | X21: 1.418 | Y21: 1.427 | Z21: 1.419 | AB21: {='MEBU LTO DAILY'!H18:R18} -> 0.181 | AC21: 0.1149 | AD21: 0.113 | AE21: 0.0934 | AF21: 0.259 | AG21: 0.2507 | AH21: 0.2867 | AI21: 0.2153 | AJ21: 0.234 | AK21: 0.2385 | AL21: 0.2482
C23: C5 Asphaltene, wt% | D23: ='MEBU HPS DAILY'!$G$83 -> 21.02 | E23: ='MEBU HPS DAILY'!$G$83 -> 21.02 | F23: ='MEBU HPS DAILY'!$G$83 -> 21.02 | G23: ='MEBU HPS DAILY'!$G$83 -> 21.02 | H23: ='MEBU HPS DAILY'!$G$83 -> 21.02 | I23: ='MEBU HPS DAILY'!$G$83 -> 21.02 | J23: ='MEBU HPS DAILY'!$G$83 -> 21.02 | K23: ='MEBU HPS DAILY'!$G$83 -> 21.02 | ... N23: ='MEBU HPS DAILY'!$G$83 -> 21.02 | P23: {='MEBU HPS DAILY'!L83:V84} -> 3.9 | Q23: 4.7 | R23: 5.3 | S23: 5.6 | T23: 5.6 | U23: 6.1 | V23: 6.4 | W23: 6.2 | X23: 6.9 | Y23: 6.5 | Z23: 6.9 | AB23: 0 | AC23: 0 | AD23: 0 | AE23: 0 | AF23: 0 | AG23: 0 | AH23: 0 | AI23: 0 | AJ23: 0 | AK23: 0 | AL23: 0
C24: C7 Asphaltene, wt% | D24: ='MEBU HPS DAILY'!$G$84 -> 12.86 | E24: ='MEBU HPS DAILY'!$G$84 -> 12.86 | F24: ='MEBU HPS DAILY'!$G$84 -> 12.86 | G24: ='MEBU HPS DAILY'!$G$84 -> 12.86 | H24: ='MEBU HPS DAILY'!$G$84 -> 12.86 | I24: ='MEBU HPS DAILY'!$G$84 -> 12.86 | J24: ='MEBU HPS DAILY'!$G$84 -> 12.86 | K24: ='MEBU HPS DAILY'!$G$84 -> 12.86 | ... N24: ='MEBU HPS DAILY'!$G$84 -> 12.86 | P24: 1.1 | Q24: 1.6 | R24: 1.5 | S24: 1.8 | T24: 2.1 | U24: 2.3 | V24: 2.7 | W24: 2.4 | X24: 2.6 | Y24: 2.4 | Z24: 2.5 | AB24: 0 | AC24: 0 | AD24: 0 | AE24: 0 | AF24: 0 | AG24: 0 | AH24: 0 | AI24: 0 | AJ24: 0 | AK24: 0 | AL24: 0
C26: MCRT, wt% | D26: ='MEBU HPS DAILY'!$G$85 -> 26.05 | E26: ='MEBU HPS DAILY'!$G$85 -> 26.05 | F26: ='MEBU HPS DAILY'!$G$85 -> 26.05 | G26: ='MEBU HPS DAILY'!$G$85 -> 26.05 | H26: ='MEBU HPS DAILY'!$G$85 -> 26.05 | I26: ='MEBU HPS DAILY'!$G$85 -> 26.05 | J26: ='MEBU HPS DAILY'!$G$85 -> 26.05 | K26: ='MEBU HPS DAILY'!$G$85 -> 26.05 | ... N26: ='MEBU HPS DAILY'!$G$85 -> 26.05 | P26: {='MEBU HPS DAILY'!L85:V85} -> 7.1075 | Q26: 7.51 | R26: 8.22745 | S26: 8.8036 | T26: 9.2672 | U26: 9.29115 | V26: 9.2228 | W26: 9.14 | X26: 9.618 | Y26: 9.3308 | Z26: 9.68 | AB26: 0 | AC26: 0 | AD26: 0 | AE26: 0 | AF26: 0 | AG26: 0 | AH26: 0 | AI26: 0 | AJ26: 0 | AK26: 0 | AL26: 0
C28: C, wt% (ASTM D5291) | D28: {='MEBU HPS DAILY'!$G$25:$G$27} -> 84.31 | E28: {='MEBU HPS DAILY'!$G$25:$G$27} -> 84.31 | F28: {='MEBU HPS DAILY'!$G$25:$G$27} -> 84.31 | G28: {='MEBU HPS DAILY'!$G$25:$G$27} -> 84.31 | H28: {='MEBU HPS DAILY'!$G$25:$G$27} -> 84.31 | I28: {='MEBU HPS DAILY'!$G$25:$G$27} -> 84.31 | J28: {='MEBU HPS DAILY'!$G$25:$G$27} -> 84.31 | K28: {='MEBU HPS DAILY'!$G$25:$G$27} -> 84.31 | ... N28: {='MEBU HPS DAILY'!$G$25:$G$27} -> 84.31 | P28: {='MEBU HPS DAILY'!L25:V27} -> 88.11 | Q28: 88.14 | R28: 87.88 | S28: 87.49 | T28: 87.66 | U28: 87.51 | V28: 87.78 | W28: 87.97 | X28: 88.01 | Y28: 87.81 | Z28: 86.8 | AB28: {='MEBU LTO DAILY'!H25:R27} -> 86.73 | AC28: 86.7 | AD28: 86.31 | AE28: 84.06 | AF28: 84.66 | AG28: 85.42 | AH28: 84.56 | AI28: 84.67 | AJ28: 84.65 | AK28: 85.81 | AL28: 84.46
C29: H, wt% (ASTM D5291) | D29: 9.782 | E29: 9.782 | F29: 9.782 | G29: 9.782 | H29: 9.782 | I29: 9.782 | J29: 9.782 | K29: 9.782 | L29: 9.782 | M29: 9.782 | N29: 9.782 | P29: 11.45 | Q29: 11.27 | R29: 11.41 | S29: 11.41 | T29: 11.2 | U29: 11.33 | V29: 11.32 | W29: 11.23 | X29: 11.26 | Y29: 11.39 | Z29: 10.94 | AB29: 13.23 | AC29: 13.17 | AD29: 13.46 | AE29: 13.55 | AF29: 13.56 | AG29: 13.52 | AH29: 13.55 | AI29: 13.35 | AJ29: 12.94 | AK29: 13.74 | AL29: 13.48
C30: N, wt% (ASTM D5291) | D30: 0.4519 | E30: 0.4519 | F30: 0.4519 | G30: 0.4519 | H30: 0.4519 | I30: 0.4519 | J30: 0.4519 | K30: 0.4519 | L30: 0.4519 | M30: 0.4519 | N30: 0.4519 | P30: 0.2675 | Q30: 0.3033 | R30: 0.2964 | S30: 0.3436 | T30: 0.3529 | U30: 0.3355 | V30: 0.325 | W30: 0.3319 | X30: 0.3282 | Y30: 0.3438 | Z30: 0.3161 | AB30: 0.08088 | AC30: 0.09388 | AD30: 0.07133 | AE30: 0.117 | AF30: 0.09208 | AG30: 0.10049 | AH30: 0.06362 | AI30: 0.06731 | AJ30: 0.04694 | AK30: 0.05397 | AL30: 0.08906
C31: S, wt% (ASTM D4294) | D31: =$D$21 -> 5.986 | E31: =$D$21 -> 5.986 | F31: =$D$21 -> 5.986 | G31: =$D$21 -> 5.986 | H31: =$D$21 -> 5.986 | I31: =$D$21 -> 5.986 | J31: =$D$21 -> 5.986 | K31: =$D$21 -> 5.986 | ... N31: =$D$21 -> 5.986 | P31: {=_xlfn.ANCHORARRAY(P21)} -> 0.832 | Q31: 0.975 | R31: 1.09 | S31: 1.155 | T31: 1.246 | U31: 1.306 | V31: 1.338 | W31: 1.28 | X31: 1.418 | Y31: 1.427 | Z31: 1.419 | AB31: =AB21 -> 0.181 | AC31: =AC21 -> 0.1149 | AD31: =AD21 -> 0.113 | AE31: =AE21 -> 0.0934 | AF31: =AF21 -> 0.259 | AG31: =AG21 -> 0.2507 | AH31: =AH21 -> 0.2867 | AI31: =AI21 -> 0.2153 | ... AK31: =AK21 -> 0.2385
C33: CN, wt% | D33: {='MEBU HPS DAILY'!$G$29:$G$30} -> 83.974158 | E33: {='MEBU HPS DAILY'!$G$29:$G$30} -> 83.974158 | F33: {='MEBU HPS DAILY'!$G$29:$G$30} -> 83.974158 | G33: {='MEBU HPS DAILY'!$G$29:$G$30} -> 83.974158 | H33: {='MEBU HPS DAILY'!$G$29:$G$30} -> 83.974158 | I33: {='MEBU HPS DAILY'!$G$29:$G$30} -> 83.974158 | J33: {='MEBU HPS DAILY'!$G$29:$G$30} -> 83.974158 | K33: {='MEBU HPS DAILY'!$G$29:$G$30} -> 83.974158 | ... N33: {='MEBU HPS DAILY'!$G$29:$G$30} -> 83.974158 | P33: {='MEBU HPS DAILY'!L29:V30} -> 87.595408 | Q33: 87.614461 | R33: 87.35042 | S33: 87.2369 | T33: 87.349542 | U33: 87.158674 | V33: 87.165813 | W33: 87.313954 | X33: 87.167215 | Y33: 87.025082 | Z33: 87.28929 | AB33: {='MEBU LTO DAILY'!H29:R30} -> 86.537886 | AC33: 86.649437 | AD33: 86.343037 | AE33: 85.978342 | AF33: 85.907462 | AG33: 86.057725 | AH33: 85.876238 | AI33: 86.131309 | AJ33: 86.468861 | AK33: 85.945037 | AL33: 85.953213
C34: HN, wt% | D34: 9.7430342 | E34: 9.7430342 | F34: 9.7430342 | G34: 9.7430342 | H34: 9.7430342 | I34: 9.7430342 | J34: 9.7430342 | K34: 9.7430342 | L34: 9.7430342 | M34: 9.7430342 | N34: 9.7430342 | P34: 11.383128 | Q34: 11.202802 | R34: 11.341241 | S34: 11.376992 | T34: 11.160334 | U34: 11.284513 | V34: 11.240795 | W34: 11.146251 | X34: 11.152174 | Y34: 11.288187 | Z34: 11.001669 | AB34: 13.200694 | AC34: 13.162319 | AD34: 13.465152 | AE34: 13.859226 | AF34: 13.759806 | AG34: 13.620937 | AH34: 13.760916 | AI34: 13.580406 | AJ34: 13.21804 | AK34: 13.761622 | AL34: 13.71832
C35: SN, wt | D35: ='MEBU HPS DAILY'!$G$32 -> 5.9544474 | E35: ='MEBU HPS DAILY'!$G$32 -> 5.9544474 | F35: ='MEBU HPS DAILY'!$G$32 -> 5.9544474 | G35: ='MEBU HPS DAILY'!$G$32 -> 5.9544474 | H35: ='MEBU HPS DAILY'!$G$32 -> 5.9544474 | I35: ='MEBU HPS DAILY'!$G$32 -> 5.9544474 | J35: ='MEBU HPS DAILY'!$G$32 -> 5.9544474 | K35: ='MEBU HPS DAILY'!$G$32 -> 5.9544474 | ... N35: ='MEBU HPS DAILY'!$G$32 -> 5.9544474 | P35: {='MEBU HPS DAILY'!L32:V32} -> 0.82654891 | Q35: 0.96833495 | R35: 1.0826768 | S35: 1.1504144 | T35: 1.2403082 | U35: 1.2997417 | V35: 1.3278684 | W35: 1.2696914 | X35: 1.4037352 | Y35: 1.4132799 | Z35: 1.4264876 | AB35: {='MEBU LTO DAILY'!H32:R32} -> 0.18059929 | AC35: 0.11480955 | AD35: 0.11305163 | AE35: 0.095481106 | AF35: 0.26275455 | AG35: 0.25248967 | AH35: 0.29118329 | AI35: 0.21901758 | AJ35: 0.23909038 | AK35: 0.2388763 | AL35: 0.25255079
AN36: %wt | AZ36: %vol
C37: H2, wt% | D37: 0 | E37: 0 | F37: 0 | G37: 0 | H37: 0 | I37: 0 | J37: 0 | K37: 0 | L37: 0 | M37: 0 | N37: 0 | P37: 0 | Q37: 0 | R37: 0 | S37: 0 | T37: 0 | U37: 0 | V37: 0 | W37: 0 | X37: 0 | Y37: 0 | Z37: 0 | AB37: 0 | AC37: 0 | AD37: 0 | AE37: 0 | AF37: 0 | AG37: 0 | AH37: 0 | AI37: 0 | AJ37: 0 | AK37: 0 | AL37: 0 | AN37: {='MEBU HPS DAILY'!L101:L107} -> 27.4 | AO37: {='MEBU HPS DAILY'!M101:M107} -> 40.4 | AP37: {='MEBU HPS DAILY'!N101:N107} -> 42.7 | AQ37: {='MEBU HPS DAILY'!O101:O107} -> 41 | AR37: {='MEBU HPS DAILY'!P101:P107} -> 44.9 | AS37: {='MEBU HPS DAILY'!Q101:Q107} -> 42.6 | AT37: {='MEBU HPS DAILY'!R101:R107} -> 42.6 | AU37: {='MEBU HPS DAILY'!S101:S107} -> 41 | ... AX37: {='MEBU HPS DAILY'!V101:V107} -> 41.8 | AZ37: {='MEBU HPS DAILY'!L89:L95} -> 3.5 | BA37: {='MEBU HPS DAILY'!M89:M95} -> 13 | BB37: {='MEBU HPS DAILY'!N89:N95} -> 27.5 | BC37: {='MEBU HPS DAILY'!O89:O95} -> 37.6 | BD37: {='MEBU HPS DAILY'!P89:P95} -> 31.2 | BE37: {='MEBU HPS DAILY'!Q89:Q95} -> 19.2 | BF37: {='MEBU HPS DAILY'!R89:R95} -> 19.2 | BG37: {='MEBU HPS DAILY'!S89:S95} -> 14.2 | ... BJ37: {='MEBU HPS DAILY'!V89:V95} -> 6.2 | BL37: H2, wt%
C38: CH4, wt% | D38: 0 | E38: 0 | F38: 0 | G38: 0 | H38: 0 | I38: 0 | J38: 0 | K38: 0 | L38: 0 | M38: 0 | N38: 0 | P38: 0 | Q38: 0 | R38: 0 | S38: 0 | T38: 0 | U38: 0 | V38: 0 | W38: 0 | X38: 0 | Y38: 0 | Z38: 0 | AB38: 0 | AC38: 0 | AD38: 0 | AE38: 0 | AF38: 0 | AG38: 0 | AH38: 0 | AI38: 0 | AJ38: 0 | AK38: 0 | AL38: 0 | AN38: 10.3 | AO38: 14.2 | AP38: 14.3 | AQ38: 13.3 | AR38: 14 | AS38: 13.2 | AT38: 13.2 | AU38: 14.3 | AV38: 14.3 | AW38: 15.3 | AX38: 14.6 | AZ38: 0.3 | BA38: 0.2 | BB38: 1.2 | BC38: 1.6 | BD38: 1.9 | BE38: 1.5 | BF38: 1.5 | BG38: 1.4 | BH38: 1 | BI38: 0.9 | BJ38: 0.8 | BL38: CH4, wt%
C39: C2H6, wt% | D39: 0 | E39: 0 | F39: 0 | G39: 0 | H39: 0 | I39: 0 | J39: 0 | K39: 0 | L39: 0 | M39: 0 | N39: 0 | P39: 0 | Q39: 0 | R39: 0 | S39: 0 | T39: 0 | U39: 0 | V39: 0 | W39: 0 | X39: 0 | Y39: 0 | Z39: 0 | AB39: 0 | AC39: 0 | AD39: 0 | AE39: 0 | AF39: 0 | AG39: 0 | AH39: 0 | AI39: 0 | AJ39: 0 | AK39: 0 | AL39: 0 | AN39: 8.3 | AO39: 11.3 | AP39: 11 | AQ39: 10.5 | AR39: 11.4 | AS39: 10.6 | AT39: 10.6 | AU39: 11.3 | AV39: 11.3 | AW39: 12 | AX39: 11.4 | AZ39: 0 | BA39: 0.1 | BB39: 0.4 | BC39: 0.8 | BD39: 1.1 | BE39: 1.3 | BF39: 1.3 | BG39: 1.6 | BH39: 1.3 | BI39: 1.3 | BJ39: 1.3 | BL39: C2H6, wt%
C40: C3H8, wt% | D40: 0 | E40: 0 | F40: 0 | G40: 0 | H40: 0 | I40: 0 | J40: 0 | K40: 0 | L40: 0 | M40: 0 | N40: 0 | P40: 0 | Q40: 0 | R40: 0 | S40: 0 | T40: 0 | U40: 0 | V40: 0 | W40: 0 | X40: 0 | Y40: 0 | Z40: 0 | AB40: 0 | AC40: 0 | AD40: 0 | AE40: 0 | AF40: 0 | AG40: 0 | AH40: 0 | AI40: 0 | AJ40: 0 | AK40: 0 | AL40: 0 | AN40: 14.3 | AO40: 15.4 | AP40: 14.2 | AQ40: 14.7 | AR40: 15.3 | AS40: 15.8 | AT40: 15.8 | AU40: 15 | AV40: 14 | AW40: 13.6 | AX40: 14.1 | AZ40: 0.8 | BA40: 0.3 | BB40: 2.6 | BC40: 0.8 | BD40: 1.3 | BE40: 2 | BF40: 2 | BG40: 1.7 | BH40: 2.3 | BI40: 2.3 | BJ40: 2.3 | BL40: C3H8, wt%
C41: C4H10, wt% | D41: 0 | E41: 0 | F41: 0 | G41: 0 | H41: 0 | I41: 0 | J41: 0 | K41: 0 | L41: 0 | M41: 0 | N41: 0 | P41: 0 | Q41: 0 | R41: 0 | S41: 0 | T41: 0 | U41: 0 | V41: 0 | W41: 0 | X41: 0 | Y41: 0 | Z41: 0 | AB41: 0 | AC41: 0 | AD41: 0 | AE41: 0 | AF41: 0 | AG41: 0 | AH41: 0 | AI41: 0 | AJ41: 0 | AK41: 0 | AL41: 0 | AN41: 8.8 | AO41: 5.1 | AP41: 4.6 | AQ41: 5.5 | AR41: 4.8 | AS41: 5.7 | AT41: 5.7 | AU41: 5.1 | AV41: 4.9 | AW41: 4.2 | AX41: 4.9 | AZ41: 1.6 | BA41: 0.4 | BB41: 2.3 | BC41: 0.3 | BD41: 0.4 | BE41: 0.8 | BF41: 0.8 | BG41: 0.5 | BH41: 1 | BI41: 1 | BJ41: 1 | BL41: C4H10, wt%
C42: C5H12, wt% | D42: 0 | E42: 0 | F42: 0 | G42: 0 | H42: 0 | I42: 0 | J42: 0 | K42: 0 | L42: 0 | M42: 0 | N42: 0 | P42: 0 | Q42: 0 | R42: 0 | S42: 0 | T42: 0 | U42: 0 | V42: 0 | W42: 0 | X42: 0 | Y42: 0 | Z42: 0 | AB42: 0 | AC42: 0 | AD42: 0 | AE42: 0 | AF42: 0 | AG42: 0 | AH42: 0 | AI42: 0 | AJ42: 0 | AK42: 0 | AL42: 0 | AN42: 10.6 | AO42: 6.9 | AP42: 8 | AQ42: 9.2 | AR42: 6.3 | AS42: 8.9 | AT42: 8.9 | AU42: 8.4 | AV42: 7.2 | AW42: 7.1 | AX42: 8.7 | AZ42: 0 | BA42: 0.4 | BB42: 1.3 | BC42: 0.5 | BD42: 0.7 | BE42: 1.1 | BF42: 1.1 | BG42: 0.3 | BH42: 0.6 | BI42: 1.4 | BJ42: 1.5 | BL42: C5H12, wt%
C43: C6H14 plus, wt% | D43: 0 | E43: 0 | F43: 0 | G43: 0 | H43: 0 | I43: 0 | J43: 0 | K43: 0 | L43: 0 | M43: 0 | N43: 0 | P43: 0 | Q43: 0 | R43: 0 | S43: 0 | T43: 0 | U43: 0 | V43: 0 | W43: 0 | X43: 0 | Y43: 0 | Z43: 0 | AB43: 0 | AC43: 0 | AD43: 0 | AE43: 0 | AF43: 0 | AG43: 0 | AH43: 0 | AI43: 0 | AJ43: 0 | AK43: 0 | AL43: 0 | AN43: 11.3 | AO43: 4.3 | AP43: 4.6 | AQ43: 5 | AR43: 2.3 | AS43: 2.7 | AT43: 2.7 | AU43: 4.6 | AV43: 3.5 | AW43: 3.8 | AX43: 4.2 | AZ43: 0.9 | BA43: 0.8 | BB43: 2.7 | BC43: 0.9 | BD43: 0.5 | BE43: 0.4 | BF43: 0.4 | BG43: 0.3 | BH43: 0.4 | BI43: 0.3 | BJ43: 0.4 | BL43: C6H14 plus, wt%
C45: Flow | D45: VR | P45: HPS | AB45: LTO | AN45: High gas | AZ45: Low gas
C46: Accumulation, g | E46: 2330 | F46: 4321 | G46: 4368 | H46: 4335 | I46: 4321 | J46: 4312 | K46: 1949 | L46: 0 | M46: 0 | Q46: 1593 | R46: 3328 | S46: 3320 | T46: 3330 | U46: 3322 | V46: 3324 | W46: 1544 | X46: 0 | Y46: 0 | AC46: 218 | AD46: 250 | AE46: 519 | AF46: 506 | AG46: 494 | AH46: 512 | AI46: 218 | AO46: 105.09 | AP46: 212.87 | AQ46: 351.93 | AR46: 356.9 | AS46: 356.2 | AT46: 359.3 | AU46: =164.1 -> 164.1 | AV46: 0 | AW46: 0 | AY46: Litre | BA46: 661.22 | BB46: 864.7 | BC46: 67.3 | BD46: =60.1 -> 60.1 | BE46: 56.4 | BF46: 56.2 | BG46: =27.9 -> 27.9 | BH46: 0 | BI46: 0
C47: rate, g/h | D47: =D46/12 -> 0 | E47: =E46/12 -> 194.16667 | F47: =F46/23 -> 187.86957 | G47: =G46/23.5 -> 185.87234 | H47: =H$46/23.5 -> 184.46809 | I47: =I$46/23.5 -> 183.87234 | J47: =J$46/23.5 -> 183.48936 | K47: =K$46/10.5 -> 185.61905 | L47: =L$46/23.5 -> 0 | M47: =M$46/23.5 -> 0 | N47: =N$46/23.5 -> 0 | P47: =P46/12 -> 0 | Q47: =Q46/12 -> 132.75 | R47: =R46/23 -> 144.69565 | S47: =S46/23.5 -> 141.2766 | T47: =T46/23.5 -> 141.70213 | U47: =U46/23.5 -> 141.3617 | V47: =V46/23.5 -> 141.44681 | W47: =W46/10.5 -> 147.04762 | X47: =X46/23.5 -> 0 | Y47: =Y46/23.5 -> 0 | Z47: =Z46/23.5 -> 0 | AB47: =AB46/23 -> 0 | AC47: =AD46/23 -> 10.869565 | AD47: =AE46/23.5 -> 22.085106 | AE47: =AE46/23.5 -> 22.085106 | AF47: =AF46/23.5 -> 21.531915 | AG47: =AG46/23.5 -> 21.021277 | AH47: =AH46/23.5 -> 21.787234 | AI47: =AI46/10.5 -> 20.761905 | AJ47: =AJ46/23.5 -> 0 | AK47: =AK46/23.5 -> 0 | AL47: =AL46/23.5 -> 0 | AN47: =AN46/12 -> 0 | AO47: =AO46/12 -> 8.7575 | AP47: =AP46/23 -> 9.2552174 | AQ47: =AQ46/23.5 -> 14.975745 | AR47: =AR46/23.5 -> 15.187234 | AS47: =AS46/23.5 -> 15.157447 | AT47: =AT46/23.5 -> 15.289362 | AU47: =AU46/10.5 -> 15.628571 | AV47: =AV46/23.5 -> 0 | AW47: =AW46/23.5 -> 0 | AX47: =AX46/23.5 -> 0 | AY47: L/hr | AZ47: =AZ46/12 -> 0 | BA47: =BA46/12 -> 55.101667 | BB47: =BB46/23 -> 37.595652 | BC47: =BC46/23.5 -> 2.8638298 | BD47: =BD46/23.5 -> 2.5574468 | BE47: =BE46/23.5 -> 2.4 | BF47: =BF46/23.5 -> 2.3914894 | BG47: =BG46/10.5 -> 2.6571429 | BH47: =BH46/23.5 -> 0 | BI47: =BI46/23.5 -> 0 | BJ47: =BJ46/23.5 -> 0
C49: IBP-90, g/h | D49: =D7*D$47/100 -> 0 | E49: =E7*E$47/100 -> 0 | F49: =F7*F$47/100 -> 0 | G49: =G7*G$47/100 -> 0 | H49: =H7*H$47/100 -> 0 | I49: =I7*I$47/100 -> 0 | J49: =J7*J$47/100 -> 0 | K49: =K7*K$47/100 -> 0 | ... N49: =N7*N$47/100 -> 0 | P49: =P$47*P7/100 -> 0 | Q49: =Q$47*Q7/100 -> 0.55755 | R49: =R$47*R7/100 -> 0.54984348 | S49: =S$47*S7/100 -> 0.56510638 | T49: =T$47*T7/100 -> 0.094940426 | U49: =U$47*U7/100 -> 0 | V49: =V$47*V7/100 -> 0.57993191 | W49: =W$47*W7/100 -> 0.99992381 | ... Z49: =Z$47*Z7/100 -> 0 | AB49: =AB$47*AB7/100 -> 0 | AC49: =AC$47*AC7/100 -> 0.27173913 | AD49: =AD$47*AD7/100 -> 0.77297872 | AE49: =AE$47*AE7/100 -> 2.6502128 | AF49: =AF$47*AF7/100 -> 2.5838298 | AG49: =AG$47*AG7/100 -> 2.5225532 | AH49: =AH$47*AH7/100 -> 2.7234043 | AI49: =AI$47*AI7/100 -> 2.387619 | ... AL49: =AL$47*AL7/100 -> 0
C50: 90-160, g/h | D50: =D8*D$47/100 -> 0 | E50: =E8*E$47/100 -> 0 | F50: =F8*F$47/100 -> 0 | G50: =G8*G$47/100 -> 0 | H50: =H8*H$47/100 -> 0 | I50: =I8*I$47/100 -> 0 | J50: =J8*J$47/100 -> 0 | K50: =K8*K$47/100 -> 0 | ... N50: =N8*N$47/100 -> 0 | P50: =P$47*P8/100 -> 0 | Q50: =Q$47*Q8/100 -> 2.73465 | R50: =R$47*R8/100 -> 2.763687 | S50: =S$47*S8/100 -> 2.7266383 | T50: =T$47*T8/100 -> 2.4386936 | U50: =U$47*U8/100 -> 0.56544681 | V50: =V$47*V8/100 -> 2.8430809 | W50: =W$47*W8/100 -> 3.1321143 | ... Z50: =Z$47*Z8/100 -> 0 | AB50: =AB$47*AB8/100 -> 0 | AC50: =AC$47*AC8/100 -> 1.9565217 | AD50: =AD$47*AD8/100 -> 4.0857447 | AE50: =AE$47*AE8/100 -> 5.0795745 | AF50: =AF$47*AF8/100 -> 4.9523404 | AG50: =AG$47*AG8/100 -> 4.8348936 | AH50: =AH$47*AH8/100 -> 4.9021277 | AI50: =AI$47*AI8/100 -> 4.6714286 | ... AL50: =AL$47*AL8/100 -> 0 | AZ50: Breakdown Flow rate, Low gas (L/h)
C51: 160-250, g/h | D51: =D9*D$47/100 -> 0 | E51: =E9*E$47/100 -> 0 | F51: =F9*F$47/100 -> 0 | G51: =G9*G$47/100 -> 0 | H51: =H9*H$47/100 -> 0 | I51: =I9*I$47/100 -> 0 | J51: =J9*J$47/100 -> 0 | K51: =K9*K$47/100 -> 0 | ... N51: =N9*N$47/100 -> 0 | P51: =P$47*P9/100 -> 0 | Q51: =Q$47*Q9/100 -> 9.783675 | R51: =R$47*R9/100 -> 10.070817 | S51: =S$47*S9/100 -> 9.7057021 | T51: =T$47*T9/100 -> 10.290409 | U51: =U$47*U9/100 -> 9.1885106 | V51: =V$47*V9/100 -> 9.5193702 | W51: =W$47*W9/100 -> 10.616838 | ... Z51: =Z$47*Z9/100 -> 0 | AB51: =AB$47*AB9/100 -> 0 | AC51: =AC$47*AC9/100 -> 4.6195652 | AD51: =AD$47*AD9/100 -> 9.2757447 | AE51: =AE$47*AE9/100 -> 7.7297872 | AF51: =AF$47*AF9/100 -> 7.6438298 | AG51: =AG$47*AG9/100 -> 7.4625532 | AH51: =AH$47*AH9/100 -> 7.8434043 | AI51: =AI$47*AI9/100 -> 7.4742857 | ... AL51: =AL$47*AL9/100 -> 0 | BL51: H2
C52: 250-360, g/h | D52: =D10*D$47/100 -> 0 | E52: =E10*E$47/100 -> 0 | F52: =F10*F$47/100 -> 0 | G52: =G10*G$47/100 -> 0 | H52: =H10*H$47/100 -> 0 | I52: =I10*I$47/100 -> 0 | J52: =J10*J$47/100 -> 0 | K52: =K10*K$47/100 -> 0 | ... N52: =N10*N$47/100 -> 0 | P52: =P$47*P10/100 -> 0 | Q52: =Q$47*Q10/100 -> 23.6295 | R52: =R$47*R10/100 -> 24.410157 | S52: =S$47*S10/100 -> 23.875745 | T52: =T$47*T10/100 -> 23.365264 | U52: =U$47*U10/100 -> 22.759234 | V52: =V$47*V10/100 -> 22.546621 | W52: =W$47*W10/100 -> 25.645105 | ... Z52: =Z$47*Z10/100 -> 0 | AB52: =AB$47*AB10/100 -> 0 | AC52: =AC$47*AC10/100 -> 3.2608696 | AD52: =AD$47*AD10/100 -> 6.4046809 | AE52: =AE$47*AE10/100 -> 5.3004255 | AF52: =AF$47*AF10/100 -> 5.1676596 | AG52: =AG$47*AG10/100 -> 5.0451064 | AH52: =AH$47*AH10/100 -> 5.12 | AI52: =AI$47*AI10/100 -> 5.0866667 | ... AL52: =AL$47*AL10/100 -> 0 | BA52: =BA$47*BA38/100 -> 0.11020333 | BB52: =BB$47*BB38/100 -> 0.45114783 | BC52: =BC$47*BC38/100 -> 0.045821277 | BD52: =BD$47*BD38/100 -> 0.048591489 | BE52: =BE$47*BE38/100 -> 0.036 | BF52: =BF$47*BF38/100 -> 0.03587234 | BG52: =BG$47*BG38/100 -> 0.0372 | BH52: =BH$47*BH38/100 -> 0 | ... BJ52: =BJ$47*BJ38/100 -> 0 | BL52: CH4, g/h
C53: 360-500, g/h | D53: =D11*D$47/100 -> 0 | E53: =E11*E$47/100 -> 8.09675 | F53: =F11*F$47/100 -> 7.8341609 | G53: =G11*G$47/100 -> 7.7508766 | H53: =H11*H$47/100 -> 7.6923191 | I53: =I11*I$47/100 -> 7.6674766 | J53: =J11*J$47/100 -> 7.6515064 | K53: =K11*K$47/100 -> 7.7403143 | ... N53: =N11*N$47/100 -> 0 | P53: =P$47*P11/100 -> 0 | Q53: =Q$47*Q11/100 -> 40.86045 | R53: =R$47*R11/100 -> 42.960139 | S53: =S$47*S11/100 -> 42.227574 | T53: =T$47*T11/100 -> 41.131877 | U53: =U$47*U11/100 -> 41.277617 | V53: =V$47*V11/100 -> 40.849838 | W53: =W$47*W11/100 -> 44.643657 | ... Z53: =Z$47*Z11/100 -> 0 | AB53: =AB$47*AB11/100 -> 0 | AC53: =AC$47*AC11/100 -> 0.76086957 | AD53: =AD$47*AD11/100 -> 1.5459574 | AE53: =AE$47*AE11/100 -> 1.3251064 | AF53: =AF$47*AF11/100 -> 1.1842553 | AG53: =AG$47*AG11/100 -> 1.1561702 | AH53: =AH$47*AH11/100 -> 1.1982979 | AI53: =AI$47*AI11/100 -> 1.1419048 | ... AL53: =AL$47*AL11/100 -> 0 | BA53: =BA$47*BA39/100 -> 0.055101667 | BB53: =BB$47*BB39/100 -> 0.15038261 | BC53: =BC$46*BC39/100 -> 0.5384 | BD53: =BD$47*BD39/100 -> 0.028131915 | BE53: =BE$47*BE39/100 -> 0.0312 | BF53: =BF$47*BF39/100 -> 0.031089362 | BG53: =BG$47*BG39/100 -> 0.042514286 | BH53: =BH$47*BH39/100 -> 0 | BI53: =BI$47*BI39/100 -> 0 | BJ53: =BJ$47*BJ39/100 -> 0 | BL53: C2H6, g/h
C54: 500-560, g/h | D54: =D12*D$47/100 -> 0 | E54: =E12*E$47/100 -> 19.183667 | F54: =F12*F$47/100 -> 18.561513 | G54: =G12*G$47/100 -> 18.364187 | H54: =H12*H$47/100 -> 18.225447 | I54: =I12*I$47/100 -> 18.166587 | J54: =J12*J$47/100 -> 18.128749 | K54: =K12*K$47/100 -> 18.339162 | ... N54: =N12*N$47/100 -> 0 | P54: =P$47*P12/100 -> 0 | Q54: =Q$47*Q12/100 -> 19.46115 | R54: =R$47*R12/100 -> 20.213983 | S54: =S$47*S12/100 -> 19.806979 | T54: =T$47*T12/100 -> 18.844966 | U54: =U$47*U12/100 -> 19.790638 | V54: =V$47*V12/100 -> 19.434791 | W54: =W$47*W12/100 -> 19.836724 | ... Z54: =Z$47*Z12/100 -> 0 | AB54: =AB$47*AB12/100 -> 0 | AC54: =AC$47*AC12/100 -> 0 | AD54: =AD$47*AD12/100 -> 0 | AE54: =AE$47*AE12/100 -> 0 | AF54: =AF$47*AF12/100 -> 0 | AG54: =AG$47*AG12/100 -> 0 | AH54: =AH$47*AH12/100 -> 0 | AI54: =AI$47*AI12/100 -> 0 | ... AL54: =AL$47*AL12/100 -> 0 | BA54: =BA$47*BA40/100 -> 0.165305 | BB54: =BB$47*BB40/100 -> 0.97748696 | BC54: =BC$46*BC40/100 -> 0.5384 | BD54: =BD$47*BD40/100 -> 0.033246809 | BE54: =BE$47*BE40/100 -> 0.048 | BF54: =BF$47*BF40/100 -> 0.047829787 | BG54: =BG$47*BG40/100 -> 0.045171429 | BH54: =BH$47*BH40/100 -> 0 | BI54: =BI$47*BI40/100 -> 0 | BJ54: =BJ$47*BJ40/100 -> 0 | BL54: C3H8, g/h
C55: 560 plus, g/h | D55: =D13*D$47/100 -> 0 | E55: =E13*E$47/100 -> 166.88625 | F55: =F13*F$47/100 -> 161.47389 | G55: =G13*G$47/100 -> 159.75728 | H55: =H13*H$47/100 -> 158.55032 | I55: =I13*I$47/100 -> 158.03828 | J55: =J13*J$47/100 -> 157.70911 | K55: =K13*K$47/100 -> 159.53957 | ... N55: =N13*N$47/100 -> 0 | P55: =P$47*P13/100 -> 0 | Q55: =Q$47*Q13/100 -> 35.723025 | R55: =R$47*R13/100 -> 43.727026 | S55: =S$47*S13/100 -> 42.368851 | T55: =T$47*T13/100 -> 45.535979 | U55: =U$47*U13/100 -> 47.780255 | V55: =V$47*V13/100 -> 45.673174 | W55: =W$47*W13/100 -> 42.173257 | ... Z55: =Z$47*Z13/100 -> 0 | AB55: =AB$47*AB13/100 -> 0 | AC55: =AC$47*AC13/100 -> 0 | AD55: =AD$47*AD13/100 -> 0 | AE55: =AE$47*AE13/100 -> 0 | AF55: =AF$47*AF13/100 -> 0 | AG55: =AG$47*AG13/100 -> 0 | AH55: =AH$47*AH13/100 -> 0 | AI55: =AI$47*AI13/100 -> 0 | ... AL55: =AL$47*AL13/100 -> 0 | BA55: =BA$47*BA41/100 -> 0.22040667 | BB55: =BB$47*BB41/100 -> 0.8647 | BC55: =BC$46*BC41/100 -> 0.2019 | BD55: =BD$47*BD41/100 -> 0.010229787 | BE55: =BE$47*BE41/100 -> 0.0192 | BF55: =BF$47*BF41/100 -> 0.019131915 | BG55: =BG$47*BG41/100 -> 0.013285714 | BH55: =BH$47*BH41/100 -> 0 | BI55: =BI$47*BI41/100 -> 0 | BJ55: =BJ$47*BJ41/100 -> 0 | BL55: C4H10, g/h
C56: Total g/h | D56: =SUM(D49:D55) -> 0 | E56: =SUM(E49:E55) -> 194.16667 | F56: =SUM(F49:F55) -> 187.86957 | G56: =SUM(G49:G55) -> 185.87234 | H56: =SUM(H49:H55) -> 184.46809 | I56: =SUM(I49:I55) -> 183.87234 | J56: =SUM(J49:J55) -> 183.48936 | K56: =SUM(K49:K55) -> 185.61905 | ... N56: =SUM(N49:N55) -> 0 | P56: =SUM(P49:P55) -> 0 | Q56: =SUM(Q49:Q55) -> 132.75 | R56: =SUM(R49:R55) -> 144.69565 | S56: =SUM(S49:S55) -> 141.2766 | T56: =SUM(T49:T55) -> 141.70213 | U56: =SUM(U49:U55) -> 141.3617 | V56: =SUM(V49:V55) -> 141.44681 | W56: =SUM(W49:W55) -> 147.04762 | ... Z56: =SUM(Z49:Z55) -> 0 | AB56: =SUM(AB49:AB55) -> 0 | AC56: =SUM(AC49:AC55) -> 10.869565 | AD56: =SUM(AD49:AD55) -> 22.085106 | AE56: =SUM(AE49:AE55) -> 22.085106 | AF56: =SUM(AF49:AF55) -> 21.531915 | AG56: =SUM(AG49:AG55) -> 21.021277 | AH56: =SUM(AH49:AH55) -> 21.787234 | AI56: =SUM(AI49:AI55) -> 20.761905 | ... AL56: =SUM(AL49:AL55) -> 0 | BA56: =BA$47*BA42/100 -> 0.22040667 | BB56: =BB$47*BB42/100 -> 0.48874348 | BC56: =BC$46*BC42/100 -> 0.3365 | BD56: =BD$47*BD42/100 -> 0.017902128 | BE56: =BE$47*BE42/100 -> 0.0264 | BF56: =BF$47*BF42/100 -> 0.026306383 | BG56: =BG$47*BG42/100 -> 0.0079714286 | BH56: =BH$47*BH42/100 -> 0 | BI56: =BI$47*BI42/100 -> 0 | BJ56: =BJ$47*BJ42/100 -> 0 | BL56: C5H12, g/h
BA57: =BA$47*BA43/100 -> 0.44081333 | BB57: =BB$47*BB43/100 -> 1.0150826 | BC57: =BC$46*BC43/100 -> 0.6057 | BD57: =BD$47*BD43/100 -> 0.012787234 | BE57: =BE$47*BE43/100 -> 0.0096 | BF57: =BF$47*BF43/100 -> 0.0095659574 | BG57: =BG$47*BG43/100 -> 0.0079714286 | BH57: =BH$47*BH43/100 -> 0 | BI57: =BI$47*BI43/100 -> 0 | BJ57: =BJ$47*BJ43/100 -> 0 | BL57: C6H14 plus, g/h
C58: Ni, g/h | E58: =E$47*E16*(10^-6) -> 0.014251833 | F58: =F$47*F16*(10^-6) -> 0.013789626 | G58: =G$47*G16*(10^-6) -> 0.01364303 | H58: =H$47*H16*(10^-6) -> 0.013539957 | I58: =I$47*I16*(10^-6) -> 0.01349623 | J58: =J$47*J16*(10^-6) -> 0.013468119 | K58: =K$47*K16*(10^-6) -> 0.013624438 | L58: =L$47*L16*(10^-6) -> 0 | ... N58: =N$47*N16*(10^-6) -> 0 | P58: =$P$47*P16*(10^-6) -> 0 | Q58: =Q47*Q16*(10^-6) -> 0.0006411825 | R58: =R47*R16*(10^-6) -> 0.00091302957 | S58: =S47*S16*(10^-6) -> 0.00095220426 | T58: =T47*T16*(10^-6) -> 0.0010882723 | U58: =U47*U16*(10^-6) -> 0.0012044017 | V58: =V47*V16*(10^-6) -> 0.0012956528 | W58: =W47*W16*(10^-6) -> 0.0013160762 | X58: =X47*X16*(10^-6) -> 0 | ... Z58: =Z47*Z16*(10^-6) -> 0 | AB58: =AB47*AB16*(10^-6) -> 0 | AC58: =AC47*AC16*(10^-6) -> 0 | AD58: =AD47*AD16*(10^-6) -> 0 | AE58: =AE47*AE16*(10^-6) -> 0 | AF58: =AF47*AF16*(10^-6) -> 0 | AG58: =AG47*AG16*(10^-6) -> 0 | AH58: =AH47*AH16*(10^-6) -> 0 | AI58: =AI47*AI16*(10^-6) -> 0 | ... AL58: =AL47*AL16*(10^-6) -> 0
C59: V, g/h | E59: =E47*E17*(10^-6) -> 0.046277683 | F59: =F47*F17*(10^-6) -> 0.044776832 | G59: =G47*G17*(10^-6) -> 0.044300814 | H59: =H47*H17*(10^-6) -> 0.043966123 | I59: =I47*I17*(10^-6) -> 0.043824134 | J59: =J47*J17*(10^-6) -> 0.043732854 | K59: =K47*K17*(10^-6) -> 0.044240444 | L59: =L47*L17*(10^-6) -> 0 | ... N59: =N47*N17*(10^-6) -> 0 | P59: =P$47*P17*(10^-6) -> 0 | Q59: =Q$47*Q17*(10^-6) -> 0.0001208025 | R59: =R$47*R17*(10^-6) -> 0.00023296 | S59: =S$47*S17*(10^-6) -> 0.00024864681 | T59: =T$47*T17*(10^-6) -> 0.00030891064 | U59: =U$47*U17*(10^-6) -> 0.00035623149 | V59: =V$47*V17*(10^-6) -> 0.00039746553 | W59: =W$47*W17*(10^-6) -> 0.00037203048 | ... Z59: =Z$47*Z17*(10^-6) -> 0 | AB59: =AB47*AB17*(10^-6) -> 0 | AC59: =AC$47*AC17*(10^-6) -> 0 | AD59: =AD$47*AD17*(10^-6) -> 0 | AE59: =AE$47*AE17*(10^-6) -> 0 | AF59: =AF$47*AF17*(10^-6) -> 0 | AG59: =AG$47*AG17*(10^-6) -> 0 | AH59: =AH$47*AH17*(10^-6) -> 0 | AI59: =AI$47*AI17*(10^-6) -> 0 | AJ59: =AJ$47*AJ17*(10^-6) -> 0 | ... AL59: =AL$47*AL17*(10^-6) -> 0
C60: Fe, g/h | E60: =E47*E18*(10^-6) -> 0.0037668333 | F60: =F47*F18*(10^-6) -> 0.0036446696 | G60: =G47*G18*(10^-6) -> 0.0036059234 | H60: =H47*H18*(10^-6) -> 0.0035786809 | I60: =I47*I18*(10^-6) -> 0.0035671234 | J60: =J47*J18*(10^-6) -> 0.0035596936 | K60: =K47*K18*(10^-6) -> 0.0036010095 | L60: =L47*L18*(10^-6) -> 0 | ... N60: =N47*N18*(10^-6) -> 0 | P60: =P$47*P18*(10^-6) -> 0 | Q60: =Q$47*Q18*(10^-6) -> 0.00093987 | R60: =R$47*R18*(10^-6) -> 0.00031688348 | S60: =S$47*S18*(10^-6) -> 6.2161702e-05 | T60: =T$47*T18*(10^-6) -> 0.00012328085 | U60: =U$47*U18*(10^-6) -> 8.6230638e-05 | V60: =V$47*V18*(10^-6) -> 6.3651064e-05 | W60: =W$47*W18*(10^-6) -> 6.6171429e-05 | ... Z60: =Z$47*Z18*(10^-6) -> 0 | AB60: =AB$47*AB18*(10^-6) -> 0 | AC60: =AC$47*AC18*(10^-6) -> 0 | AD60: =AD$47*AD18*(10^-6) -> 0 | AE60: =AE$47*AE18*(10^-6) -> 0 | AF60: =AF$47*AF18*(10^-6) -> 0 | AG60: =AG$47*AG18*(10^-6) -> 0 | AH60: =AH$47*AH18*(10^-6) -> 0 | AI60: =AI$47*AI18*(10^-6) -> 0 | ... AL60: =AL$47*AL18*(10^-6) -> 0
C61: Total, g/h | E61: =SUM(E58:E60) -> 0.06429635 | F61: =SUM(F58:F60) -> 0.062211128 | G61: =SUM(G58:G60) -> 0.061549767 | H61: =SUM(H58:H60) -> 0.061084762 | I61: =SUM(I58:I60) -> 0.060887487 | J61: =SUM(J58:J60) -> 0.060760667 | K61: =SUM(K58:K60) -> 0.061465891 | L61: =SUM(L58:L60) -> 0 | ... N61: =SUM(N58:N60) -> 0 | P61: =SUM(P58:P60) -> 0 | Q61: =SUM(Q58:Q60) -> 0.001701855 | R61: =SUM(R58:R60) -> 0.001462873 | S61: =SUM(S58:S60) -> 0.0012630128 | T61: =SUM(T58:T60) -> 0.0015204638 | U61: =SUM(U58:U60) -> 0.0016468638 | V61: =SUM(V58:V60) -> 0.0017567694 | W61: =SUM(W58:W60) -> 0.0017542781 | ... Z61: =SUM(Z58:Z60) -> 0 | AB61: =SUM(AB58:AB60) -> 0 | AC61: =SUM(AC58:AC60) -> 0 | AD61: =SUM(AD58:AD60) -> 0 | AE61: =SUM(AE58:AE60) -> 0 | AF61: =SUM(AF58:AF60) -> 0 | AG61: =SUM(AG58:AG60) -> 0 | AH61: =SUM(AH58:AH60) -> 0 | AI61: =SUM(AI58:AI60) -> 0 | ... AL61: =SUM(AL58:AL60) -> 0
C63: S, g/h | E63: =E$47*E21/100 -> 11.622817 | F63: =F$47*F21/100 -> 11.245872 | G63: =G$47*G21/100 -> 11.126318 | H63: =H$47*H21/100 -> 11.04226 | I63: =I$47*I21/100 -> 11.006598 | J63: =J$47*J21/100 -> 10.983673 | K63: =K$47*K21/100 -> 11.111156 | L63: =L$47*L21/100 -> 0 | ... N63: =N$47*N21/100 -> 0 | P63: =P$47*P21/100 -> 0 | Q63: =Q$47*Q21/100 -> 1.2943125 | R63: =R$47*R21/100 -> 1.5771826 | S63: =S$47*S21/100 -> 1.6317447 | T63: =T$47*T21/100 -> 1.7656085 | U63: =U$47*U21/100 -> 1.8461838 | V63: =V$47*V21/100 -> 1.8925583 | W63: =W$47*W21/100 -> 1.8822095 | ... Z63: =Z$47*Z21/100 -> 0 | AB63: =AB$47*AB21/100 -> 0 | AC63: =AC$47*AC21/100 -> 0.01248913 | AD63: =AD$47*AD21/100 -> 0.02495617 | AE63: =AE$47*AE21/100 -> 0.020627489 | AF63: =AF$47*AF21/100 -> 0.05576766 | AG63: =AG$47*AG21/100 -> 0.05270034 | AH63: =AH$47*AH21/100 -> 0.062464 | AI63: =AI$47*AI21/100 -> 0.044700381 | ... AL63: =AL$47*AL21/100 -> 0
C64: N, g/h | E64: =E$47*E20/100 -> 0.64094417 | F64: =F$47*F20/100 -> 0.62015743 | G64: =G$47*G20/100 -> 0.6135646 | H64: =H$47*H20/100 -> 0.60892915 | I64: =I$47*I20/100 -> 0.6069626 | J64: =J$47*J20/100 -> 0.60569838 | K64: =K$47*K20/100 -> 0.61272848 | L64: =L$47*L20/100 -> 0 | ... N64: =N$47*N20/100 -> 0 | P64: =P$47*P20/100 -> 0 | Q64: =Q$47*Q20/100 -> 0.28657805 | R64: =R$47*R20/100 -> 0.32873116 | S64: =S$47*S20/100 -> 0.33430705 | T64: =T$47*T20/100 -> 0.35561849 | U64: =U$47*U20/100 -> 0.36515 | V64: =V$47*V20/100 -> 0.37843952 | W64: =W$47*W20/100 -> 0.40040626 | ... Z64: =Z$47*Z20/100 -> 0 | AB64: =AB$47*AB20/100 -> 0 | AC64: =AC$47*AC20/100 -> 0.0079882609 | AD64: =AD$47*AD20/100 -> 0.017386058 | AE64: =AE$47*AE20/100 -> 0.014463978 | AF64: =AF$47*AF20/100 -> 0.014852069 | AG64: =AG$47*AG20/100 -> 0.014370145 | AH64: =AH$47*AH20/100 -> 0.015373072 | AI64: =AI$47*AI20/100 -> 0.014137196 | ... AL64: =AL$47*AL20/100 -> 0
C65: Total, g/h | E65: =SUM(E63:E64) -> 12.263761 | F65: =SUM(F63:F64) -> 11.86603 | G65: =SUM(G63:G64) -> 11.739883 | H65: =SUM(H63:H64) -> 11.651189 | I65: =SUM(I63:I64) -> 11.613561 | J65: =SUM(J63:J64) -> 11.589372 | K65: =SUM(K63:K64) -> 11.723885 | L65: =SUM(L63:L64) -> 0 | ... N65: =SUM(N63:N64) -> 0 | P65: =SUM(P63:P64) -> 0 | Q65: =SUM(Q63:Q64) -> 1.5808905 | R65: =SUM(R63:R64) -> 1.9059138 | S65: =SUM(S63:S64) -> 1.9660517 | T65: =SUM(T63:T64) -> 2.121227 | U65: =SUM(U63:U64) -> 2.2113338 | V65: =SUM(V63:V64) -> 2.2709978 | W65: =SUM(W63:W64) -> 2.2826158 | ... Z65: =SUM(Z63:Z64) -> 0 | AB65: =SUM(AB63:AB64) -> 0 | AC65: =SUM(AC63:AC64) -> 0.020477391 | AD65: =SUM(AD63:AD64) -> 0.042342229 | AE65: =SUM(AE63:AE64) -> 0.035091467 | AF65: =SUM(AF63:AF64) -> 0.070619729 | AG65: =SUM(AG63:AG64) -> 0.067070485 | AH65: =SUM(AH63:AH64) -> 0.077837072 | AI65: =SUM(AI63:AI64) -> 0.058837577 | ... AL65: =SUM(AL63:AL64) -> 0
C67: C5 Asphaltene, g/h | E67: =E$47*E23/100 -> 40.813833 | F67: =F$47*F23/100 -> 39.490183 | G67: =G$47*G23/100 -> 39.070366 | H67: =H$47*H23/100 -> 38.775191 | I67: =I$47*I23/100 -> 38.649966 | J67: =J$47*J23/100 -> 38.569464 | K67: =K$47*K23/100 -> 39.017124 | L67: =L$47*L23/100 -> 0 | ... N67: =N$47*N23/100 -> 0 | P67: =P$47*P23/100 -> 0 | Q67: =Q$47*Q23/100 -> 6.23925 | R67: =R$47*R23/100 -> 7.6688696 | S67: =S$47*S23/100 -> 7.9114894 | T67: =T$47*T23/100 -> 7.9353191 | U67: =U$47*U23/100 -> 8.6230638 | V67: =V$47*V23/100 -> 9.0525957 | W67: =W$47*W23/100 -> 9.1169524 | ... Z67: =Z$47*Z23/100 -> 0 | AB67: =AB$47*AB23/100 -> 0 | AC67: =AC$47*AC23/100 -> 0 | AD67: =AD$47*AD23/100 -> 0 | AE67: =AE$47*AE23/100 -> 0 | AF67: =AF$47*AF23/100 -> 0 | AG67: =AG$47*AG23/100 -> 0 | AH67: =AH$47*AH23/100 -> 0 | AI67: =AI$47*AI23/100 -> 0 | ... AL67: =AL$47*AL23/100 -> 0
C68: C7 Asphaltene, g/h | E68: =E$47*E24/100 -> 24.969833 | F68: =F$47*F24/100 -> 24.160026 | G68: =G$47*G24/100 -> 23.903183 | H68: =H$47*H24/100 -> 23.722596 | I68: =I$47*I24/100 -> 23.645983 | J68: =J$47*J24/100 -> 23.596732 | K68: =K$47*K24/100 -> 23.87061 | L68: =L$47*L24/100 -> 0 | ... N68: =N$47*N24/100 -> 0 | P68: =P$47*P24/100 -> 0 | Q68: =Q$47*Q24/100 -> 2.124 | R68: =R$47*R24/100 -> 2.1704348 | S68: =S$47*S24/100 -> 2.5429787 | T68: =T$47*T24/100 -> 2.9757447 | U68: =U$47*U24/100 -> 3.2513191 | V68: =V$47*V24/100 -> 3.8190638 | W68: =W$47*W24/100 -> 3.5291429 | ... Z68: =Z$47*Z24/100 -> 0 | AB68: =AB$47*AB24/100 -> 0 | AC68: =AC$47*AC24/100 -> 0 | AD68: =AD$47*AD24/100 -> 0 | AE68: =AE$47*AE24/100 -> 0 | AF68: =AF$47*AF24/100 -> 0 | AG68: =AG$47*AG24/100 -> 0 | AH68: =AH$47*AH24/100 -> 0 | AI68: =AI$47*AI24/100 -> 0 | ... AL68: =AL$47*AL24/100 -> 0
C70: MCRT, g/h | E70: =E$47*E26/100 -> 50.580417 | F70: =F$47*F26/100 -> 48.940022 | G70: =G$47*G26/100 -> 48.419745 | H70: =H$47*H26/100 -> 48.053936 | I70: =I$47*I26/100 -> 47.898745 | J70: =J$47*J26/100 -> 47.798979 | K70: =K$47*K26/100 -> 48.353762 | L70: =L$47*L26/100 -> 0 | ... N70: =N$47*N26/100 -> 0 | P70: =P$47*P26/100 -> 0 | Q70: =Q$47*Q26/100 -> 9.969525 | R70: =R$47*R26/100 -> 11.904762 | S70: =S$47*S26/100 -> 12.437426 | T70: =T$47*T26/100 -> 13.13182 | U70: =U$47*U26/100 -> 13.134128 | V70: =V$47*V26/100 -> 13.045356 | W70: =W$47*W26/100 -> 13.440152 | ... Z70: =Z$47*Z26/100 -> 0 | AB70: =AB$47*AB26/100 -> 0 | AC70: =AC$47*AC26/100 -> 0 | AD70: =AD$47*AD26/100 -> 0 | AE70: =AE$47*AE26/100 -> 0 | AF70: =AF$47*AF26/100 -> 0 | AG70: =AG$47*AG26/100 -> 0 | AH70: =AH$47*AH26/100 -> 0 | AI70: =AI$47*AI26/100 -> 0 | ... AL70: =AL$47*AL26/100 -> 0
C72: CN, g/h | E72: =E$47*E33/100 -> 163.04982 | F72: =F$47*F33/100 -> 157.76189 | G72: =G$47*G33/100 -> 156.08473 | H72: =H$47*H33/100 -> 154.90552 | I72: =I$47*I33/100 -> 154.40525 | J72: =J$47*J33/100 -> 154.08365 | K72: =K$47*K33/100 -> 155.87203 | L72: =L$47*L33/100 -> 0 | ... N72: =N$47*N33/100 -> 0 | P72: =P$47*P33/100 -> 0 | Q72: =Q$47*Q33/100 -> 116.3082 | R72: =R$47*R33/100 -> 126.39226 | S72: =S$47*S33/100 -> 123.24532 | T72: =T$47*T33/100 -> 123.77616 | U72: =U$47*U33/100 -> 123.20898 | V72: =V$47*V33/100 -> 123.29326 | W72: =W$47*W33/100 -> 128.39309 | ... Z72: =Z$47*Z33/100 -> 0 | AB72: =AB$47*AB33/100 -> 0 | AC72: =AC$47*AC33/100 -> 9.4184171 | AD72: =AD$47*AD33/100 -> 19.068952 | AE72: =AE$47*AE33/100 -> 18.988408 | AF72: =AF$47*AF33/100 -> 18.497522 | AG72: =AG$47*AG33/100 -> 18.090432 | AH72: =AH$47*AH33/100 -> 18.710057 | AI72: =AI$47*AI33/100 -> 17.8825 | ... AL72: =AL$47*AL33/100 -> 0
C73: HN, g/h | E73: =E$47*E34/100 -> 18.917725 | F73: =F$47*F34/100 -> 18.304196 | G73: =G$47*G34/100 -> 18.109606 | H73: =H$47*H34/100 -> 17.972789 | I73: =I$47*I34/100 -> 17.914745 | J73: =J$47*J34/100 -> 17.877431 | K73: =K$47*K34/100 -> 18.084927 | L73: =L$47*L34/100 -> 0 | ... N73: =N$47*N34/100 -> 0 | P73: =P$47*P34/100 -> 0 | Q73: =Q$47*Q34/100 -> 14.87172 | R73: =R$47*R34/100 -> 16.410283 | S73: =S$47*S34/100 -> 16.073027 | T73: =T$47*T34/100 -> 15.814431 | U73: =U$47*U34/100 -> 15.95198 | V73: =V$47*V34/100 -> 15.899746 | W73: =W$47*W34/100 -> 16.390297 | ... Z73: =Z$47*Z34/100 -> 0 | AB73: =AB$47*AB34/100 -> 0 | AC73: =AC$47*AC34/100 -> 1.4306869 | AD73: =AD$47*AD34/100 -> 2.9737932 | AE73: =AE$47*AE34/100 -> 3.0608248 | AF73: =AF$47*AF34/100 -> 2.9627498 | AG73: =AG$47*AG34/100 -> 2.8632949 | AH73: =AH$47*AH34/100 -> 2.9981229 | AI73: =AI$47*AI34/100 -> 2.8195509 | ... AL73: =AL$47*AL34/100 -> 0 | BB73: Reference Temp | BD73: =273.15+32 -> 305.15 | BE73: K
AR74: Breakdown Flow Rate, High Gas (g/h) | AZ74: Breakdown Flow Rate, Low gas (g/h)
C75: CH4, g/h | D75: C1 | E75: 12 | F75: H4 | G75: 4 | H75: CH4 | I75: =E75+G75 -> 16 | AL75: H2, g/h | AN75: =AN$37*AN$47/100 -> 0 | AO75: =AO$37*AO$47/100 -> 3.53803 | AP75: =AP$37*AP$47/100 -> 3.9519778 | AQ75: =AQ$37*AQ$47/100 -> 6.1400553 | AR75: =AR$37*AR$47/100 -> 6.8190681 | AS75: =AS$37*AS$47/100 -> 6.4570723 | AT75: =AT$37*AT$47/100 -> 6.5132681 | AU75: =AU$37*AU$47/100 -> 6.4077143 | ... AX75: =AX$37*AX$47/100 -> 0 | BL75: H2,g/h
C76: C2H6, g/h | D76: C2 | E76: 24 | F76: H6 | G76: 6 | H76: C2H6 | I76: =E76+G76 -> 30 | AL76: C1 carbon, g/h | AN76: =AN$47*AN38/100 -> 0 | AO76: =AO$47*AO38/100 -> 1.243565 | AP76: =AP$47*AP38/100 -> 1.3234961 | AQ76: =AQ$47*AQ38/100 -> 1.991774 | AR76: =AR$47*AR38/100 -> 2.1262128 | AS76: =AS$47*AS38/100 -> 2.000783 | AT76: =AT$47*AT38/100 -> 2.0181957 | AU76: =AU$47*AU38/100 -> 2.2348857 | ... AX76: =AX$47*AX38/100 -> 0 | AZ76: =AZ$52*$I$75/(0.082*$BD$73) -> 0 | BA76: =BA$52*$I$75/(0.082*$BD$73) -> 0.070467277 | BB76: =BB$52*$I$75/(0.082*$BD$73) -> 0.28847729 | BC76: =BC$52*$I$75/(0.082*$BD$73) -> 0.029299482 | BD76: =BD$52*$I$75/(0.082*$BD$73) -> 0.031070838 | BE76: =BE$52*$I$75/(0.082*$BD$73) -> 0.023019467 | BF76: =BF$52*$I$75/(0.082*$BD$73) -> 0.022937837 | BG76: =BG$52*$I$75/(0.082*$BD$73) -> 0.023786782 | ... BJ76: =BJ$52*$I$75/(0.082*$BD$73) -> 0 | BL76: CH4, g/h
C77: C3H8, g/h | D77: C3 | E77: 36 | F77: H8 | G77: 8 | H77: C3H8 | I77: =E77+G77 -> 44 | AL77: C2 carbon, g/h | AN77: =AN$47*AN39/100 -> 0 | AO77: =AO$47*AO39/100 -> 0.9895975 | AP77: =AP$47*AP39/100 -> 1.0180739 | AQ77: =AQ$47*AQ39/100 -> 1.5724532 | AR77: =AR$47*AR39/100 -> 1.7313447 | AS77: =AS$47*AS39/100 -> 1.6066894 | AT77: =AT$47*AT39/100 -> 1.6206723 | AU77: =AU$47*AU39/100 -> 1.7660286 | ... AX77: =AX$47*AX39/100 -> 0 | AZ77: =AZ$53*$I$76/(0.082*$BD$73) -> 0 | BA77: =BA$53*$I$76/(0.082*$BD$73) -> 0.066063072 | BB77: =BB$53*$I$76/(0.082*$BD$73) -> 0.1802983 | BC77: =BC$53*$I$76/(0.082*$BD$73) -> 0.64550421 | BD77: =BD$53*$I$76/(0.082*$BD$73) -> 0.033728212 | BE77: =BE$53*$I$76/(0.082*$BD$73) -> 0.037406633 | BF77: =BF$53*$I$76/(0.082*$BD$73) -> 0.037273986 | BG77: =BG$53*$I$76/(0.082*$BD$73) -> 0.050971676 | ... BJ77: =BJ$53*$I$76/(0.082*$BD$73) -> 0 | BL77: C2H6, g/h
C78: C4H10, g/h | D78: C4 | E78: 48 | F78: H10 | G78: 10 | H78: C4H10 | I78: =E78+G78 -> 58 | AL78: C3 carbon, g/h | AN78: =AN$47*AN40/100 -> 0 | AO78: =AO$47*AO40/100 -> 1.348655 | AP78: =AP$47*AP40/100 -> 1.3142409 | AQ78: =AQ$47*AQ40/100 -> 2.2014345 | AR78: =AR$47*AR40/100 -> 2.3236468 | AS78: =AS$47*AS40/100 -> 2.3948766 | AT78: =AT$47*AT40/100 -> 2.4157191 | AU78: =AU$47*AU40/100 -> 2.3442857 | ... AX78: =AX$47*AX40/100 -> 0 | AZ78: =AZ$54*$I$77/(0.082*$BD$73) -> 0 | BA78: =BA$54*$I$77/(0.082*$BD$73) -> 0.29067752 | BB78: =BB$54*$I$77/(0.082*$BD$73) -> 1.7188438 | BC78: =BC$54*$I$77/(0.082*$BD$73) -> 0.94673951 | BD78: =BD$54*$I$77/(0.082*$BD$73) -> 0.058462235 | BE78: =BE$54*$I$77/(0.082*$BD$73) -> 0.084404711 | BF78: =BF$54*$I$77/(0.082*$BD$73) -> 0.084105404 | BG78: =BG$54*$I$77/(0.082*$BD$73) -> 0.079430862 | ... BJ78: =BJ$54*$I$77/(0.082*$BD$73) -> 0 | BL78: C3H8, g/h
C79: C5H12, g/h | D79: C5 | E79: 60 | F79: H12 | G79: 12 | H79: C5H12 | I79: =E79+G79 -> 72 | AL79: C4 carbon, g/h | AN79: =AN$47*AN41/100 -> 0 | AO79: =AO$47*AO41/100 -> 0.4466325 | AP79: =AP$47*AP41/100 -> 0.42574 | AQ79: =AQ$47*AQ41/100 -> 0.82366596 | AR79: =AR$47*AR41/100 -> 0.72898723 | AS79: =AS$47*AS41/100 -> 0.86397447 | AT79: =AT$47*AT41/100 -> 0.87149362 | AU79: =AU$47*AU41/100 -> 0.79705714 | ... AX79: =AX$47*AX41/100 -> 0 | AZ79: =AZ$55*$I$78/(0.082*$BD$73) -> 0 | BA79: =BA$55*$I$78/(0.082*$BD$73) -> 0.51088775 | BB79: =BB$55*$I$78/(0.082*$BD$73) -> 2.0043161 | BC79: =BC$55*$I$78/(0.082*$BD$73) -> 0.46799055 | BD79: =BD$55*$I$78/(0.082*$BD$73) -> 0.023711955 | BE79: =BE$55*$I$78/(0.082*$BD$73) -> 0.044504302 | BF79: =BF$55*$I$78/(0.082*$BD$73) -> 0.044346485 | BG79: =BG$55*$I$78/(0.082*$BD$73) -> 0.030795388 | ... BJ79: =BJ$55*$I$78/(0.082*$BD$73) -> 0 | BL79: C4H10, g/h
C80: C6H14 plus, g/h | D80: C6 | E80: 72 | F80: H14 | G80: 14 | H80: C6H16 | I80: =E80+G80 -> 86 | AL80: C5 carbon, g/h | AN80: =AN$47*AN42/100 -> 0 | AO80: =AO$47*AO42/100 -> 0.6042675 | AP80: =AP$47*AP42/100 -> 0.74041739 | AQ80: =AQ$47*AQ42/100 -> 1.3777685 | AR80: =AR$47*AR42/100 -> 0.95679574 | AS80: =AS$47*AS42/100 -> 1.3490128 | AT80: =AT$47*AT42/100 -> 1.3607532 | AU80: =AU$47*AU42/100 -> 1.3128 | ... AX80: =AX$47*AX42/100 -> 0 | AZ80: =AZ$56*$I$79/(0.082*$BD$73) -> 0 | BA80: =BA$56*$I$79/(0.082*$BD$73) -> 0.63420549 | BB80: =BB$56*$I$79/(0.082*$BD$73) -> 1.4063268 | BC80: =BC$56*$I$79/(0.082*$BD$73) -> 0.96825632 | BD80: =BD$56*$I$79/(0.082*$BD$73) -> 0.051512179 | BE80: =BE$56*$I$79/(0.082*$BD$73) -> 0.07596424 | BF80: =BF$56*$I$79/(0.082*$BD$73) -> 0.075694863 | BG80: =BG$56*$I$79/(0.082*$BD$73) -> 0.022937254 | ... BJ80: =BJ$56*$I$79/(0.082*$BD$73) -> 0 | BL80: C5H12, g/h
C81: H2S, g/h | D81: S | E81: 32 | F81: H2 | G81: 2 | H81: H2S | I81: =E81+G81 -> 34 | AL81: C6 carbon plus, g/h | AN81: =AN$47*AN43/100 -> 0 | AO81: =AO$47*AO43/100 -> 0.3765725 | AP81: =AP$47*AP43/100 -> 0.42574 | AQ81: =AQ$47*AQ43/100 -> 0.74878723 | AR81: =AR$47*AR43/100 -> 0.34930638 | AS81: =AS$47*AS43/100 -> 0.40925106 | AT81: =AT$47*AT43/100 -> 0.41281277 | AU81: =AU$47*AU43/100 -> 0.71891429 | ... AX81: =AX$47*AX43/100 -> 0 | AZ81: =AZ$57*$I$80/(0.082*$BD$73) -> 0 | BA81: =BA$57*$I$80/(0.082*$BD$73) -> 1.5150464 | BB81: =BB$57*$I$80/(0.082*$BD$73) -> 3.4887722 | BC81: =BC$57*$I$80/(0.082*$BD$73) -> 2.0817511 | BD81: =BD$57*$I$80/(0.082*$BD$73) -> 0.043948883 | BE81: =BE$57*$I$80/(0.082*$BD$73) -> 0.032994569 | BF81: =BF$57*$I$80/(0.082*$BD$73) -> 0.032877567 | BG81: =BG$57*$I$80/(0.082*$BD$73) -> 0.027397276 | ... BJ81: =BJ$57*$I$80/(0.082*$BD$73) -> 0 | BL81: C6H14 plus, g/h
C82: NH3, g/h | D82: N | E82: 14 | F82: H3 | G82: 3 | H82: NH3 | I82: =E82+G82 -> 17
AR83: Carbon Flow, High Gas (g/h) | BD83: Carbon Flow, Low Gas (g/h)
AL84: H2, g/h | BL84: H2,g/h
AL85: C1 carbon, g/h | AN85: =($E$75/$I$75)*AN76 -> 0 | AO85: =($E$75/$I$75)*AO76 -> 0.93267375 | AP85: =($E$75/$I$75)*AP76 -> 0.99262207 | AQ85: =($E$75/$I$75)*AQ76 -> 1.4938305 | AR85: =($E$75/$I$75)*AR76 -> 1.5946596 | AS85: =($E$75/$I$75)*AS76 -> 1.5005872 | AT85: =($E$75/$I$75)*AT76 -> 1.5136468 | AU85: =($E$75/$I$75)*AU76 -> 1.6761643 | ... AX85: =($E$75/$I$75)*AX76 -> 0 | AZ85: =$E$75/$I$75*AZ$76 -> 0 | BA85: =$E$75/$I$75*BA$76 -> 0.052850457 | BB85: =$E$75/$I$75*BB$76 -> 0.21635797 | BC85: =$E$75/$I$75*BC$76 -> 0.021974611 | BD85: =$E$75/$I$75*BD$76 -> 0.023303129 | BE85: =$E$75/$I$75*BE$76 -> 0.0172646 | BF85: =$E$75/$I$75*BF$76 -> 0.017203378 | BG85: =$E$75/$I$75*BG$76 -> 0.017840087 | ... BJ85: =$E$75/$I$75*BJ$76 -> 0 | BL85: C1 carbon, g/h
AL86: C2 carbon, g/h | AN86: =($E$76/$I$76)*AN77 -> 0 | AO86: =($E$76/$I$76)*AO77 -> 0.791678 | AP86: =($E$76/$I$76)*AP77 -> 0.81445913 | AQ86: =($E$76/$I$76)*AQ77 -> 1.2579626 | AR86: =($E$76/$I$76)*AR77 -> 1.3850757 | AS86: =($E$76/$I$76)*AS77 -> 1.2853515 | AT86: =($E$76/$I$76)*AT77 -> 1.2965379 | AU86: =($E$76/$I$76)*AU77 -> 1.4128229 | ... AX86: =($E$76/$I$76)*AX77 -> 0 | AZ86: =$G$76/$I$76*AZ$77 -> 0 | BA86: =$G$76/$I$76*BA$77 -> 0.013212614 | BB86: =$G$76/$I$76*BB$77 -> 0.036059661 | BC86: =$G$76/$I$76*BC$77 -> 0.12910084 | BD86: =$G$76/$I$76*BD$77 -> 0.0067456425 | BE86: =$G$76/$I$76*BE$77 -> 0.0074813267 | BF86: =$G$76/$I$76*BF$77 -> 0.0074547971 | BG86: =$G$76/$I$76*BG$77 -> 0.010194335 | ... BJ86: =$G$76/$I$76*BJ$77 -> 0 | BL86: C2 carbon, g/h
AL87: C3 carbon, g/h | AN87: =($E$77/$I$77)*AN78 -> 0 | AO87: =($E$77/$I$77)*AO78 -> 1.103445 | AP87: =($E$77/$I$77)*AP78 -> 1.075288 | AQ87: =($E$77/$I$77)*AQ78 -> 1.8011737 | AR87: =($E$77/$I$77)*AR78 -> 1.9011656 | AS87: =($E$77/$I$77)*AS78 -> 1.9594445 | AT87: =($E$77/$I$77)*AT78 -> 1.9764975 | AU87: =($E$77/$I$77)*AU78 -> 1.9180519 | ... AX87: =($E$77/$I$77)*AX78 -> 0 | AZ87: =$E$77/$I$77*AZ$78 -> 0 | BA87: =$E$77/$I$77*BA$78 -> 0.23782706 | BB87: =$E$77/$I$77*BB$78 -> 1.4063268 | BC87: =$E$77/$I$77*BC$78 -> 0.77460505 | BD87: =$E$77/$I$77*BD$78 -> 0.047832737 | BE87: =$E$77/$I$77*BE$78 -> 0.0690584 | BF87: =$E$77/$I$77*BF$78 -> 0.068813512 | BG87: =$E$77/$I$77*BG$78 -> 0.064988887 | ... BJ87: =$E$77/$I$77*BJ$78 -> 0 | BL87: C3 carbon, g/h
AL88: C4 carbon, g/h | AN88: =($E$78/$I$78)*AN79 -> 0 | AO88: =($E$78/$I$78)*AO79 -> 0.3696269 | AP88: =($E$78/$I$78)*AP79 -> 0.35233655 | AQ88: =($E$78/$I$78)*AQ79 -> 0.68165459 | AR88: =($E$78/$I$78)*AR79 -> 0.60329978 | AS88: =($E$78/$I$78)*AS79 -> 0.71501335 | AT88: =($E$78/$I$78)*AT79 -> 0.7212361 | AU88: =($E$78/$I$78)*AU79 -> 0.6596335 | ... AX88: =($E$78/$I$78)*AX79 -> 0 | AZ88: =$E$78/$I$78*AZ$79 -> 0 | BA88: =$E$78/$I$78*BA$79 -> 0.42280366 | BB88: =$E$78/$I$78*BB$79 -> 1.6587444 | BC88: =$E$78/$I$78*BC$79 -> 0.38730253 | BD88: =$E$78/$I$78*BD$79 -> 0.019623687 | BE88: =$E$78/$I$78*BE$79 -> 0.036831147 | BF88: =$E$78/$I$78*BF$79 -> 0.03670054 | BG88: =$E$78/$I$78*BG$79 -> 0.025485838 | ... BJ88: =$E$78/$I$78*BJ$79 -> 0 | BL88: C4 carbon, g/h
AL89: C5 carbon, g/h | AN89: =($E$79/$I$79)*AN80 -> 0 | AO89: =($E$79/$I$79)*AO80 -> 0.50355625 | AP89: =($E$79/$I$79)*AP80 -> 0.61701449 | AQ89: =($E$79/$I$79)*AQ80 -> 1.1481404 | AR89: =($E$79/$I$79)*AR80 -> 0.79732979 | AS89: =($E$79/$I$79)*AS80 -> 1.1241773 | AT89: =($E$79/$I$79)*AT80 -> 1.133961 | AU89: =($E$79/$I$79)*AU80 -> 1.094 | ... AX89: =($E$79/$I$79)*AX80 -> 0 | AZ89: =$E$79/$I$79*AZ$80 -> 0 | BA89: =$E$79/$I$79*BA$80 -> 0.52850457 | BB89: =$E$79/$I$79*BB$80 -> 1.171939 | BC89: =$E$79/$I$79*BC$80 -> 0.80688026 | BD89: =$E$79/$I$79*BD$80 -> 0.042926816 | BE89: =$E$79/$I$79*BE$80 -> 0.063303533 | BF89: =$E$79/$I$79*BF$80 -> 0.063079053 | BG89: =$E$79/$I$79*BG$80 -> 0.019114379 | ... BJ89: =$E$79/$I$79*BJ$80 -> 0 | BL89: C5 carbon, g/h
H90: H element VR | T90: H element HPS, g/h | AF90: H element LTO, g/h | AL90: C6 carbon plus, g/h | AN90: =($E$80/$I$80)*AN81 -> 0 | AO90: =($E$80/$I$80)*AO81 -> 0.31527 | AP90: =($E$80/$I$80)*AP81 -> 0.35643349 | AQ90: =($E$80/$I$80)*AQ81 -> 0.62689164 | AR90: =($E$80/$I$80)*AR81 -> 0.29244255 | AS90: =($E$80/$I$80)*AS81 -> 0.3426288 | AT90: =($E$80/$I$80)*AT81 -> 0.34561069 | AU90: =($E$80/$I$80)*AU81 -> 0.60188173 | ... AX90: =($E$80/$I$80)*AX81 -> 0 | AZ90: =$E$80/$I$80*AZ$81 -> 0 | BA90: =$E$80/$I$80*BA$81 -> 1.268411 | BB90: =$E$80/$I$80*BB$81 -> 2.9208325 | BC90: =$E$80/$I$80*BC$81 -> 1.7428614 | BD90: =$E$80/$I$80*BD$81 -> 0.036794413 | BE90: =$E$80/$I$80*BE$81 -> 0.02762336 | BF90: =$E$80/$I$80*BF$81 -> 0.027525405 | BG90: =$E$80/$I$80*BG$81 -> 0.022937254 | ... BJ90: =$E$80/$I$80*BJ$81 -> 0 | BL90: C6 carbon plus, g/h
C91: H element, g/h | E91: =E$47*E$34/100 -> 18.917725 | F91: =F$47*F$34/100 -> 18.304196 | G91: =G$47*G$34/100 -> 18.109606 | H91: =H$47*H$34/100 -> 17.972789 | I91: =I$47*I$34/100 -> 17.914745 | J91: =J$47*J$34/100 -> 17.877431 | K91: =K$47*K$34/100 -> 18.084927 | L91: =L$47*L$34/100 -> 0 | ... N91: =N$47*N$34/100 -> 0 | P91: =P73 -> 0 | Q91: =Q73 -> 14.87172 | R91: =R73 -> 16.410283 | S91: =S73 -> 16.073027 | T91: =T73 -> 15.814431 | U91: =U73 -> 15.95198 | V91: =V73 -> 15.899746 | W91: =W73 -> 16.390297 | ... Z91: =Z73 -> 0 | AB91: =AB73 -> 0 | AC91: =AC73 -> 1.4306869 | AD91: =AD73 -> 2.9737932 | AE91: =AE73 -> 3.0608248 | AF91: =AF73 -> 2.9627498 | AG91: =AG73 -> 2.8632949 | AH91: =AH73 -> 2.9981229 | AI91: =AI73 -> 2.8195509 | ... AL91: =AL73 -> 0 | AR91: H element flow rate, High Gas (g/h) | BD91: H element flow rate, Low Gas (g/h)
AL92: C1 carbon, g/h | AN92: =AN$76-AN$85 -> 0 | AO92: =AO$76-AO$85 -> 0.31089125 | AP92: =AP$76-AP$85 -> 0.33087402 | AQ92: =AQ$76-AQ$85 -> 0.49794351 | AR92: =AR$76-AR$85 -> 0.53155319 | AS92: =AS$76-AS$85 -> 0.50019574 | AT92: =AT$76-AT$85 -> 0.50454894 | AU92: =AU$76-AU$85 -> 0.55872143 | ... AX92: =AX$76-AX$85 -> 0 | AZ92: =AZ76-AZ85 -> 0 | BA92: =BA76-BA85 -> 0.017616819 | BB92: =BB76-BB85 -> 0.072119322 | BC92: =BC76-BC85 -> 0.0073248705 | BD92: =BD76-BD85 -> 0.0077677095 | BE92: =BE76-BE85 -> 0.0057548667 | BF92: =BF76-BF85 -> 0.0057344593 | BG92: =BG76-BG85 -> 0.0059466955 | ... BJ92: =BJ76-BJ85 -> 0 | BL92: C1 carbon, g/h
C93: CrkConversion | AL93: C2 carbon, g/h | AN93: =AN$77-AN$86 -> 0 | AO93: =AO$77-AO$86 -> 0.1979195 | AP93: =AP$77-AP$86 -> 0.20361478 | AQ93: =AQ$77-AQ$86 -> 0.31449064 | AR93: =AR$77-AR$86 -> 0.34626894 | AS93: =AS$77-AS$86 -> 0.32133787 | AT93: =AT$77-AT$86 -> 0.32413447 | AU93: =AU$77-AU$86 -> 0.35320571 | ... AX93: =AX$77-AX$86 -> 0 | AZ93: =AZ77-AZ86 -> 0 | BA93: =BA77-BA86 -> 0.052850457 | BB93: =BB77-BB86 -> 0.14423864 | BC93: =BC77-BC86 -> 0.51640337 | BD93: =BD77-BD86 -> 0.02698257 | BE93: =BE77-BE86 -> 0.029925307 | BF93: =BF77-BF86 -> 0.029819189 | BG93: =BG77-BG86 -> 0.040777341 | ... BJ93: =BJ77-BJ86 -> 0 | BL93: C2 carbon, g/h
C94: CrkConv, wt% | E94: =((E$55-Q$55)/E$55)*100 -> 78.594387 | F94: =((F$55-R$55)/F$55)*100 -> 72.920064 | G94: =((G$55-S$55)/G$55)*100 -> 73.479236 | H94: =((H$55-T$55)/H$55)*100 -> 71.279794 | I94: =((I$55-U$55)/I$55)*100 -> 69.766656 | J94: =((J$55-V$55)/J$55)*100 -> 71.039609 | K94: =((K$55-W$55)/K$55)*100 -> 73.565645 | L94: =((L$55-X$55)/L$55)*100 -> #DIV/0! | ... N94: =((N$55-Z$55)/N$55)*100 -> #DIV/0! | AL94: C3 carbon, g/h | AN94: =AN$78-AN$87 -> 0 | AO94: =AO$78-AO$87 -> 0.24521 | AP94: =AP$78-AP$87 -> 0.23895289 | AQ94: =AQ$78-AQ$87 -> 0.40026081 | AR94: =AR$78-AR$87 -> 0.42248124 | AS94: =AS$78-AS$87 -> 0.43543211 | AT94: =AT$78-AT$87 -> 0.43922166 | AU94: =AU$78-AU$87 -> 0.42623377 | ... AX94: =AX$78-AX$87 -> 0 | AZ94: =AZ78-AZ87 -> 0 | BA94: =BA78-BA87 -> 0.052850457 | BB94: =BB78-BB87 -> 0.31251706 | BC94: =BC78-BC87 -> 0.17213446 | BD94: =BD78-BD87 -> 0.010629497 | BE94: =BE78-BE87 -> 0.015346311 | BF94: =BF78-BF87 -> 0.015291892 | BG94: =BG78-BG87 -> 0.014441975 | ... BJ94: =BJ78-BJ87 -> 0 | BL94: C3 carbon, g/h
C95: CrkConv/Corrected, wt% | E95: =E94 -> 78.594387 | F95: =F$94/F$126 -> 73.236786 | G95: =G$94/G$126 -> 74.908748 | H95: =H$94/H$126 -> 74.092551 | I95: =I$94/I126 -> 72.566318 | J95: =J$94/J$126 -> 73.359197 | K95: =K$94/K$126 -> 74.557368 | L95: =L$94/L$126 -> #DIV/0! | M95: =M$94/M$126 -> #DIV/0! | N95: =N$94/N$126 -> #DIV/0! | AL95: C4 carbon, g/h | AN95: =AN$79-AN$88 -> 0 | AO95: =AO$79-AO$88 -> 0.077005603 | AP95: =AP$79-AP$88 -> 0.073403448 | AQ95: =AQ$79-AQ$88 -> 0.14201137 | AR95: =AR$79-AR$88 -> 0.12568745 | AS95: =AS$79-AS$88 -> 0.14896112 | AT95: =AT$79-AT$88 -> 0.15025752 | AU95: =AU$79-AU$88 -> 0.13742365 | ... AX95: =AX$79-AX$88 -> 0 | AZ95: =AZ79-AZ88 -> 0 | BA95: =BA79-BA88 -> 0.088084096 | BB95: =BB79-BB88 -> 0.34557175 | BC95: =BC79-BC88 -> 0.080688026 | BD95: =BD79-BD88 -> 0.0040882682 | BE95: =BE79-BE88 -> 0.0076731555 | BF95: =BF79-BF88 -> 0.0076459458 | BG95: =BG79-BG88 -> 0.0053095496 | ... BJ95: =BJ79-BJ88 -> 0 | BL95: C4 carbon, g/h
C96: ART Reference | E96: 77.2 | F96: 76.8 | G96: 75.5 | H96: 73.8 | I96: 73.4 | J96: 74.4 | AL96: C5 carbon, g/h | AN96: =AN$80-AN$89 -> 0 | AO96: =AO$80-AO$89 -> 0.10071125 | AP96: =AP$80-AP$89 -> 0.1234029 | AQ96: =AQ$80-AQ$89 -> 0.22962809 | AR96: =AR$80-AR$89 -> 0.15946596 | AS96: =AS$80-AS$89 -> 0.22483546 | AT96: =AT$80-AT$89 -> 0.2267922 | AU96: =AU$80-AU$89 -> 0.2188 | ... AX96: =AX$80-AX$89 -> 0 | AZ96: =AZ80-AZ89 -> 0 | BA96: =BA80-BA89 -> 0.10570091 | BB96: =BB80-BB89 -> 0.2343878 | BC96: =BC80-BC89 -> 0.16137605 | BD96: =BD80-BD89 -> 0.0085853631 | BE96: =BE80-BE89 -> 0.012660707 | BF96: =BF80-BF89 -> 0.012615811 | BG96: =BG80-BG89 -> 0.0038228757 | ... BJ96: =BJ80-BJ89 -> 0 | BL96: C5 carbon, g/h
AL97: C6 carbon plus, g/h | AN97: =AN$81-AN$90 -> 0 | AO97: =AO$81-AO$90 -> 0.0613025 | AP97: =AP$81-AP$90 -> 0.069306512 | AQ97: =AQ$81-AQ$90 -> 0.1218956 | AR97: =AR$81-AR$90 -> 0.05686383 | AS97: =AS$81-AS$90 -> 0.066622266 | AT97: =AT$81-AT$90 -> 0.067202078 | AU97: =AU$81-AU$90 -> 0.11703256 | ... AX97: =AX$81-AX$90 -> 0 | AZ97: =AZ81-AZ90 -> 0 | BA97: =BA81-BA90 -> 0.24663547 | BB97: =BB81-BB90 -> 0.56793966 | BC97: =BC81-BC90 -> 0.33888971 | BD97: =BD81-BD90 -> 0.0071544693 | BE97: =BE81-BE90 -> 0.0053712089 | BF97: =BF81-BF90 -> 0.005352162 | BG97: =BG81-BG90 -> 0.0044600217 | ... BJ97: =BJ81-BJ90 -> 0 | BL97: C6 carbon plus, g/h
C98: Catalytic Conversion
C99: Niconv, wt% | E99: =((E$58-Q$58)/E$58)*100 -> 95.501052 | F99: =((F$58-R$58)/F$58)*100 -> 93.378866 | G99: =((G$58-S$58)/G$58)*100 -> 93.020581 | H99: =((H$58-T$58)/H$58)*100 -> 91.962513 | I99: =((I$58-U$58)/I$58)*100 -> 91.076014 | J99: =((J$58-V$58)/J$58)*100 -> 90.379854 | K99: =((K$58-W$58)/K$58)*100 -> 90.340327 | L99: =((L$58-X$58)/L$58)*100 -> #DIV/0! | ... N99: =((N$58-Z$58)/N$58)*100 -> #DIV/0!
C100: Vconv, wt% | E100: =((E$59-Q$59)/E$59)*100 -> 99.738962 | F100: =((F$59-R$59)/F$59)*100 -> 99.479731 | G100: =((G$59-S$59)/G$59)*100 -> 99.438731 | H100: =((H$59-T$59)/H$59)*100 -> 99.297389 | I100: =((I$59-U$59)/I$59)*100 -> 99.187134 | J100: =((J$59-V$59)/J$59)*100 -> 99.091151 | K100: =((K$59-W$59)/K$59)*100 -> 99.159072 | L100: =((L$59-X$59)/L$59)*100 -> #DIV/0! | ... N100: =((N$59-Z$59)/N$59)*100 -> #DIV/0! | AR100: H element of hydrocarbon in High Gas (g/h) | BD100: H element of hydrocarbon in Low Gas
C101: Ni converted, g/h | E101: =E$99*E$58/100 -> 0.013610651 | F101: =F$99*F$58/100 -> 0.012876597 | G101: =G$99*G$58/100 -> 0.012690826 | H101: =H$99*H$58/100 -> 0.012451685 | I101: =I$99*I$58/100 -> 0.012291828 | J101: =J$99*J$58/100 -> 0.012172466 | K101: =K$99*K$58/100 -> 0.012308362 | L101: =L$99*L$58/100 -> #DIV/0! | ... N101: =N$99*N$58/100 -> #DIV/0! | AN101: =SUM(AN92:AN97) -> 0 | AO101: =SUM(AO92:AO97) -> 0.9930401 | AP101: =SUM(AP92:AP97) -> 1.0395545 | AQ101: =SUM(AQ92:AQ97) -> 1.70623 | AR101: =SUM(AR92:AR97) -> 1.6423206 | AS101: =SUM(AS92:AS97) -> 1.6973846 | AT101: =SUM(AT92:AT97) -> 1.7121569 | AU101: =SUM(AU92:AU97) -> 1.8114171 | ... AX101: =SUM(AX92:AX97) -> 0 | AZ101: =SUM(AZ92:AZ97) -> 0 | BA101: =SUM(BA92:BA97) -> 0.56373821 | BB101: =SUM(BB92:BB97) -> 1.6767742 | BC101: =SUM(BC92:BC97) -> 1.2768165 | BD101: =SUM(BD92:BD97) -> 0.065207877 | BE101: =SUM(BE92:BE97) -> 0.076731555 | BF101: =SUM(BF92:BF97) -> 0.076459458 | BG101: =SUM(BG92:BG97) -> 0.074758458 | ... BJ101: =SUM(BJ92:BJ97) -> 0
C102: V converted, g/h | E102: =E$100*E$59/100 -> 0.046156881 | F102: =F$100*F$59/100 -> 0.044543872 | G102: =G$100*G$59/100 -> 0.044052167 | H102: =H$100*H$59/100 -> 0.043657213 | I102: =I$100*I$59/100 -> 0.043467902 | J102: =J$100*J$59/100 -> 0.043335389 | K102: =K$100*K$59/100 -> 0.043868413 | L102: =L$100*L$59/100 -> #DIV/0! | ... N102: =N$100*N$59/100 -> #DIV/0!
C103: (Ni+V) converted, g/h | E103: =E101+E102 -> 0.059767532 | F103: =F101+F102 -> 0.057420469 | G103: =G101+G102 -> 0.056742992 | H103: =H101+H102 -> 0.056108898 | I103: =I101+I102 -> 0.05575973 | J103: =J101+J102 -> 0.055507855 | K103: =K101+K102 -> 0.056176775 | L103: =L101+L102 -> #DIV/0! | ... N103: =N101+N102 -> #DIV/0!
C104: (Ni+V)conv, wt% | E104: =100*E$103/(E$58+E$59) -> 98.741135 | F104: =100*F$103/(F$58+F$59) -> 98.043266 | G104: =100*G$103/(G$58+G$59) -> 97.927561 | H104: =100*H$103/(H$58+H$59) -> 97.570374 | I104: =100*I$103/(I$58+I$59) -> 97.277349 | J104: =100*J$103/(J$58+J$59) -> 97.040053 | K104: =100*K$103/(K$58+K$59) -> 97.082675 | L104: =100*L$103/(L$58+L$59) -> #DIV/0! | ... N104: =100*N$103/(N$58+N$59) -> #DIV/0!
C105: ART Reference (Ni+V) | E105: 98 | F105: 97.5 | G105: 97 | H105: 96.6 | I105: 96.4 | J105: 96
C106: Feconv, wt% | E106: =((E$60-Q$60)/E$60)*100 -> 75.048803 | F106: =((F$60-R$60)/F$60)*100 -> 91.305564 | G106: =((G$60-S$60)/G$60)*100 -> 98.276123 | H106: =((H$60-T$60)/H$60)*100 -> 96.555131 | I106: =((I$60-U$60)/I$60)*100 -> 97.582628 | J106: =((J$60-V$60)/J$60)*100 -> 98.211895 | K106: =((K$60-W$60)/K$60)*100 -> 98.16242 | L106: =((L$60-X$60)/L$60)*100 -> #DIV/0! | ... N106: =((N$60-Z$60)/N$60)*100 -> #DIV/0!
C108: Sconv, wt% | E108: =((E$63-(Q$63+AC$63))/E$63)*100 -> 88.756584 | F108: =((F$63-(R$63+AD$63))/F$63)*100 -> 85.753539 | G108: =((G$63-(S$63+AE$63))/G$63)*100 -> 85.148976 | H108: =((H$63-(T$63+AF$63))/H$63)*100 -> 83.505403 | I108: =((I$63-(U$63+AG$63))/I$63)*100 -> 82.747765 | J108: =((J$63-(V$63+AH$63))/J$63)*100 -> 82.200651 | K108: =((K$63-(W$63+AI$63))/K$63)*100 -> 82.657881 | L108: =((L$63-(X$63+AJ$63))/L$63)*100 -> #DIV/0! | ... N108: =((N$63-(Z$63+AL$63))/N$63)*100 -> #DIV/0!
C109: ART Reference (S)
C111: Nconv, wt% | E111: =((E$64-(Q$64+AC$64))/E$64)*100 -> 54.041815 | F111: =((F$64-(R$64+AD$64))/F$64)*100 -> 44.188814 | G111: =((G$64-(S$64+AE$64))/G$64)*100 -> 43.156592 | H111: =((H$64-(T$64+AF$64))/H$64)*100 -> 39.160317 | I111: =((I$64-(U$64+AG$64))/I$64)*100 -> 37.472235 | J111: =((J$64-(V$64+AH$64))/J$64)*100 -> 34.982063 | K111: =((K$64-(W$64+AI$64))/K$64)*100 -> 32.344673 | L111: =((L$64-(X$64+AJ$64))/L$64)*100 -> #DIV/0! | ... N111: =((N$64-(Z$64+AL$64))/N$64)*100 -> #DIV/0!
C112: ART Reference (S)
C114: Sconv, g/h | E114: =(E$108*E$63)/100 -> 10.316015 | F114: =(F$108*F$63)/100 -> 9.6437334 | G114: =(G$108*G$63)/100 -> 9.4739461 | H114: =(H$108*H$63)/100 -> 9.2208834 | I114: =(I$108*I$63)/100 -> 9.1077141 | J114: =(J$108*J$63)/100 -> 9.0286509 | K114: =(K$108*K$63)/100 -> 9.1842463 | L114: =(L$108*L$63)/100 -> #DIV/0! | ... N114: =(N$108*N$63)/100 -> #DIV/0!
C115: H2S, g/h | E115: =E$114*$I$81/$E$81 -> 10.960766 | F115: =F$114*$I$81/$E$81 -> 10.246467 | G115: =G$114*$I$81/$E$81 -> 10.066068 | H115: =H$114*$I$81/$E$81 -> 9.7971886 | I115: =I$114*$I$81/$E$81 -> 9.6769463 | J115: =J$114*$I$81/$E$81 -> 9.5929416 | K115: =K$114*$I$81/$E$81 -> 9.7582617 | L115: =L$114*$I$81/$E$81 -> #DIV/0! | ... N115: =N$114*$I$81/$E$81 -> #DIV/0!
C116: H element in H2S | E116: =$G$81/$I$81*E$115 -> 0.64475094 | F116: =$G$81/$I$81*F$115 -> 0.60273334 | G116: =$G$81/$I$81*G$115 -> 0.59212163 | H116: =$G$81/$I$81*H$115 -> 0.57630521 | I116: =$G$81/$I$81*I$115 -> 0.56923213 | J116: =$G$81/$I$81*J$115 -> 0.56429068 | K116: =$G$81/$I$81*K$115 -> 0.57401539 | L116: =$G$81/$I$81*L$115 -> #DIV/0! | ... N116: =$G$81/$I$81*N$115 -> #DIV/0!
...

Sheet CrkConv

Sheet Yield

Sheet MetConv(Ni+V)

Sheet McrConv

Sheet Overall Yield

Sheet SedM

Sheet Prediction
D2: Experiment (MEBU Experiment) | G2: Case | N2: Case | O2: 1 | P2: 2 | Q2: 3
N3: %CrkConv
C4: Commercial RHCU LHSV, hr-1 | D4: 0.23 | G4: N | H4: LHSV | I4: {[100/(100-X)]^1/N} -1 | J4: e^[Ea/(RT)] | K4: = | L4: k0 | N4: Temp, degC
C5: MEBU Correction factor | D5: 1.46 | G5: =D11 -> 3 | H5: =D6 -> 0.3358 | I5: =(100/(100-G8))^(1/G5)-1 -> 0.51567186 | J5: =EXP($D$22/($D$23*H8)) -> 1.0974018e+14 | L5: =G5*H5*I5*J5 -> 5.7008689e+13
C6: MEB LHSV, hr-1 | D6: =D$4*D$5 -> 0.3358 | L6: =D26 -> 6.8639257e+13
C7: MEBU Reactor Volume, mL | D7: 186 | G7: X, %CrkConv | H7: T, K | I7: T, degC
C8: Rx1 Avg. Temp, degC | D8: 423.54 | G8: 71.28 | H8: =I8+273.15+4 -> 700.52 | I8: =D20 -> 423.37
C9: Rx2 Avg. Temp, degC | D9: 423.2
C10: Rx3 Avg. Temp, degC | D10: 423.37
C11: No. of Rx, N | D11: 3
C12: X, %CrkConv | D12: 71.28
C13: Krxn | D13: =((100/(100-D$12))^(1/D$11)-1)*D$6*D$11 -> 0.51948783
C14: k0 | D14: =D$13*EXP(D$22/(D$23*D$21)) -> 6.8639257e+13
C16: 100/(100-%CrkConv) | D16: =100/(100-D$12) -> 3.4818942
C17: 100/(100-%CrkConv)^1/N | D17: =D$16^(1/D$11) -> 1.5156719
C18: 100/(100-%CrkConv)^1/N-1 | D18: =D$17-1 -> 0.51567186
C19: Krxn | D19: =D$11*D$6*D$18 -> 0.51948783
C20: Avg. Temp, degC | D20: =AVERAGE(D8:D10) -> 423.37
C21: Temp, K | D21: =D$20+273.15 -> 696.52
C22: Ea, cal.mol-1 | D22: 45000
C23: R, cal.mol-1.K-1 | D23: 1.987
C24: Ea/(RT) | D24: =D$22/(D$23*D$21) -> 32.514798
C25: e^(Ea/RT) | D25: =EXP(D$24) -> 1.3212871e+14
C26: k0 | D26: =D$25*D$19 -> 6.8639257e+13

Sheet MEBU HPS DAILY
D1: RHCU Pilot Plant Laboratory Worksheet
D2: Batch Name : | E2: SR ABQ3358 ACCEPTANCE TEST
D3: Date : | E3: 14-25/12/2024 | L3: NOTE : ALL OF HT SIMDIST RESULTS ARE FROM GC-HT SIMDIST AT MAINLAB
D4: Note : | E4: MEBU ACCEPTANCE TEST | H4: CATALYST AGING | L4: CRACKING EXPERIMENT
H5: IN 11:50 AM OUT 17:30 AM | I5: IN 09:00 AM OUT 17:00 AM | J5: IN 08.08 OUT 18.00 | K5: IN OUT 07.15 | L5: DAY1 | M5: DAY2 | N5: DAY3 | O5: DAY4 | P5: DAY5 | Q5: DAY6 | R5: DAY7 | S5: DAY8 | T5: DAY9 | U5: DAY10 | V5: DAY11
H6: 14/12/24 | I6: 15/12/24 | J6: 16/12/24 | K6: 17/12/24 | L6: 18/12/24 | M6: 19/12/24 | N6: 20/12/24 | O6: 21/12/24 | P6: 22/12/24 | Q6: 23/12/24 | R6: 24/12/24 | S6: 25/12/24 | T6: 26/12/24 | U6: 27/12/24 | V6: 28/12/24
D7: Properties | E7: Method | F7: Unit | G7: SR ABQ3358 | H7: HPS | I7: HPS | J7: HPS | K7: HPS | L7: HPS | M7: HPS | N7: HPS | O7: HPS | P7: HPS | Q7: HPS | R7: HPS | S7: HPS | T7: HPS | U7: HPS | V7: HPS
D8: Ratio | E8: - | F8: %wt. | G8: 100
D9: Weight | E9: - | F9: kg
D10: Density | E10: ASTM D4052 | F10: kg/L | H10: 0.9801 | I10: 0.9827 | J10: 0.9847 | K10: 0.9851 | L10: 0.9423 | M10: 0.9446 | N10: 0.9491 | O10: 0.9511 | P10: 0.9537 | Q10: 0.9546 | R10: 0.9529 | S10: 0.954 | T10: 0.9536 | U10: 0.9549 | V10: 0.9555
D11: Relative Density@25/25 oC | E11: ASTM D70 | F11: - | G11: 1.08
D12: Viscosity @ -20 oC | E12: ASTM D445 | F12: cSt.
D13: Viscosity @ 40 oC
D14: Viscosity @ 70 oC
D15: Viscosity @ 100 oC
D16: Viscosity @ 150 oC
D17: V50
D18: Sulfur | E18: ASTM D4294 | F18: %wt | G18: 5.986 | H18: 2.03 | I18: 2.109 | J18: 2.188 | K18: 2.22 | L18: 0.832 | M18: 0.975 | N18: 1.09 | O18: 1.155 | P18: 1.246 | Q18: 1.306 | R18: 1.338 | S18: 1.28 | T18: 1.418 | U18: 1.427 | V18: 1.419
E19: ASTM D2622 | F19: %wt
F20: PPMw
D21: Total Nitrogen | E21: ASTM D4629 | F21: PPMw
E22: ASTM D5762 | F22: PPMw | G22: 3301 | H22: 2654.7 | I22: 2696.13 | J22: 2750.42 | K22: 2720.18 | L22: 1961.59 | M22: 2158.78 | N22: 2271.88 | O22: 2366.33 | P22: 2509.62 | Q22: 2583.09 | R22: 2675.49 | S22: 2722.97 | T22: 2796.89 | U22: 2761.06 | V22: 2810.71
B23: 0.4519 | F23: %wt | G23: 0.3301 | H23: =H22/10000 -> 0.26547 | I23: =I22/10000 -> 0.269613 | J23: =J22/10000 -> 0.275042 | K23: =K22/10000 -> 0.272018 | L23: 0.1962 | M23: =M22/10000 -> 0.215878 | N23: =N22/10000 -> 0.227188 | O23: =O22/10000 -> 0.236633 | P23: =P22/10000 -> 0.250962 | Q23: =Q22/10000 -> 0.258309 | R23: =R22/10000 -> 0.267549 | S23: =S22/10000 -> 0.272297 | T23: =T22/10000 -> 0.279689 | ... V23: =V22/10000 -> 0.281071
D24: CHN | E24: ASTM D5291 | F24: %wt
D25: Carbon | G25: 84.31 | H25: 87.03 | I25: 87.13 | J25: 87.21 | K25: 87.15 | L25: 88.11 | M25: 88.14 | N25: 87.88 | O25: 87.49 | P25: 87.66 | Q25: 87.51 | R25: 87.78 | S25: 87.97 | T25: 88.01 | U25: 87.81 | V25: 86.8
D26: Hydrogen | G26: 9.782 | H26: 10.89 | I26: 10.87 | J26: 10.92 | K26: 10.88 | L26: 11.45 | M26: 11.27 | N26: 11.41 | O26: 11.41 | P26: 11.2 | Q26: 11.33 | R26: 11.32 | S26: 11.23 | T26: 11.26 | U26: 11.39 | V26: 10.94
D27: Nitrogen | G27: 0.4519 | H27: 0.35 | I27: 0.37 | J27: 0.3648 | K27: 0.3653 | L27: 0.2675 | M27: 0.3033 | N27: 0.2964 | O27: 0.3436 | P27: 0.3529 | Q27: 0.3355 | R27: 0.325 | S27: 0.3319 | T27: 0.3282 | U27: 0.3438 | V27: 0.3161
D28: CHNS | G28: =(G25+G26+G27+G18) -> 100.5299 | H28: =(H25+H26+H27+H18) -> 100.3 | I28: =(I25+I26+I27+I18) -> 100.479 | J28: =(J25+J26+J27+J18) -> 100.6828 | K28: =(K25+K26+K27+K18) -> 100.6153 | L28: =(L25+L26+L27+L18) -> 100.6595 | M28: =(M25+M26+M27+M18) -> 100.6883 | N28: =(N25+N26+N27+N18) -> 100.6764 | ... V28: =(V25+V26+V27+V18) -> 99.4751
D29: CN | G29: =(100-G31-G32)/(1+(G26/G25)) -> 83.974158 | H29: =(100-H31-H32)/(1+(H26/H25)) -> 86.844595 | I29: =(100-I31-I32)/(1+(I26/I25)) -> 86.803464 | J29: =(100-J31-J32)/(1+(J26/J25)) -> 86.697797 | K29: =(100-K31-K32)/(1+(K26/K25)) -> 86.699467 | L29: =(100-L31-L32)/(1+(L26/L25)) -> 87.595408 | M29: =(100-M31-M32)/(1+(M26/M25)) -> 87.614461 | N29: =(100-N31-N32)/(1+(N26/N25)) -> 87.35042 | ... V29: =(100-V31-V32)/(1+(V26/V25)) -> 87.28929
D30: HN | F30: %wt | G30: =G29*(G26/G25) -> 9.7430342 | H30: =H29*(H26/H25) -> 10.8668 | I30: =I29*(I26/I25) -> 10.829263 | J30: =J29*(J26/J25) -> 10.855865 | K30: =K29*(K26/K25) -> 10.823754 | L30: =L29*(L26/L25) -> 11.383128 | M30: =M29*(M26/M25) -> 11.202802 | N30: =N29*(N26/N25) -> 11.341241 | ... V30: =V29*(V26/V25) -> 11.001669
D31: NN | G31: =G23*100/G28 -> 0.32836002 | H31: =H23*100/H28 -> 0.26467597 | I31: =I23*100/I28 -> 0.26832771 | J31: =J23*100/J28 -> 0.27317675 | K31: =K23*100/K28 -> 0.27035451 | L31: =L23*100/L28 -> 0.19491454 | M31: =M23*100/M28 -> 0.21440227 | N31: =N23*100/N28 -> 0.22566162 | ... V31: =V23*100/V28 -> 0.28255413
D32: SN | G32: =G18*100/G28 -> 5.9544474 | H32: =H18*100/H28 -> 2.0239282 | I32: =I18*100/I28 -> 2.098946 | J32: =J18*100/J28 -> 2.1731617 | K32: =K18*100/K28 -> 2.2064239 | L32: =L18*100/L28 -> 0.82654891 | M32: =M18*100/M28 -> 0.96833495 | N32: =N18*100/N28 -> 1.0826768 | ... V32: =V18*100/V28 -> 1.4264876
D33: HN/CN | G33: =G30/G29 -> 0.1160242 | H33: =H30/H29 -> 0.12512927 | I33: =I30/I29 -> 0.12475611 | J33: =J30/J29 -> 0.125215 | K33: =K30/K29 -> 0.12484223 | L33: =L30/L29 -> 0.1299512 | M33: =M30/M29 -> 0.12786476 | N33: =N30/N29 -> 0.12983614 | ... V33: =V30/V29 -> 0.12603687
D34: C | G34: =G25*100/G28 -> 83.865596 | H34: =H25*100/H28 -> 86.769691 | I34: =I25*100/I28 -> 86.714637 | J34: =J25*100/J28 -> 86.618568 | K34: =K25*100/K28 -> 86.617045 | L34: =L25*100/L28 -> 87.532722 | M34: =M25*100/M28 -> 87.53748 | N34: =N25*100/N28 -> 87.289573 | ... P34: =P25*100/P28 -> 87.259566 | Q34: #DIV/0! | R34: #DIV/0! | S34: #DIV/0! | T34: #DIV/0! | U34: #DIV/0! | V34: #DIV/0!
D35: H | G35: =G26*100/G28 -> 9.7304384 | H35: =H26*100/H28 -> 10.857428 | I35: =I26*100/I28 -> 10.818181 | J35: =J26*100/J28 -> 10.845944 | K35: =K26*100/K28 -> 10.813465 | L35: =L26*100/L28 -> 11.374982 | M35: =M26*100/M28 -> 11.192959 | N35: =N26*100/N28 -> 11.333341 | ... P35: =P26*100/P28 -> 11.148838 | Q35: #DIV/0! | R35: #DIV/0! | S35: #DIV/0! | T35: #DIV/0! | U35: #DIV/0! | V35: #DIV/0!
D36: N | G36: =G27*100/G28 -> 0.449518 | H36: =H27*100/H28 -> 0.34895314 | I36: =I27*100/I28 -> 0.36823615 | J36: =J27*100/J28 -> 0.36232604 | K36: =K27*100/K28 -> 0.36306605 | L36: =L27*100/L28 -> 0.2657474 | M36: =M27*100/M28 -> 0.30122666 | N36: =N27*100/N28 -> 0.29440862 | ... P36: =P27*100/P28 -> 0.35128794 | Q36: #DIV/0! | R36: #DIV/0! | S36: #DIV/0! | T36: #DIV/0! | U36: #DIV/0! | V36: #DIV/0!
D37: S | G37: =G18*100/G28 -> 5.9544474 | H37: =H18*100/H28 -> 2.0239282 | I37: =I18*100/I28 -> 2.098946 | J37: =J18*100/J28 -> 2.1731617 | K37: =K18*100/K28 -> 2.2064239 | L37: =L18*100/L28 -> 0.82654891 | M37: =M18*100/M28 -> 0.96833495 | N37: =N18*100/N28 -> 1.0826768 | ... P37: =P18*100/P28 -> 1.2403082 | Q37: #DIV/0! | R37: #DIV/0! | S37: #DIV/0! | T37: #DIV/0! | U37: #DIV/0! | V37: #DIV/0!
D38: H/C | G38: =G35/G34 -> 0.1160242 | H38: =H35/H34 -> 0.12512927 | I38: =I35/I34 -> 0.12475611 | J38: =J35/J34 -> 0.125215 | K38: =K35/K34 -> 0.12484223 | L38: =L35/L34 -> 0.1299512 | M38: =M35/M34 -> 0.12786476 | N38: =N35/N34 -> 0.12983614 | ... P38: =P35/P34 -> 0.12776637 | Q38: #DIV/0! | R38: #DIV/0! | S38: #DIV/0! | T38: #DIV/0! | U38: #DIV/0! | V38: #DIV/0!
D39: ICP | E39: ASTM D7691 UOP 389 | F39: PPMw
D40: Nickle (Ni) | G40: 73.4 | H40: 19.41 | I40: 21.28 | J40: 21.3 | K40: 21.36 | L40: 4.56 | M40: 4.83 | N40: 6.31 | O40: 6.74 | P40: 7.68 | Q40: 8.52 | R40: 9.16 | S40: 8.95 | T40: 9.61 | U40: 9.66 | V40: 10.08
D41: Vanadium (V) | G41: 238.34 | H41: 26.91 | I41: 31.13 | J41: 33.36 | K41: 34.38 | L41: 2.66 | M41: 0.91 | N41: 1.61 | O41: 1.76 | P41: 2.18 | Q41: 2.52 | R41: 2.81 | S41: 2.53 | T41: 3.14 | U41: 3.16 | V41: 3.32
D42: Sodium (Na) | G42: 26.05 | H42: 33.1 | I42: 9.26 | J42: 23.58 | K42: 14.19 | L42: 20.33 | M42: 13.1 | N42: 11.97 | O42: 9.58 | P42: 17.39 | Q42: 14.03 | R42: 14.51 | S42: 11.78 | T42: 13.39 | U42: 29.24 | V42: 11.63
D43: Calcium (Ca) | G43: 14.22 | H43: 0 | I43: 0 | J43: 0 | K43: 0 | L43: 0 | M43: 0 | N43: 0 | O43: 1.83 | P43: 1.74 | Q43: 0 | R43: 1.2 | S43: 0.63 | T43: 0 | U43: 6.48 | V43: 0
D44: Iron (Fe) | G44: 19.4 | H44: 11.02 | I44: 13.48 | J44: 7.95 | K44: 4.5 | L44: 3.03 | M44: 7.08 | N44: 2.19 | O44: 0.44 | P44: 0.87 | Q44: 0.61 | R44: 0.45 | S44: 0.45 | T44: 0.54 | U44: 1.43 | V44: 0.32
D45: Ni | G45: - | H45: 73.555858 | I45: =100-((I40/$G$40)*100) -> 71.008174 | J45: =100-((J40/$G$40)*100) -> 70.980926 | K45: =100-((K40/$G$40)*100) -> 70.899183 | L45: =100-((L40/$G$40)*100) -> 93.787466 | M45: =100-((M40/$G$40)*100) -> 93.419619 | N45: =100-((N40/$G$40)*100) -> 91.40327 | O45: =100-((O40/$G$40)*100) -> 90.817439 | P45: =100-((P40/$G$40)*100) -> 89.536785 | ... V45: =100-((V40/$G$40)*100) -> 86.26703
D46: V | E46: HDM Conversion | F46: % | G46: - | H46: 88.709407 | I46: =100-((I41/G41)*100) -> 86.938827 | J46: =100-((J41/$G$41)*100) -> 86.003189 | K46: =100-((K41/$G$41)*100) -> 85.575229 | L46: =100-((L41/$G$41)*100) -> 98.883947 | M46: =100-((M41/$G$41)*100) -> 99.618192 | N46: =100-((N41/$G$41)*100) -> 99.324494 | O46: =100-((O41/$G$41)*100) -> 99.261559 | P46: =100-((P41/$G$41)*100) -> 99.08534 | Q46: =100-((Q41/$G$41)*100) -> 98.942687 | ... V46: =100-((V41/$G$41)*100) -> 98.607032
D47: Ni+V | G47: - | H47: 85.141464 | I47: =100-(((I40+I41)/($G$40+$G$41))*100) -> 83.187913 | J47: =100-(((J40+J41)/($G$40+$G$41))*100) -> 82.466158 | K47: =100-(((K40+K41)/($G$40+$G$41))*100) -> 82.119715 | L47: =100-(((L40+L41)/($G$40+$G$41))*100) -> 97.683967 | M47: =100-(((M40+M41)/($G$40+$G$41))*100) -> 98.158722 | N47: =100-(((N40+N41)/($G$40+$G$41))*100) -> 97.459421 | O47: =100-(((O40+O41)/($G$40+$G$41))*100) -> 97.273369 | P47: =100-(((P40+P41)/($G$40+$G$41))*100) -> 96.837108 | ... V47: =100-(((V40+V41)/($G$40+$G$41))*100) -> 95.701546
D48: Simdist | E48: ASTM D2887 ASTM D7169 | F48: deg.C
D49: IBP | G49: 376 | H49: 161 | I49: 162 | J49: ='MEBU HPS LTO DAILY Graph'!L17 -> 163 | K49: ='MEBU HPS LTO DAILY Graph'!M17 -> 166 | L49: ='MEBU HPS LTO DAILY Graph'!N17 -> 0 | M49: ='MEBU HPS LTO DAILY Graph'!O17 -> 94.4 | N49: ='MEBU HPS LTO DAILY Graph'!P17 -> 97.26 | O49: ='MEBU HPS LTO DAILY Graph'!Q17 -> 95.55 | P49: ='MEBU HPS LTO DAILY Graph'!R17 -> 99.9 | Q49: ='MEBU HPS LTO DAILY Graph'!S17 -> 162 | ... V49: ='MEBU HPS LTO DAILY Graph'!X17 -> 69
D50: 5 | G50: 510 | H50: 306 | I50: 304 | J50: ='MEBU HPS LTO DAILY Graph'!L22 -> 318 | K50: ='MEBU HPS LTO DAILY Graph'!M22 -> 318 | L50: ='MEBU HPS LTO DAILY Graph'!N22 -> 0 | M50: ='MEBU HPS LTO DAILY Graph'!O22 -> 199.54 | N50: ='MEBU HPS LTO DAILY Graph'!P22 -> 203.42 | O50: ='MEBU HPS LTO DAILY Graph'!Q22 -> 203.23 | P50: ='MEBU HPS LTO DAILY Graph'!R22 -> 207.74 | Q50: ='MEBU HPS LTO DAILY Graph'!S22 -> 229 | ... V50: ='MEBU HPS LTO DAILY Graph'!X22 -> 194
D51: 10 | G51: 543.5 | H51: 378 | I51: 376 | J51: ='MEBU HPS LTO DAILY Graph'!L27 -> 394 | K51: ='MEBU HPS LTO DAILY Graph'!M27 -> 392 | L51: ='MEBU HPS LTO DAILY Graph'!N27 -> 0 | M51: ='MEBU HPS LTO DAILY Graph'!O27 -> 251.34 | N51: ='MEBU HPS LTO DAILY Graph'!P27 -> 256.39 | O51: ='MEBU HPS LTO DAILY Graph'!Q27 -> 256.96 | P51: ='MEBU HPS LTO DAILY Graph'!R27 -> 260.96 | Q51: ='MEBU HPS LTO DAILY Graph'!S27 -> 277.5 | ... V51: ='MEBU HPS LTO DAILY Graph'!X27 -> 249
D52: 20 | G52: 578 | H52: 473 | I52: 472 | J52: ='MEBU HPS LTO DAILY Graph'!L37 -> 495 | K52: ='MEBU HPS LTO DAILY Graph'!M37 -> 491 | L52: ='MEBU HPS LTO DAILY Graph'!N37 -> 0 | M52: ='MEBU HPS LTO DAILY Graph'!O37 -> 319.84 | N52: ='MEBU HPS LTO DAILY Graph'!P37 -> 327.09 | O52: ='MEBU HPS LTO DAILY Graph'!Q37 -> 327.3 | P52: ='MEBU HPS LTO DAILY Graph'!R37 -> 330.23 | Q52: ='MEBU HPS LTO DAILY Graph'!S37 -> 343.5 | ... V52: ='MEBU HPS LTO DAILY Graph'!X37 -> 323
D53: 30 | G53: 606 | H53: 536 | I53: 535 | J53: ='MEBU HPS LTO DAILY Graph'!L47 -> 555 | K53: ='MEBU HPS LTO DAILY Graph'!M47 -> 551 | L53: ='MEBU HPS LTO DAILY Graph'!N47 -> 0 | M53: ='MEBU HPS LTO DAILY Graph'!O47 -> 371.15 | N53: ='MEBU HPS LTO DAILY Graph'!P47 -> 378.86 | O53: ='MEBU HPS LTO DAILY Graph'!Q47 -> 378.86 | P53: ='MEBU HPS LTO DAILY Graph'!R47 -> 382.45 | Q53: ='MEBU HPS LTO DAILY Graph'!S47 -> 395 | ... V53: ='MEBU HPS LTO DAILY Graph'!X47 -> 377
D54: 40 | G54: 635 | H54: 576 | I54: 575 | J54: ='MEBU HPS LTO DAILY Graph'!L57 -> 595 | K54: ='MEBU HPS LTO DAILY Graph'!M57 -> 591 | L54: ='MEBU HPS LTO DAILY Graph'!N57 -> 0 | M54: ='MEBU HPS LTO DAILY Graph'!O57 -> 416.68 | N54: ='MEBU HPS LTO DAILY Graph'!P57 -> 425.72 | O54: ='MEBU HPS LTO DAILY Graph'!Q57 -> 425.72 | P54: ='MEBU HPS LTO DAILY Graph'!R57 -> 428.4 | Q54: ='MEBU HPS LTO DAILY Graph'!S57 -> 442.5 | ... V54: ='MEBU HPS LTO DAILY Graph'!X57 -> 427
D55: 50 | G55: 667 | H55: 614 | I55: 612 | J55: ='MEBU HPS LTO DAILY Graph'!L67 -> 642 | K55: ='MEBU HPS LTO DAILY Graph'!M67 -> 634 | L55: ='MEBU HPS LTO DAILY Graph'!N67 -> 0 | M55: ='MEBU HPS LTO DAILY Graph'!O67 -> 462.33 | N55: ='MEBU HPS LTO DAILY Graph'!P67 -> 472.52 | O55: ='MEBU HPS LTO DAILY Graph'!Q67 -> 472.52 | P55: ='MEBU HPS LTO DAILY Graph'!R67 -> 475.03 | Q55: ='MEBU HPS LTO DAILY Graph'!S67 -> 490 | ... V55: ='MEBU HPS LTO DAILY Graph'!X67 -> 476
D56: 60 | G56: 705 | H56: 661 | I56: 657 | J56: ='MEBU HPS LTO DAILY Graph'!L77 -> 719 | K56: ='MEBU HPS LTO DAILY Graph'!M77 -> 698 | L56: ='MEBU HPS LTO DAILY Graph'!N77 -> 0 | M56: ='MEBU HPS LTO DAILY Graph'!O77 -> 506.8 | N56: ='MEBU HPS LTO DAILY Graph'!P77 -> 517.64 | O56: ='MEBU HPS LTO DAILY Graph'!Q77 -> 517.64 | P56: ='MEBU HPS LTO DAILY Graph'!R77 -> 519.87 | Q56: ='MEBU HPS LTO DAILY Graph'!S77 -> 534 | ... V56: ='MEBU HPS LTO DAILY Graph'!X77 -> 526
D57: 70 | L57: ='MEBU HPS LTO DAILY Graph'!N87 -> 0 | M57: ='MEBU HPS LTO DAILY Graph'!O87 -> 549.33 | N57: ='MEBU HPS LTO DAILY Graph'!P87 -> 559.92 | O57: ='MEBU HPS LTO DAILY Graph'!Q87 -> 559.92 | P57: ='MEBU HPS LTO DAILY Graph'!R87 -> 561.54 | Q57: ='MEBU HPS LTO DAILY Graph'!S87 -> 575 | R57: ='MEBU HPS LTO DAILY Graph'!T87 -> 569.39 | S57: ='MEBU HPS LTO DAILY Graph'!U87 -> 554.34 | ... V57: ='MEBU HPS LTO DAILY Graph'!X87 -> 575
D58: 80 | M58: ='MEBU HPS LTO DAILY Graph'!O97 -> 592.11 | N58: ='MEBU HPS LTO DAILY Graph'!P97 -> 604.59 | O58: ='MEBU HPS LTO DAILY Graph'!Q97 -> 604.59 | P58: ='MEBU HPS LTO DAILY Graph'!R97 -> 605.76 | Q58: ='MEBU HPS LTO DAILY Graph'!S97 -> 625 | R58: ='MEBU HPS LTO DAILY Graph'!T97 -> 618.02 | S58: ='MEBU HPS LTO DAILY Graph'!U97 -> 601.44 | T58: ='MEBU HPS LTO DAILY Graph'!V97 -> 608.82 | ... V58: ='MEBU HPS LTO DAILY Graph'!X97 -> 638
D59: 90 | M59: ='MEBU HPS LTO DAILY Graph'!O107 -> 655.29 | N59: ='MEBU HPS LTO DAILY Graph'!P107 -> 676.07 | O59: ='MEBU HPS LTO DAILY Graph'!Q107 -> 676.07 | P59: ='MEBU HPS LTO DAILY Graph'!R107 -> 676.07 | Q59: ='MEBU HPS LTO DAILY Graph'!S107 -> 718.5 | R59: ='MEBU HPS LTO DAILY Graph'!T107 -> 705.02 | S59: ='MEBU HPS LTO DAILY Graph'!U107 -> 679.86 | T59: ='MEBU HPS LTO DAILY Graph'!V107 -> 697.29 | ... V59: ='MEBU HPS LTO DAILY Graph'!X107 -> 0
D60: 95 | M60: ='MEBU HPS LTO DAILY Graph'!O112 -> 713.39 | N60: ='MEBU HPS LTO DAILY Graph'!P112 -> 722.84 | O60: ='MEBU HPS LTO DAILY Graph'!Q112 -> 722.84 | P60: ='MEBU HPS LTO DAILY Graph'!R112 -> 722.84 | Q60: ='MEBU HPS LTO DAILY Graph'!S112 -> 0 | R60: ='MEBU HPS LTO DAILY Graph'!T112 -> 0 | S60: ='MEBU HPS LTO DAILY Graph'!U112 -> 0 | T60: ='MEBU HPS LTO DAILY Graph'!V112 -> 0 | ... V60: ='MEBU HPS LTO DAILY Graph'!X112 -> 0
D61: FBP | E61: Conversion | G61: <560 = 14.1% | H61: =SUM(H63:H68)-SUM($G$67:$G$68) -> 21.422 | I61: =SUM(I63:I68)-SUM($G$67:$G$68) -> 21.725 | J61: =SUM(J63:J68)-SUM($G$67:$G$68) -> 17.67 | K61: =SUM(K63:K68)-SUM($G$67:$G$68) -> 18.507 | L61: =SUM(L63:L68)-SUM($G$63:$G$68) -> 47.35 | M61: =SUM(M63:M68)-SUM($G$67:$G$68) -> 59.04 | N61: =SUM(N63:N68)-SUM($G$67:$G$68) -> 55.73 | O61: =SUM(O63:O68)-SUM($G$67:$G$68) -> 55.96 | P61: =SUM(P63:P68)-SUM($G$67:$G$68) -> 53.815 | Q61: =SUM(Q63:Q68)-SUM($G$67:$G$68) -> 52.15 | R61: =SUM(R63:R68)-SUM($G$67:$G$68) -> 53.66 | S61: =SUM(S63:S68)-SUM($G$67:$G$68) -> 57.27 | T61: =SUM(T63:T68)-SUM($G$67:$G$68) -> 56.05 | ... V61: =SUM(V63:V68)-SUM($G$67:$G$68) -> 52.813
D62: CUT POINTS
D63: IBP-90 | E63: ASTM D2887 ASTM D7169 | F63: %wt | G63: 0 | H63: 0.002 | I63: 0.008 | J63: 0.011 | K63: 0 | L63: 0 | M63: 0.42 | N63: 0.38 | O63: 0.4 | P63: 0.067 | Q63: 0 | R63: 0.41 | S63: 0.68 | T63: 0.79 | U63: 0.63 | V63: 1.068
D64: 90-160 | G64: 0 | H64: 0.469 | I64: 0.446 | J64: 0.432 | K64: 0.385 | L64: 1.4 | M64: 2.06 | N64: 1.91 | O64: 1.93 | P64: 1.721 | Q64: 0.4 | R64: 2.01 | S64: 2.13 | T64: 1.97 | U64: 2.15 | V64: 1.803
D65: 160-250 | G65: 0 | H65: 2.128 | I65: 2.204 | J65: 1.953 | K65: 1.947 | L65: 7 | M65: 7.37 | N65: 6.96 | O65: 6.87 | P65: 7.262 | Q65: 6.5 | R65: 6.73 | S65: 7.22 | T65: 7.11 | U65: 7.22 | V65: 7.265
D66: 250-360 | G66: 0 | H66: 5.937 | I66: 6.035 | J66: 5.223 | K66: 5.361 | L66: 15.7 | M66: 17.8 | N66: 16.87 | O66: 16.9 | P66: 16.489 | Q66: 16.1 | R66: 15.94 | S66: 17.44 | T66: 17.21 | U66: 17.65 | V66: 16.48
D67: 360-500 | G67: 4.17 | H67: 15.13 | I67: 15.12 | J67: 13.434 | K67: 13.825 | L67: 25.8 | M67: 30.78 | N67: 29.69 | O67: 29.89 | P67: 29.027 | Q67: 29.2 | R67: 28.88 | S67: 30.36 | T67: 29.71 | U67: 30.88 | V67: 28.138
D68: 500-560 | G68: =14.05-G67 -> 9.88 | H68: 11.806 | I68: 11.962 | J68: 10.667 | K68: 11.039 | L68: 11.5 | M68: 14.66 | N68: 13.97 | O68: 14.02 | P68: 13.299 | Q68: 14 | R68: 13.74 | S68: 13.49 | T68: 13.31 | U68: 13.7 | V68: 12.109
D69: 560+ | G69: =100-SUM(G63:G68) -> 85.95 | H69: =100-SUM(H63:H68) -> 64.528 | I69: =100-SUM(I63:I68) -> 64.225 | J69: =100-SUM(J63:J68) -> 68.28 | K69: =100-SUM(K63:K68) -> 67.443 | L69: =100-SUM(L63:L68) -> 38.6 | M69: =100-SUM(M63:M68) -> 26.91 | N69: =100-SUM(N63:N68) -> 30.22 | ... V69: =100-SUM(V63:V68) -> 33.137
D70: TOTAL | G70: =SUM(G63:G69) -> 100 | H70: =SUM(H63:H69) -> 100 | I70: =SUM(I63:I69) -> 100 | J70: =SUM(J63:J69) -> 100 | K70: =SUM(K63:K69) -> 100 | L70: =SUM(L63:L69) -> 100 | M70: =SUM(M63:M69) -> 100 | N70: =SUM(N63:N69) -> 100 | ... P70: =SUM(P63:P69) -> 100 | Q70: 100 | R70: 100 | S70: 100 | T70: 100 | U70: 100 | V70: 100
D71: SARA | E71: IP469 | F71: %
D72: Saturates | G72: 2.3 | H72: 9.6 | I72: 8.9 | J72: 8.8 | K72: 8.4 | L72: 18.8 | M72: 18.4 | N72: 19.4 | O72: 17.4 | P72: 15.7 | Q72: 13.8 | R72: 13.5 | S72: 14.6 | T72: 15.5 | U72: 14.7 | V72: 14.6
D73: Aromatics | G73: 41.8 | H73: 60.6 | I73: 69.2 | J73: 63.8 | K73: 66.9 | L73: 76.6 | M73: 72.3 | N73: 68.4 | O73: 68.2 | P73: 66.6 | Q73: 68.7 | R73: 69.7 | S73: 72.7 | T73: 68.9 | U73: 72.8 | V73: 66.1
D74: Resins | G74: 24.4 | H74: 18.4 | I74: 9 | J74: 11.6 | K74: 11 | L74: 0 | M74: 4.7 | N74: 5.6 | O74: 7.5 | P74: 7.4 | Q74: 9.2 | R74: 8.7 | S74: 5.9 | T74: 7.7 | U74: 5.6 | V74: 10.8
D75: Asphaltenes | G75: 31.6 | H75: 11.4 | I75: 12.9 | J75: 15.8 | K75: 13.7 | L75: 4.7 | M75: 4.6 | N75: 6.7 | O75: 7 | P75: 10.3 | Q75: 8.3 | R75: 8.1 | S75: 6.8 | T75: 7.7 | U75: 7 | V75: 8.4
D76: Flocculation | E76: ASTM D6703 ASTM D7112 | F76: -
D77: Pa | G77: 0.5904
D78: Po | G78: 1.5
D79: P | G79: 3.6624
D80: FRmax | G80: 0.4096
D81: SBN | G81: 149.57
D82: IN | G82: 105.1005
D83: C5 Insoluble | E83: ASTM D4055 | F83: %wt | G83: 21.02 | H83: 9 | I83: 10.2 | J83: 10.3 | K83: 9.7 | L83: 3.9 | M83: 4.7 | N83: 5.3 | O83: 5.6 | P83: 5.6 | Q83: 6.1 | R83: 6.4 | S83: 6.2 | T83: 6.9 | U83: 6.5 | V83: 6.9
D84: C7 Insoluble | E84: ASTM D3279 | F84: %wt | G84: 12.86 | H84: 4 | I84: 4.3 | J84: 5.1 | K84: 4.7 | L84: 1.1 | M84: 1.6 | N84: 1.5 | O84: 1.8 | P84: 2.1 | Q84: 2.3 | R84: 2.7 | S84: 2.4 | T84: 2.6 | U84: 2.4 | V84: 2.5
D85: CCR | E85: ASTM D4530 | F85: %wt | G85: 26.05 | H85: 13.72 | I85: 14.36 | J85: 14.5 | K85: 14.51 | L85: 7.1075 | M85: 7.51 | N85: 8.22745 | O85: 8.8036 | P85: 9.2672 | Q85: 9.29115 | R85: 9.2228 | S85: 9.14 | T85: 9.618 | U85: 9.3308 | V85: 9.68
D86: Total Sediment | E86: ASTM D4870 | F86: %wt | H86: 0.02 | I86: 0.12 | J86: 0.22 | K86: 0.13 | L86: 0.02 | M86: 0.06 | N86: 0.05 | O86: 0.03 | P86: 0.04 | Q86: 0.06 | R86: 0.02 | S86: 0.05 | T86: 0.21 | U86: 0.031 | V86: 0.069
D88: Properties | E88: Method | F88: Unit | G88: Low Gas | H88: Low Gas | I88: Low Gas | J88: Low Gas | K88: Low Gas | L88: Low Gas | M88: Low Gas | N88: Low Gas | O88: Low Gas | P88: Low Gas | Q88: Low Gas | R88: Low Gas | S88: Low Gas | T88: Low Gas | U88: Low Gas | V88: Low Gas
D89: Hydrogen | E89: ASTM D7833 | F89: %mol | G89: 0 | H89: 0 | I89: 0 | J89: 0 | K89: 0 | L89: 3.5 | M89: 13 | N89: 27.5 | O89: 37.6 | P89: 31.2 | Q89: 19.2 | R89: 19.2 | S89: 14.2 | T89: 9.2 | U89: 7.6 | V89: 6.2
D90: C1 | G90: 0 | H90: 0 | I90: 0 | J90: 0 | K90: 0 | L90: 0.3 | M90: 0.2 | N90: 1.2 | O90: 1.6 | P90: 1.9 | Q90: 1.5 | R90: 1.5 | S90: 1.4 | T90: 1 | U90: 0.9 | V90: 0.8
D91: C2 | G91: 0 | H91: 0 | I91: 0 | J91: 0 | K91: 0 | L91: 0 | M91: 0.1 | N91: 0.4 | O91: 0.8 | P91: 1.1 | Q91: 1.3 | R91: 1.3 | S91: 1.6 | T91: 1.3 | U91: 1.3 | V91: 1.3
D92: C3 | G92: 0 | H92: 0 | I92: 0 | J92: 0 | K92: 0 | L92: 0.8 | M92: 0.3 | N92: 2.6 | O92: 0.8 | P92: 1.3 | Q92: 2 | R92: 2 | S92: 1.7 | T92: 2.3 | U92: 2.3 | V92: 2.3
D93: C4 | G93: 0 | H93: 0 | I93: 0 | J93: 0 | K93: 0 | L93: 1.6 | M93: 0.4 | N93: 2.3 | O93: 0.3 | P93: 0.4 | Q93: 0.8 | R93: 0.8 | S93: 0.5 | T93: 1 | U93: 1 | V93: 1
D94: C5 | G94: 0 | H94: 0 | I94: 0 | J94: 0 | K94: 0 | L94: 0 | M94: 0.4 | N94: 1.3 | O94: 0.5 | P94: 0.7 | Q94: 1.1 | R94: 1.1 | S94: 0.3 | T94: 0.6 | U94: 1.4 | V94: 1.5
D95: C6 | G95: 0 | H95: 0 | I95: 0 | J95: 0 | K95: 0 | L95: 0.9 | M95: 0.8 | N95: 2.7 | O95: 0.9 | P95: 0.5 | Q95: 0.4 | R95: 0.4 | S95: 0.3 | T95: 0.4 | U95: 0.3 | V95: 0.4
D96: CO | G96: 0 | H96: 0 | I96: 0 | J96: 0 | K96: 0 | L96: 0 | M96: 0 | N96: 0 | O96: 0 | P96: 0 | Q96: 0 | R96: 0 | S96: 0 | T96: 0 | U96: 0 | V96: 0
D97: CO2 | G97: 0 | H97: 0 | I97: 0 | J97: 0 | K97: 0 | L97: 0 | M97: 0 | N97: 0 | O97: 0 | P97: 0 | Q97: 0 | R97: 0 | S97: 0 | T97: 0 | U97: 0 | V97: 0
D98: H2S | G98: 0 | H98: 0 | I98: 0 | J98: 0 | K98: 0 | L98: 2.1 | M98: 35.1 | N98: 30.9 | O98: 42.4 | P98: 56 | Q98: 70.2 | R98: 70.2 | S98: 75.9 | T98: 83.4 | U98: 84.7 | V98: 85.5
D99: N2 | G99: 0 | H99: 0 | I99: 0 | J99: 0 | K99: 0 | L99: 90.7 | M99: 49.7 | N99: 31 | O99: 15.1 | P99: 7 | Q99: 3.4 | R99: 3.4 | S99: 4.1 | T99: 0.9 | U99: 0.6 | V99: 0.9
D100: Properties | E100: Method | F100: Unit | G100: High Gas | H100: High Gas | I100: High Gas | J100: High Gas | K100: High Gas | L100: High Gas | M100: High Gas | N100: High Gas | O100: High Gas | P100: High Gas | Q100: High Gas | R100: High Gas | S100: High Gas | T100: High Gas | U100: High Gas | V100: High Gas
D101: Hydrogen | E101: ASTM D7833 | F101: %wt. | G101: 0 | H101: 0 | I101: 0 | J101: 0 | K101: 0 | L101: 27.4 | M101: 40.4 | N101: 42.7 | O101: 41 | P101: 44.9 | Q101: 42.6 | R101: 42.6 | S101: 41 | T101: 40.7 | U101: 43.8 | V101: 41.8
...

Sheet MEBU LTO DAILY
D1: RHCU Pilot Plant Laboratory Worksheet
D2: Batch Name : | E2: SR ABQ3358 ACCEPTANCE TEST
D3: Date : | E3: 14-25/12/2024
D4: Note : | E4: MEBU ACCEPTANCE TEST | H4: CRACKING EXPERIMENT
H5: DAY1 (Aging Day4) | I5: DAY2 | J5: DAY3 | K5: DAY4 | L5: DAY5 | M5: DAY6 | N5: DAY7 | O5: DAY8 | P5: DAY9 | Q5: DAY10 | R5: DAY11
H6: 16-17/12/24 | I6: 19/12/24 | J6: 20/12/24 | K6: 21/12/24 | L6: 22/12/24 | M6: 23/12/24 | N6: 24/12/24 | O6: 25/12/24 | P6: 26/12/24 | Q6: 27/12/24 | R6: 28/12/24
D7: Properties | E7: Method | F7: Unit | G7: SR ABQ3358 | H7: LTO | I7: LTO | J7: LTO | K7: LTO | L7: LTO | M7: LTO | N7: LTO | O7: LTO | P7: LTO | Q7: LTO | R7: LTO
D8: Ratio | E8: - | F8: %wt. | G8: 100
D9: Weight | E9: - | F9: kg
D10: Density | E10: ASTM D4052 | F10: kg/L | H10: 0.8194 | I10: 0.8168 | J10: 0.8144 | K10: 0.7945 | L10: 0.7903 | M10: 0.7889 | N10: 0.7883 | O10: 0.7912 | P10: 0.7887 | Q10: 0.7879 | R10: 0.788
D11: Relative Density@25/25 oC | E11: ASTM D70 | F11: - | G11: 1.08
D12: Viscosity @ -20 oC | E12: ASTM D445 | F12: cSt.
D13: Viscosity @ 40 oC
D14: Viscosity @ 70 oC
D15: Viscosity @ 100 oC
D16: Viscosity @ 150 oC
D17: V50
D18: Sulfur | E18: ASTM D4294 | F18: %wt | G18: 5.986 | H18: 0.181 | I18: 0.1149 | J18: 0.113 | K18: 0.0934 | L18: 0.259 | M18: 0.2507 | N18: 0.2867 | O18: 0.2153 | P18: 0.234 | Q18: 0.2385 | R18: 0.2482
E19: ASTM D2622 | F19: %wt
F20: PPMw
D21: Total Nitrogen | E21: ASTM D4629 | F21: PPMw
E22: ASTM D5762 | F22: PPMw | G22: 3301 | H22: 810.33 | I22: 734.92 | J22: 787.23 | K22: 654.92 | L22: 689.77 | M22: 683.6 | N22: 705.6 | O22: 680.92 | P22: 724.33 | Q22: 543.79 | R22: 746.08
B23: 0.4519 | F23: %wt | G23: 0.3301 | H23: 0.081 | I23: =I22/10000 -> 0.073492 | J23: =J22/10000 -> 0.078723 | K23: =K22/10000 -> 0.065492 | L23: =L22/10000 -> 0.068977 | M23: =M22/10000 -> 0.06836 | N23: =N22/10000 -> 0.07056 | O23: =O22/10000 -> 0.068092 | P23: =P22/10000 -> 0.072433 | ... R23: =R22/10000 -> 0.074608
D24: CHN | E24: ASTM D5291 | F24: %wt
D25: Carbon | G25: 84.31 | H25: 86.73 | I25: 86.7 | J25: 86.31 | K25: 84.06 | L25: 84.66 | M25: 85.42 | N25: 84.56 | O25: 84.67 | P25: 84.65 | Q25: 85.81 | R25: 84.46
D26: Hydrogen | G26: 9.782 | H26: 13.23 | I26: 13.17 | J26: 13.46 | K26: 13.55 | L26: 13.56 | M26: 13.52 | N26: 13.55 | O26: 13.35 | P26: 12.94 | Q26: 13.74 | R26: 13.48
D27: Nitrogen | G27: 0.4519 | H27: 0.08088 | I27: 0.09388 | J27: 0.07133 | K27: 0.117 | L27: 0.09208 | M27: 0.10049 | N27: 0.06362 | O27: 0.06731 | P27: 0.04694 | Q27: 0.05397 | R27: 0.08906
D28: CHNS | G28: =(G25+G26+G27+G18) -> 100.5299 | H28: =(H25+H26+H27+H18) -> 100.22188 | I28: =(I25+I26+I27+I18) -> 100.07878 | J28: =(J25+J26+J27+J18) -> 99.95433 | K28: =(K25+K26+K27+K18) -> 97.8204 | L28: =(L25+L26+L27+L18) -> 98.57108 | M28: =(M25+M26+M27+M18) -> 99.29119 | N28: =(N25+N26+N27+N18) -> 98.46032 | ... R28: =(R25+R26+R27+R18) -> 98.27726
D29: CN | G29: =(100-G31-G32)/(1+(G26/G25)) -> 83.974158 | H29: =(100-H31-H32)/(1+(H26/H25)) -> 86.537886 | I29: =(100-I31-I32)/(1+(I26/I25)) -> 86.649437 | J29: =(100-J31-J32)/(1+(J26/J25)) -> 86.343037 | K29: =(100-K31-K32)/(1+(K26/K25)) -> 85.978342 | L29: =(100-L31-L32)/(1+(L26/L25)) -> 85.907462 | M29: =(100-M31-M32)/(1+(M26/M25)) -> 86.057725 | N29: =(100-N31-N32)/(1+(N26/N25)) -> 85.876238 | ... R29: =(100-R31-R32)/(1+(R26/R25)) -> 85.953213
D30: HN | F30: %wt | G30: =G29*(G26/G25) -> 9.7430342 | H30: =H29*(H26/H25) -> 13.200694 | I30: =I29*(I26/I25) -> 13.162319 | J30: =J29*(J26/J25) -> 13.465152 | K30: =K29*(K26/K25) -> 13.859226 | L30: =L29*(L26/L25) -> 13.759806 | M30: =M29*(M26/M25) -> 13.620937 | N30: =N29*(N26/N25) -> 13.760916 | ... R30: =R29*(R26/R25) -> 13.71832
D31: NN | G31: =G23*100/G28 -> 0.32836002 | H31: =H23*100/H28 -> 0.080820675 | I31: =I23*100/I28 -> 0.073434149 | J31: =J23*100/J28 -> 0.078758969 | K31: =K23*100/K28 -> 0.06695127 | L31: =L23*100/L28 -> 0.069976914 | M31: =M23*100/M28 -> 0.068848002 | N31: =N23*100/N28 -> 0.071663387 | ... R31: =R23*100/R28 -> 0.075915832
D32: SN | G32: =G18*100/G28 -> 5.9544474 | H32: =H18*100/H28 -> 0.18059929 | I32: =I18*100/I28 -> 0.11480955 | J32: =J18*100/J28 -> 0.11305163 | K32: =K18*100/K28 -> 0.095481106 | L32: =L18*100/L28 -> 0.26275455 | M32: =M18*100/M28 -> 0.25248967 | N32: =N18*100/N28 -> 0.29118329 | ... R32: =R18*100/R28 -> 0.25255079
D33: HN/CN | G33: =G30/G29 -> 0.1160242 | H33: =H30/H29 -> 0.15254237 | I33: =I30/I29 -> 0.15190311 | J33: =J30/J29 -> 0.15594948 | K33: =K30/K29 -> 0.16119438 | L33: =L30/L29 -> 0.16017009 | M33: =M30/M29 -> 0.15827675 | N33: =N30/N29 -> 0.16024125 | ... R33: =R30/R29 -> 0.15960218
D34: C | G34: =G25*100/G28 -> 83.865596 | H34: =H25*100/H28 -> 86.53799 | I34: =I25*100/I28 -> 86.631752 | J34: =J25*100/J28 -> 86.349436 | K34: =K25*100/K28 -> 85.932996 | L34: =L25*100/L28 -> 85.88726 | M34: =M25*100/M28 -> 86.029788 | N34: =N25*100/N28 -> 85.882313 | ... R34: =R25*100/R28 -> 85.940532
D35: H | G35: =G26*100/G28 -> 9.7304384 | H35: =H26*100/H28 -> 13.20071 | I35: =I26*100/I28 -> 13.159633 | J35: =J26*100/J28 -> 13.46615 | K35: =K26*100/K28 -> 13.851916 | L35: =L26*100/L28 -> 13.75657 | M35: =M26*100/M28 -> 13.616515 | N35: =N26*100/N28 -> 13.761889 | ... R35: =R26*100/R28 -> 13.716296
D36: N | G36: =G27*100/G28 -> 0.449518 | H36: =H27*100/H28 -> 0.080700941 | I36: =I27*100/I28 -> 0.0938061 | J36: =J27*100/J28 -> 0.071362591 | K36: =K27*100/K28 -> 0.11960695 | L36: =L27*100/L28 -> 0.093414823 | M36: =M27*100/M28 -> 0.10120737 | N36: =N27*100/N28 -> 0.064614862 | ... R36: =R27*100/R28 -> 0.090621167
D37: S | G37: =G18*100/G28 -> 5.9544474 | H37: =H18*100/H28 -> 0.18059929 | I37: =I18*100/I28 -> 0.11480955 | J37: =J18*100/J28 -> 0.11305163 | K37: =K18*100/K28 -> 0.095481106 | L37: =L18*100/L28 -> 0.26275455 | M37: =M18*100/M28 -> 0.25248967 | N37: =N18*100/N28 -> 0.29118329 | ... R37: =R18*100/R28 -> 0.25255079
D38: H/C | G38: =G35/G34 -> 0.1160242 | H38: =H35/H34 -> 0.15254237 | I38: =I35/I34 -> 0.15190311 | J38: =J35/J34 -> 0.15594948 | K38: =K35/K34 -> 0.16119438 | L38: =L35/L34 -> 0.16017009 | M38: =M35/M34 -> 0.15827675 | N38: =N35/N34 -> 0.16024125 | ... R38: =R35/R34 -> 0.15960218
D39: Simdist | E39: ASTM D2887 ASTM D7169 | F39: deg.C
D40: IBP | G40: 376 | H40: 55.1 | I40: ='MEBU HPS LTO DAILY Graph'!E123 -> 36.8 | J40: ='MEBU HPS LTO DAILY Graph'!F123 -> 36.5 | K40: ='MEBU HPS LTO DAILY Graph'!G123 -> 11.3 | L40: ='MEBU HPS LTO DAILY Graph'!H123 -> 11.1 | M40: ='MEBU HPS LTO DAILY Graph'!I123 -> 11.5 | N40: ='MEBU HPS LTO DAILY Graph'!J123 -> 11.2 | O40: ='MEBU HPS LTO DAILY Graph'!K123 -> 11.7 | P40: ='MEBU HPS LTO DAILY Graph'!L123 -> 11.3 | ... R40: ='MEBU HPS LTO DAILY Graph'!N123 -> 11.4
D41: 5 | G41: 510 | H41: 103 | I41: ='MEBU HPS LTO DAILY Graph'!E128 -> 102.9 | J41: ='MEBU HPS LTO DAILY Graph'!F128 -> 99 | K41: ='MEBU HPS LTO DAILY Graph'!G128 -> 57.2 | L41: ='MEBU HPS LTO DAILY Graph'!H128 -> 56.6 | M41: ='MEBU HPS LTO DAILY Graph'!I128 -> 57.4 | N41: ='MEBU HPS LTO DAILY Graph'!J128 -> 55.9 | O41: ='MEBU HPS LTO DAILY Graph'!K128 -> 58 | P41: ='MEBU HPS LTO DAILY Graph'!L128 -> 56.6 | ... R41: ='MEBU HPS LTO DAILY Graph'!N128 -> 57.3
D42: 10 | G42: 543.5 | H42: 127.7 | I42: ='MEBU HPS LTO DAILY Graph'!E133 -> 127.6 | J42: ='MEBU HPS LTO DAILY Graph'!F133 -> 124 | K42: ='MEBU HPS LTO DAILY Graph'!G133 -> 83.6 | L42: ='MEBU HPS LTO DAILY Graph'!H133 -> 75.7 | M42: ='MEBU HPS LTO DAILY Graph'!I133 -> 77.5 | N42: ='MEBU HPS LTO DAILY Graph'!J133 -> 75.8 | O42: ='MEBU HPS LTO DAILY Graph'!K133 -> 84.6 | P42: ='MEBU HPS LTO DAILY Graph'!L133 -> 75.6 | ... R42: ='MEBU HPS LTO DAILY Graph'!N133 -> 76.2
D43: 20 | G43: 578 | H43: 160.6 | I43: ='MEBU HPS LTO DAILY Graph'!E143 -> 157.3 | J43: ='MEBU HPS LTO DAILY Graph'!F143 -> 152.9 | K43: ='MEBU HPS LTO DAILY Graph'!G143 -> 118 | L43: ='MEBU HPS LTO DAILY Graph'!H143 -> 117.5 | M43: ='MEBU HPS LTO DAILY Graph'!I143 -> 118.5 | N43: ='MEBU HPS LTO DAILY Graph'!J143 -> 118.1 | O43: ='MEBU HPS LTO DAILY Graph'!K143 -> 118.8 | P43: ='MEBU HPS LTO DAILY Graph'!L143 -> 117.6 | ... R43: ='MEBU HPS LTO DAILY Graph'!N143 -> 118.3
D44: 30 | G44: 606 | H44: 178.2 | I44: ='MEBU HPS LTO DAILY Graph'!E153 -> 178.4 | J44: ='MEBU HPS LTO DAILY Graph'!F153 -> 176.4 | K44: ='MEBU HPS LTO DAILY Graph'!G153 -> 145.9 | L44: ='MEBU HPS LTO DAILY Graph'!H153 -> 145.3 | M44: ='MEBU HPS LTO DAILY Graph'!I153 -> 146.3 | N44: ='MEBU HPS LTO DAILY Graph'!J153 -> 145.6 | O44: ='MEBU HPS LTO DAILY Graph'!K153 -> 147.3 | P44: ='MEBU HPS LTO DAILY Graph'!L153 -> 145.8 | ... R44: ='MEBU HPS LTO DAILY Graph'!N153 -> 145.8
D45: 40 | G45: 635 | H45: 201.1 | I45: ='MEBU HPS LTO DAILY Graph'!E163 -> 199.6 | J45: ='MEBU HPS LTO DAILY Graph'!F163 -> 198.1 | K45: ='MEBU HPS LTO DAILY Graph'!G163 -> 171.7 | L45: ='MEBU HPS LTO DAILY Graph'!H163 -> 171.5 | M45: ='MEBU HPS LTO DAILY Graph'!I163 -> 171.9 | N45: ='MEBU HPS LTO DAILY Graph'!J163 -> 170.9 | O45: ='MEBU HPS LTO DAILY Graph'!K163 -> 172.9 | P45: ='MEBU HPS LTO DAILY Graph'!L163 -> 171 | ... R45: ='MEBU HPS LTO DAILY Graph'!N163 -> 170.6
D46: 50 | G46: 667 | H46: 223.9 | I46: ='MEBU HPS LTO DAILY Graph'!E173 -> 219.3 | J46: ='MEBU HPS LTO DAILY Graph'!F173 -> 217.8 | K46: ='MEBU HPS LTO DAILY Graph'!G173 -> 198.6 | L46: ='MEBU HPS LTO DAILY Graph'!H173 -> 197.3 | M46: ='MEBU HPS LTO DAILY Graph'!I173 -> 197 | N46: ='MEBU HPS LTO DAILY Graph'!J173 -> 196.2 | O46: ='MEBU HPS LTO DAILY Graph'!K173 -> 198.1 | P46: ='MEBU HPS LTO DAILY Graph'!L173 -> 196.1 | ... R46: ='MEBU HPS LTO DAILY Graph'!N173 -> 196
D47: 60 | G47: 705 | H47: 249.4 | I47: ='MEBU HPS LTO DAILY Graph'!E183 -> 241 | J47: ='MEBU HPS LTO DAILY Graph'!F183 -> 238.4 | K47: ='MEBU HPS LTO DAILY Graph'!G183 -> 221.4 | L47: ='MEBU HPS LTO DAILY Graph'!H183 -> 219.8 | M47: ='MEBU HPS LTO DAILY Graph'!I183 -> 219.3 | N47: ='MEBU HPS LTO DAILY Graph'!J183 -> 218.5 | O47: ='MEBU HPS LTO DAILY Graph'!K183 -> 220.6 | P47: ='MEBU HPS LTO DAILY Graph'!L183 -> 218.4 | ... R47: ='MEBU HPS LTO DAILY Graph'!N183 -> 218.8
D48: 70 | H48: 275.8 | I48: ='MEBU HPS LTO DAILY Graph'!E193 -> 267.2 | J48: ='MEBU HPS LTO DAILY Graph'!F193 -> 265.6 | K48: ='MEBU HPS LTO DAILY Graph'!G193 -> 249.8 | L48: ='MEBU HPS LTO DAILY Graph'!H193 -> 248.7 | M48: ='MEBU HPS LTO DAILY Graph'!I193 -> 248.3 | N48: ='MEBU HPS LTO DAILY Graph'!J193 -> 247.6 | O48: ='MEBU HPS LTO DAILY Graph'!K193 -> 249.3 | P48: ='MEBU HPS LTO DAILY Graph'!L193 -> 247.1 | ... R48: ='MEBU HPS LTO DAILY Graph'!N193 -> 247.1
D49: 80 | H49: 310.1 | I49: ='MEBU HPS LTO DAILY Graph'!E203 -> 298.3 | J49: ='MEBU HPS LTO DAILY Graph'!F203 -> 296.9 | K49: ='MEBU HPS LTO DAILY Graph'!G203 -> 283.2 | L49: ='MEBU HPS LTO DAILY Graph'!H203 -> 282.2 | M49: ='MEBU HPS LTO DAILY Graph'!I203 -> 282 | N49: ='MEBU HPS LTO DAILY Graph'!J203 -> 281.4 | O49: ='MEBU HPS LTO DAILY Graph'!K203 -> 282.7 | P49: ='MEBU HPS LTO DAILY Graph'!L203 -> 280.8 | ... R49: ='MEBU HPS LTO DAILY Graph'!N203 -> 280.4
D50: 90 | H50: 358.4 | I50: ='MEBU HPS LTO DAILY Graph'!E213 -> 342.1 | J50: ='MEBU HPS LTO DAILY Graph'!F213 -> 340.9 | K50: ='MEBU HPS LTO DAILY Graph'!G213 -> 329.8 | L50: ='MEBU HPS LTO DAILY Graph'!H213 -> 328.4 | M50: ='MEBU HPS LTO DAILY Graph'!I213 -> 328.6 | N50: ='MEBU HPS LTO DAILY Graph'!J213 -> 327.9 | O50: ='MEBU HPS LTO DAILY Graph'!K213 -> 328.9 | P50: ='MEBU HPS LTO DAILY Graph'!L213 -> 327.1 | ... R50: ='MEBU HPS LTO DAILY Graph'!N213 -> 326.5
D51: 95 | H51: 398.8 | I51: ='MEBU HPS LTO DAILY Graph'!E218 -> 377.7 | J51: ='MEBU HPS LTO DAILY Graph'!F218 -> 376.8 | K51: ='MEBU HPS LTO DAILY Graph'!G218 -> 367.9 | L51: ='MEBU HPS LTO DAILY Graph'!H218 -> 366.3 | M51: ='MEBU HPS LTO DAILY Graph'!I218 -> 366.9 | N51: ='MEBU HPS LTO DAILY Graph'!J218 -> 366.2 | O51: ='MEBU HPS LTO DAILY Graph'!K218 -> 366.5 | P51: ='MEBU HPS LTO DAILY Graph'!L218 -> 365.2 | ... R51: ='MEBU HPS LTO DAILY Graph'!N218 -> 364.8
D52: FBP | E52: Conversion | G52: <560 = 14.1% | H52: 494.8 | I52: ='MEBU HPS LTO DAILY Graph'!E223 -> 460.2 | J52: ='MEBU HPS LTO DAILY Graph'!F223 -> 459.7 | K52: ='MEBU HPS LTO DAILY Graph'!G223 -> 455 | L52: ='MEBU HPS LTO DAILY Graph'!H223 -> 450.2 | M52: ='MEBU HPS LTO DAILY Graph'!I223 -> 452.5 | N52: ='MEBU HPS LTO DAILY Graph'!J223 -> 450.7 | O52: ='MEBU HPS LTO DAILY Graph'!K223 -> 450.9 | P52: ='MEBU HPS LTO DAILY Graph'!L223 -> 449.2 | ... R52: ='MEBU HPS LTO DAILY Graph'!N223 -> 450.2
D53: CUT POINTS
D54: IBP-90 | E54: ASTM D2887 ASTM D7169 | F54: %wt | G54: 0 | H54: 2.5 | I54: 2.5 | J54: 3.5 | K54: 12 | L54: 12 | M54: 12 | N54: 12.5 | O54: 11.5 | P54: 12 | Q54: 12.5 | R54: 12
D55: 90-160 | G55: 0 | H55: 17.5 | I55: 18 | J55: 18.5 | K55: 23 | L55: 23 | M55: 23 | N55: 22.5 | O55: 22.5 | P55: 23 | Q55: 23 | R55: 23
D56: 160-250 | G56: 0 | H56: 40 | I56: 42.5 | J56: 42 | K56: 35 | L56: 35.5 | M56: 35.5 | N56: 36 | O56: 36 | P56: 36 | Q56: 35.5 | R56: 36
D57: 250-360 | G57: 0 | H57: 30 | I57: 30 | J57: 29 | K57: 24 | L57: 24 | M57: 24 | N57: 23.5 | O57: 24.5 | P57: 23.5 | Q57: 23.5 | R57: 23.5
D58: 360-500 | G58: 4.17 | H58: 10 | I58: 7 | J58: 7 | K58: 6 | L58: 5.5 | M58: 5.5 | N58: 5.5 | O58: 5.5 | P58: 5.5 | Q58: 5.5 | R58: 5.5
D59: 500-560 | G59: =14.05-G58 -> 9.88 | H59: 0 | I59: 0 | J59: 0 | K59: 0 | L59: 0 | M59: 0 | N59: 0 | O59: 0 | P59: 0 | Q59: 0 | R59: 0
D60: 560+ | G60: =100-SUM(G54:G59) -> 85.95 | H60: =100-SUM(H54:H59) -> 0 | I60: =100-SUM(I54:I59) -> 0 | J60: =100-SUM(J54:J59) -> 0 | K60: =100-SUM(K54:K59) -> 0 | L60: =100-SUM(L54:L59) -> 0 | M60: =100-SUM(M54:M59) -> 0 | N60: =100-SUM(N54:N59) -> 0 | ... R60: =100-SUM(R54:R59) -> 0
D61: TOTAL | G61: =SUM(G54:G60) -> 100 | H61: =SUM(H54:H60) -> 100 | I61: =SUM(I54:I60) -> 100 | J61: =SUM(J54:J60) -> 100 | K61: =SUM(K54:K60) -> 100 | L61: =SUM(L54:L60) -> 100 | M61: =SUM(M54:M60) -> 100 | N61: =SUM(N54:N60) -> 100 | ... R61: =SUM(R54:R60) -> 100
D62: SARA | E62: IP469 | F62: %
D63: Saturates | G63: 2.3 | H63: 41.4 | I63: 40.6 | J63: 40.5 | K63: 45.6 | L63: 52.2 | M63: 30.7 | N63: 31.6 | O63: 38.7 | P63: 39.6 | Q63: 40.5 | R63: 41.2
D64: Aromatics | G64: 41.8 | H64: 56.6 | I64: 56.8 | J64: 56.9 | K64: 51.8 | L64: 46.7 | M64: 67.3 | N64: 67.8 | O64: 59.2 | P64: 60.4 | Q64: 58.6 | R64: 56.6
D65: Resins | G65: 24.4 | H65: 0 | I65: 2.5 | J65: 2.2 | K65: 2.6 | L65: 1.1 | M65: 2 | N65: 0.5 | O65: 2.1 | P65: 0 | Q65: 0.9 | R65: 2.3
D66: Asphaltenes | G66: 31.6 | H66: 2 | I66: 0.2 | J66: 0.4 | K66: 0 | L66: 0 | M66: 0 | N66: 0 | O66: 0 | P66: 0 | Q66: 0 | R66: 0

Sheet MEBU HPS LTO DAILY Graph
D1: RHCU Pilot Plant Laboratory Worksheet
D2: Batch Name : | H2: SR ABQ3358 ACCEPTANCE TEST
D3: Date : | H3: 14-25/12/2024
D4: Note : | H4: MEBU ACCEPTANCE TEST
G14: FEED | H14: IN 11:00 AM OUT 17:30 AM | I14: IN 00:00 AM OUT 02:00 AM | J14: IN 09:00 AM OUT 17:00 AM | K14: IN 22:00 PM OUT 04:00 AM | L14: IN 8:00 AM OUT 8:00 PM | M14: IN OUT 07.15 | N14: DAY1 | O14: DAY2 | P14: DAY3 | Q14: DAY4 | R14: DAY5 | S14: DAY6 | T14: DAY7 | U14: DAY8 | V14: DAY9 | W14: DAY10 | X14: DAY11
D15: HPS | G15: ABQ3358 | H15: 14 | I15: 14-15 | J15: 15 | K15: 15-16 | L15: 16 | M15: 16-17
D16: SIMDIST | E16: 500 | F16: 560 | G16: FEED | H16: 141224 | I16: 151224 | J16: 151224 | K16: 161224 | L16: 171224 | M16: 171224 | N16: 181224 | O16: 191224 | P16: 201224 | Q16: 211224 | R16: 221224 | S16: 231224 | T16: 241224 | U16: 251224 | V16: 261224 | W16: 271224 | X16: 281224
D17: 0 | E17: 500 | F17: 560 | G17: 375.98 | H17: 161 | I17: 159 | J17: 162 | K17: 167 | L17: 163 | M17: 166 | O17: 94.4 | P17: 97.26 | Q17: 95.55 | R17: 99.9 | S17: 162 | T17: 94.68 | U17: 85.31 | V17: 83.48 | W17: 83.78 | X17: 69
D18: 1 | E18: 500 | F18: 560 | G18: 402 | H18: 190 | I18: 187 | J18: 190 | K18: 197 | L18: 195 | M18: 197 | O18: 119.27 | P18: 122.15 | Q18: 121.33 | R18: 127.72 | S18: 172.5 | T18: 120.64 | U18: 104.12 | V18: 100.6 | W18: 103.64 | X18: 83
D19: 2 | E19: 500 | F19: 560 | G19: 422 | H19: 231 | I19: 229 | J19: 229 | K19: 236 | L19: 237 | M19: 240 | O19: 148.83 | P19: 154.14 | Q19: 152.68 | R19: 158.43 | S19: 190.5 | T19: 150.78 | U19: 139.81 | V19: 139.77 | W19: 139.93 | X19: 138
D20: 3 | E20: 500 | F20: 560 | G20: 462 | H20: 261 | I20: 261 | J20: 259 | K20: 266 | L20: 270 | M20: 271 | O20: 170.14 | P20: 173.44 | Q20: 172.57 | R20: 177.31 | S20: 204.5 | T20: 171.13 | U20: 162.65 | V20: 163.13 | W20: 163 | X20: 162
D21: 4 | E21: 500 | F21: 560 | G21: 489 | H21: 285 | I21: 288 | J21: 284 | K21: 290 | L21: 297 | M21: 298 | O21: 185.01 | P21: 190.25 | Q21: 189.45 | R21: 194.12 | S21: 217.5 | T21: 186.47 | U21: 180.23 | V21: 181.27 | W21: 180.54 | X21: 179
D22: 5 | E22: 500 | F22: 560 | G22: 510 | H22: 306 | I22: 309 | J22: 304 | K22: 310 | L22: 318 | M22: 318 | O22: 199.54 | P22: 203.42 | Q22: 203.23 | R22: 207.74 | S22: 229 | T22: 201.61 | U22: 195.08 | V22: 197.13 | W22: 195.45 | X22: 194
D23: 6 | E23: 500 | F23: 560 | G23: 518 | H23: 323 | I23: 328 | J23: 321 | K23: 327 | L23: 337 | M23: 336 | O23: 211.85 | P23: 215.86 | Q23: 215.87 | R23: 220.1 | S23: 240 | T23: 214.77 | U23: 207.75 | V23: 209.1 | W23: 208.08 | X23: 207
D24: 7 | E24: 500 | F24: 560 | G24: 525 | H24: 339 | I24: 344 | J24: 337 | K24: 342 | L24: 353 | M24: 352 | O24: 222.31 | P24: 226.8 | Q24: 226.97 | R24: 231.49 | S24: 251 | T24: 226.44 | U24: 219.36 | V24: 220.51 | W24: 219.63 | X24: 218
D25: 8 | E25: 500 | F25: 560 | G25: 533 | H25: 353 | I25: 359 | J25: 351 | K25: 355 | L25: 368 | M25: 367 | O25: 232.37 | P25: 236.7 | Q25: 237.07 | R25: 241.99 | S25: 260 | T25: 236.98 | U25: 230.14 | V25: 231.51 | W25: 230.41 | X25: 229
D26: 9 | E26: 500 | F26: 560 | G26: 538 | H26: 366 | I26: 373 | J26: 364 | K26: 369 | L26: 382 | M26: 380 | O26: 242.16 | P26: 247.63 | Q26: 248.03 | R26: 251.72 | S26: 269 | T26: 248.45 | U26: 239.76 | V26: 241.52 | W26: 239.97 | X26: 239
D27: 10 | E27: 500 | F27: 560 | G27: 543.5 | H27: 378 | I27: 386 | J27: 376 | K27: 380 | L27: 394 | M27: 392 | O27: 251.34 | P27: 256.39 | Q27: 256.96 | R27: 260.96 | S27: 277.5 | T27: 257.93 | U27: 249.77 | V27: 251.17 | W27: 249.92 | X27: 249
D28: 11 | E28: 500 | F28: 560 | G28: 548 | H28: 389 | I28: 398 | J28: 387 | K28: 391 | L28: 407 | M28: 404 | O28: 259.73 | P28: 265.21 | Q28: 265.81 | R28: 269.26 | S28: 285.5 | T28: 267.47 | U28: 258.4 | V28: 259.89 | W28: 258.45 | X28: 257
... D77: 60 | E77: 500 | F77: 560 | G77: 705 | H77: 661 | I77: 701 | J77: 657 | K77: 657 | L77: 719 | M77: 698 | O77: 506.8 | P77: 517.64 | Q77: 517.64 | R77: 519.87 | S77: 534 | T77: 527.08 | U77: 509.77 | V77: 514.64 | W77: 506.44 | X77: 526
D78: 61 | E78: 500 | F78: 560 | G78: 708 | H78: 668 | I78: 709 | J78: 662 | K78: 663 | M78: 706 | O78: 511.15 | P78: 522.02 | Q78: 522.02 | R78: 524.19 | S78: 538 | T78: 531.42 | U78: 514.28 | V78: 519.26 | W78: 510.89 | X78: 531
D79: 62 | E79: 500 | F79: 560 | G79: 713 | H79: 674 | I79: 720 | J79: 669 | K79: 670 | M79: 716 | O79: 515.47 | P79: 526.29 | Q79: 526.29 | R79: 528.41 | S79: 542.5 | T79: 535.75 | U79: 518.82 | V79: 523.82 | W79: 515.32 | X79: 536
D80: 63 | E80: 500 | F80: 560 | G80: 718 | H80: 682 | J80: 675 | K80: 677 | O80: 519.83 | P80: 530.56 | Q80: 530.56 | R80: 532.6 | S80: 546.5 | T80: 540.06 | U80: 523.32 | V80: 528.27 | W80: 519.79 | X80: 541
D81: 64 | E81: 500 | F81: 560 | G81: 720 | H81: 690 | J81: 683 | K81: 685 | O81: 524.13 | P81: 534.79 | Q81: 534.79 | R81: 536.81 | S81: 551 | T81: 544.33 | U81: 527.71 | V81: 532.73 | W81: 524.22 | X81: 546
D82: 65 | E82: 500 | F82: 560 | H82: 697 | J82: 690 | K82: 692 | O82: 528.32 | P82: 539.03 | Q82: 539.03 | R82: 540.99 | S82: 555 | T82: 548.63 | U82: 532.12 | V82: 537.22 | W82: 528.56 | X82: 551
D83: 66 | E83: 500 | F83: 560 | H83: 706 | J83: 696 | K83: 700 | O83: 532.51 | P83: 543.24 | Q83: 543.24 | R83: 545.16 | S83: 559 | T83: 552.94 | U83: 536.55 | V83: 541.7 | W83: 532.89 | X83: 556
D84: 67 | E84: 500 | F84: 560 | H84: 717 | J84: 703 | K84: 709 | O84: 536.73 | P84: 547.48 | Q84: 547.48 | R84: 549.34 | S84: 563 | T84: 557.16 | U84: 540.97 | V84: 546.18 | W84: 537.25 | X84: 561
D85: 68 | E85: 500 | F85: 560 | J85: 711 | K85: 719 | O85: 540.93 | P85: 551.72 | Q85: 551.72 | R85: 553.52 | S85: 567 | T85: 561.2 | U85: 545.39 | V85: 550.7 | W85: 541.62 | X85: 566
D86: 69 | E86: 500 | F86: 560 | J86: 719 | O86: 545.11 | P86: 555.95 | Q86: 555.95 | R86: 557.6 | S86: 571 | T86: 565.26 | U86: 549.86 | V86: 555.23 | W86: 545.98 | X86: 570
D87: 70 | E87: 500 | F87: 560 | O87: 549.33 | P87: 559.92 | Q87: 559.92 | R87: 561.54 | S87: 575 | T87: 569.39 | U87: 554.34 | V87: 559.54 | W87: 550.36 | X87: 575
D88: 71 | E88: 500 | F88: 560 | O88: 553.56 | P88: 563.94 | Q88: 563.94 | R88: 565.5 | S88: 579.5 | T88: 573.6 | U88: 558.66 | V88: 563.86 | W88: 554.78 | X88: 580
D89: 72 | E89: 500 | F89: 560 | O89: 557.68 | P89: 568.01 | Q89: 568.01 | R89: 569.53 | S89: 584 | T89: 577.98 | U89: 562.95 | V89: 568.25 | W89: 558.99 | X89: 586
D90: 73 | E90: 500 | F90: 560 | O90: 561.69 | P90: 572.16 | Q90: 572.16 | R90: 573.63 | S90: 588.5 | T90: 582.52 | U90: 567.29 | V90: 572.75 | W90: 563.2 | X90: 591
D91: 74 | E91: 500 | F91: 560 | O91: 565.72 | P91: 576.43 | Q91: 576.43 | R91: 577.9 | S91: 593 | T91: 587.01 | U91: 571.73 | V91: 577.43 | W91: 567.47 | X91: 597
D92: 75 | E92: 500 | F92: 560 | O92: 569.84 | P92: 580.87 | Q92: 580.87 | R92: 582.31 | S92: 597.5 | T92: 591.57 | U92: 576.32 | V92: 582.31 | W92: 571.82 | X92: 603
D93: 76 | E93: 500 | F93: 560 | O93: 574.05 | P93: 585.37 | Q93: 585.37 | R93: 586.69 | S93: 602.5 | T93: 596.33 | U93: 581.13 | V93: 587.16 | W93: 576.33 | X93: 609
D94: 77 | E94: 500 | F94: 560 | O94: 578.45 | P94: 589.85 | Q94: 589.85 | R94: 591.15 | S94: 608 | T94: 601.33 | U94: 585.99 | V94: 592.15 | W94: 581.04 | X94: 616
D95: 78 | E95: 500 | F95: 560 | O95: 583 | P95: 594.52 | Q95: 594.52 | R95: 595.76 | S95: 613.5 | T95: 606.67 | U95: 590.9 | V95: 597.35 | W95: 585.79 | X95: 623
D96: 79 | E96: 500 | F96: 560 | O96: 587.49 | P96: 599.4 | Q96: 599.4 | R96: 600.59 | S96: 619 | T96: 612.23 | U96: 596.02 | V96: 602.91 | W96: 590.59 | X96: 630
D97: 80 | E97: 500 | F97: 560 | O97: 592.11 | P97: 604.59 | Q97: 604.59 | R97: 605.76 | S97: 625 | T97: 618.02 | U97: 601.44 | V97: 608.82 | W97: 595.58 | X97: 638
D98: 81 | E98: 500 | F98: 560 | O98: 596.93 | P98: 610.08 | Q98: 610.08 | R98: 611.16 | S98: 631.5 | T98: 624.05 | U98: 607.24 | V98: 615.03 | W98: 600.83 | X98: 646
... D105: 88 | E105: 500 | F105: 560 | O105: 639.15 | P105: 657.37 | Q105: 657.37 | R105: 657.52 | S105: 693.5 | T105: 681.42 | U105: 658.38 | V105: 672.22 | W105: 646.99 | X105: 719
D106: 89 | E106: 500 | F106: 560 | O106: 646.79 | P106: 666.4 | Q106: 666.4 | R106: 666.27 | S106: 705 | T106: 693.26 | U106: 668.4 | V106: 684.42 | W106: 655.66
D107: 90 | E107: 500 | F107: 560 | O107: 655.29 | P107: 676.07 | Q107: 676.07 | R107: 676.07 | S107: 718.5 | T107: 705.02 | U107: 679.86 | V107: 697.29 | W107: 665.07
D108: 91 | E108: 500 | F108: 560 | O108: 664.56 | P108: 686.95 | Q108: 686.95 | R108: 686.95 | T108: 718.24 | U108: 692.47 | V108: 710.49 | W108: 675.78
D109: 92 | E109: 500 | F109: 560 | O109: 675.22 | P109: 697.83 | Q109: 697.83 | R109: 697.83 | U109: 704.89 | W109: 687.91
D110: 93 | E110: 500 | F110: 560 | O110: 687.44 | P110: 708.49 | Q110: 708.49 | R110: 708.49 | U110: 718.83 | W110: 700.22
D111: 94 | E111: 500 | F111: 560 | O111: 700.09 | P111: 720.1 | Q111: 720.1 | R111: 720.1 | W111: 713.04
D112: 95 | E112: 500 | F112: 560 | O112: 713.39 | P112: 722.84 | Q112: 722.84 | R112: 722.84 | W112: 715
D113: 96 | E113: 500 | F113: 560
D114: 97 | E114: 500 | F114: 560
D115: 98 | E115: 500 | F115: 560
D116: 99 | E116: 500 | F116: 560
D117: 100 | E117: 500 | F117: 560
X120: HT SIMDIST RESULTS COMPARISON AFTER BP RECALIBRATION
D121: LTO | E121: DAY2 | F121: DAY3 | G121: DAY4 | H121: DAY5 | I121: DAY6 | J121: DAY7 | K121: DAY8 | L121: DAY9 | M121: DAY10 | N121: DAY11 | Q121: DAY4 | R121: DAY4 | S121: DAY9 | T121: DAY9 | U121: DAY10 | V121: DAY10
D122: SIMDIST | E122: 191224 | F122: 201224 | G122: 211224 | H122: 221224 | I122: 231224 | J122: 241224 | K122: 251224 | L122: 261224 | M122: 271224 | N122: 281224 | Q122: PILOT | R122: MAINLAB | S122: PILOT | T122: MAINLAB | U122: PILOT | V122: MAINLAB | X122: DAY4 | Y122: DAY4 | Z122: DAY9 | AA122: DAY9 | AB122: DAY10 | AC122: DAY10
D123: 0 | E123: 36.8 | F123: 36.5 | G123: 11.3 | H123: 11.1 | I123: 11.5 | J123: 11.2 | K123: 11.7 | L123: 11.3 | M123: 11.2 | N123: 11.4 | Q123: 100 | R123: 95.55 | S123: 97 | T123: 83.48 | U123: 99 | V123: 83.78 | W123: CUT POINTS | X123: PILOT | Y123: MAINLAB | Z123: PILOT | AA123: MAINLAB | AB123: PILOT | AC123: MAINLAB
D124: 1 | E124: 62.4 | F124: 56.9 | G124: 11.9 | H124: 11.8 | I124: 12.2 | J124: 12 | K124: 12.4 | L124: 12 | M124: 11.9 | N124: 12.2 | Q124: 126 | R124: 121.33 | S124: 120 | T124: 100.6 | U124: 122 | V124: 103.64 | W124: IBP-90 | X124: 0.303 | Y124: 0.4 | Z124: 0.409 | AA124: 0.79 | AB124: 0.351 | AC124: 0.63
D125: 2 | E125: 83.8 | F125: 69.5 | G125: 28.1 | H125: 27.8 | I125: 28.4 | J125: 28 | K125: 29.1 | L125: 27.9 | M125: 27.8 | N125: 28.4 | Q125: 152 | R125: 152.68 | S125: 150 | T125: 139.77 | U125: 149 | V125: 139.93 | W125: 90-160 | X125: 1.985 | Y125: 1.93 | Z125: 1.979 | AA125: 1.97 | AB125: 2.177 | AC125: 2.15
D126: 3 | E126: 91.4 | F126: 84.6 | G126: 36.6 | H126: 36.5 | I126: 36.9 | J126: 36.7 | K126: 37.1 | L126: 36.5 | M126: 36.5 | N126: 36.9 | Q126: 172 | R126: 172.57 | S126: 169 | T126: 163.13 | U126: 165 | V126: 163 | W126: 160-250 | X126: 7.994 | Y126: 6.87 | Z126: 7.92 | AA126: 7.11 | AB126: 8.485 | AC126: 7.22
D127: 4 | E127: 99.2 | F127: 91.6 | G127: 37.2 | H127: 37 | I127: 37.4 | J127: 37.2 | K127: 37.9 | L127: 37.1 | M127: 37 | N127: 37.4 | Q127: 187 | R127: 189.45 | S127: 185 | T127: 181.27 | U127: 179 | V127: 180.54 | W127: 250-360 | X127: 17.683 | Y127: 16.9 | Z127: 17.522 | AA127: 17.21 | AB127: 18.216 | AC127: 17.65
D128: 5 | E128: 102.9 | F128: 99 | G128: 57.2 | H128: 56.6 | I128: 57.4 | J128: 55.9 | K128: 58 | L128: 56.6 | M128: 56.3 | N128: 57.3 | Q128: 199 | R128: 203.23 | S128: 198 | T128: 197.13 | U128: 193 | V128: 195.45 | W128: 360-500 | X128: 30.967 | Y128: 29.89 | Z128: 30.043 | AA128: 29.71 | AB128: 30.965 | AC128: 30.88
D129: 6 | E129: 113.5 | F129: 102.5 | G129: 61.9 | H129: 58.1 | I129: 58.9 | J129: 58.2 | K129: 63.1 | L129: 58.1 | M129: 57.9 | N129: 58.7 | Q129: 210 | R129: 215.87 | S129: 209 | T129: 209.1 | U129: 203 | V129: 208.08 | W129: 500-560 | X129: 13.996 | Y129: 14.02 | Z129: 13.017 | AA129: 13.31 | AB129: 13.379 | AC129: 13.7
D130: 7 | E130: 118 | F130: 112.3 | G130: 69.3 | H130: 68.9 | I130: 69.5 | J130: 64.3 | K130: 69.8 | L130: 68.7 | M130: 68.5 | N130: 69.4 | Q130: 220 | R130: 226.97 | S130: 219 | T130: 220.51 | U130: 214 | V130: 219.63 | W130: 560+ | X130: =100-SUM(X124:X129) -> 27.072 | Y130: 29.99 | Z130: =100-SUM(Z124:Z129) -> 29.11 | AA130: 29.9 | AB130: =100-SUM(AB124:AB129) -> 26.427 | AC130: =100-SUM(AC124:AC129) -> 27.77
D131: 8 | E131: 119.8 | F131: 117.5 | G131: 69.7 | H131: 69.5 | I131: 70.1 | J131: 69.7 | K131: 70.2 | L131: 69.4 | M131: 69.4 | N131: 70 | Q131: 230 | R131: 237.07 | S131: 229 | T131: 231.51 | U131: 223 | V131: 230.41 | W131: TOTAL | X131: =SUM(X124:X130) -> 100 | Y131: =SUM(Y124:Y130) -> 100 | Z131: =SUM(Z124:Z130) -> 100 | AA131: =SUM(AA124:AA130) -> 100 | AB131: =SUM(AB124:AB130) -> 100 | AC131: =SUM(AC124:AC130) -> 100
D132: 9 | E132: 126.7 | F132: 119.2 | G132: 70.3 | H132: 69.8 | I132: 70.5 | J132: 70 | K132: 75.6 | L132: 69.7 | M132: 69.7 | N132: 70.4 | Q132: 238 | R132: 248.03 | S132: 238 | T132: 241.52 | U132: 233 | V132: 239.97
D133: 10 | E133: 127.6 | F133: 124 | G133: 83.6 | H133: 75.7 | I133: 77.5 | J133: 75.8 | K133: 84.6 | L133: 75.6 | M133: 75.4 | N133: 76.2 | Q133: 248 | R133: 256.96 | S133: 247 | T133: 251.17 | U133: 241 | V133: 249.92
D134: 11 | E134: 132.3 | F134: 127.1 | G134: 88.2 | H134: 84.9 | I134: 88.5 | J134: 85 | K134: 89 | L134: 85.2 | M134: 84.4 | N134: 88.4 | Q134: 255 | R134: 265.81 | S134: 255 | T134: 259.89 | U134: 250 | V134: 258.45
D135: 12 | E135: 134.9 | F135: 127.7 | G135: 90.6 | H135: 88.8 | I135: 89.8 | J135: 89.5 | K135: 91.6 | L135: 88.7 | M135: 88.6 | N135: 89.8 | Q135: 263 | R135: 273.86 | S135: 263 | T135: 268.35 | U135: 257 | V135: 267.05
D136: 13 | E136: 139.4 | F136: 134.2 | G136: 92.6 | H136: 91.2 | I136: 92.3 | J136: 92 | K136: 94.6 | L136: 91.2 | M136: 91 | N136: 92.3 | Q136: 271 | R136: 281.76 | S136: 271 | T136: 276.24 | U136: 265 | V136: 274.61
D137: 14 | E137: 141.9 | F137: 138.7 | G137: 98.8 | H137: 98.3 | I137: 99.2 | J137: 98.8 | K137: 99.4 | L137: 98.2 | M137: 97.9 | N137: 99.2 | Q137: 279 | R137: 289.23 | S137: 279 | T137: 283.9 | U137: 272 | V137: 282.22
D138: 15 | E138: 144.6 | F138: 141.4 | G138: 99.3 | H138: 98.8 | I138: 99.9 | J138: 99.6 | K138: 99.8 | L138: 98.8 | M138: 98.7 | N138: 99.8 | Q138: 286 | R138: 296.06 | S138: 286 | T138: 291.12 | U138: 280 | V138: 289.24
D139: 16 | E139: 146.7 | F139: 143.9 | G139: 99.8 | H139: 99.2 | I139: 100.3 | J139: 99.9 | K139: 102.9 | L139: 99.1 | M139: 99.1 | N139: 100.2 | Q139: 293 | R139: 302.16 | S139: 293 | T139: 297.76 | U139: 287 | V139: 295.84
D140: 17 | E140: 149.6 | F140: 146 | G140: 103.1 | H140: 102.5 | I140: 103.5 | J140: 103.1 | K140: 106.4 | L140: 102.4 | M140: 102.3 | N140: 103.4 | Q140: 300 | R140: 308.88 | S140: 300 | T140: 303.61 | U140: 293 | V140: 301.66
D141: 18 | E141: 153.2 | F141: 148.2 | G141: 109.5 | H141: 106.5 | I141: 108 | J141: 106.8 | K141: 113.8 | L141: 106.5 | M141: 106 | N141: 107.3 | Q141: 306 | R141: 314.67 | S141: 306 | T141: 310.04 | U141: 300 | V141: 308.17
D142: 19 | E142: 153.7 | F142: 152.5 | G142: 115.9 | H142: 113.7 | I142: 114.8 | J142: 114.1 | K142: 117.9 | L142: 113.7 | M142: 113.4 | N142: 114.4 | Q142: 312 | R142: 321.03 | S142: 312 | T142: 315.44 | U142: 306 | V142: 314
D143: 20 | E143: 157.3 | F143: 152.9 | G143: 118 | H143: 117.5 | I143: 118.5 | J143: 118.1 | K143: 118.8 | L143: 117.6 | M143: 117.4 | N143: 118.3 | Q143: 317 | R143: 327.3 | S143: 318 | T143: 321.87 | U143: 312 | V143: 319.86
... D213: 90 | E213: 342.1 | F213: 340.9 | G213: 329.8 | H213: 328.4 | I213: 328.6 | J213: 327.9 | K213: 328.9 | L213: 327.1 | M213: 326.4 | N213: 326.5 | Q213: 647 | R213: 676.07 | S213: 696 | T213: 697.29 | U213: 654 | V213: 665.07
D214: 91 | E214: 347.4 | F214: 346.3 | G214: 335.7 | H214: 334.1 | I214: 334.4 | J214: 333.7 | K214: 334.6 | L214: 332.8 | M214: 332.1 | N214: 332.3 | Q214: 654 | R214: 686.95 | T214: 710.49 | U214: 663 | V214: 675.78
D215: 92 | E215: 354.1 | F215: 353.2 | G215: 343.3 | H215: 341.8 | I215: 342.1 | J215: 341.5 | K215: 342.2 | L215: 340.6 | M215: 339.9 | N215: 340.1 | Q215: 663 | R215: 697.83 | U215: 674 | V215: 687.91
D216: 93 | E216: 360.9 | F216: 359.9 | G216: 350.3 | H216: 348.8 | I216: 349.2 | J216: 348.5 | K216: 349.1 | L216: 347.5 | M216: 346.7 | N216: 347 | Q216: 673 | R216: 708.49 | U216: 687 | V216: 700.22
D217: 94 | E217: 369 | F217: 368.1 | G217: 358.2 | H217: 357.2 | I217: 357.6 | J217: 357.1 | K217: 357.4 | L217: 356.2 | M217: 355.4 | N217: 355.7 | Q217: 685 | R217: 720.1 | U217: 700 | V217: 713.04
D218: 95 | E218: 377.7 | F218: 376.8 | G218: 367.9 | H218: 366.3 | I218: 366.9 | J218: 366.2 | K218: 366.5 | L218: 365.2 | M218: 364.4 | N218: 364.8 | Q218: 697 | R218: 722.84 | U218: 715
D219: 96 | E219: 388 | F219: 387.1 | G219: 378.6 | H219: 376.8 | I219: 377.5 | J219: 376.7 | K219: 376.9 | L219: 375.6 | M219: 374.7 | N219: 375.3 | Q219: 710
D220: 97 | E220: 400.6 | F220: 399.8 | G220: 391.7 | H220: 389.7 | I220: 390.6 | J220: 389.7 | K220: 389.7 | L220: 388.5 | M220: 387.6 | N220: 388.3
D221: 98 | E221: 416.6 | F221: 415.9 | G221: 408.6 | H221: 406.1 | I221: 407.2 | J221: 406.2 | K221: 406.1 | L221: 404.7 | M221: 403.7 | N221: 404.7
D222: 99 | E222: 440.7 | F222: 440.2 | G222: 433.9 | H222: 430.5 | I222: 432 | J222: 430.8 | K222: 430.8 | L222: 429.2 | M222: 428 | N222: 429.7
D223: 100 | E223: 460.2 | F223: 459.7 | G223: 455 | H223: 450.2 | I223: 452.5 | J223: 450.7 | K223: 450.9 | L223: 449.2 | M223: 447.6 | N223: 450.2

Sheet ISV
D1: RHCU Pilot Plant Laboratory Worksheet
D2: Batch Name : | E2: SR ABQ3358 ACCEPTANCE TEST
D3: Date : | E3: 14-25/12/2024
D4: Note : | E4: MEBU ACCEPTANCE TEST | H4: SAMPLE INVESTIGATION
H5: Lab test 251224 | I5: Lab test 251224 | J5: Lab test 261224 | K5: Lab test 271224
H6: 241224 | I6: 241224 | J6: 251224 | K6: 261224
D7: Properties | E7: Method | F7: Unit | G7: SR ABQ3358 | H7: ISV | I7: ISV+HPS+RX | J7: ISV | K7: ISV
D8: ICP | E8: ASTM D7691 UOP 389 | F8: PPMw
D9: Nickle (Ni) | G9: 73.4 | H9: 309.79 | I9: 350.77 | J9: 571.3 | K9: 90.29 | O9: 241224 | P9: 241224 | Q9: 251224 | R9: 261224
D10: Vanadium (V) | G10: 238.34 | H10: 774.81 | I10: 1061.13 | J10: 1574.5 | K10: 255.56
D11: Sodium (Na) | G11: 26.05 | H11: 2254.55 | I11: 130.3 | J11: 196.85 | K11: 36.51 | O11: ISV1 | P11: ISV1+HPS+RX | Q11: ISV2 | R11: ISV3
D12: Calcium (Ca) | G12: 14.22 | H12: 61.04 | I12: 31.41 | J12: 37.14 | K12: 2.31 | N12: 0 | O12: 165.07 | P12: 98.16 | Q12: 157 | R12: 182
D13: Iron (Fe) | G13: 19.4 | H13: 1501.29 | I13: 571.87 | J13: 746.91 | K13: 80.3 | N13: 1 | O13: 193.11 | P13: 135.27 | Q13: 186 | R13: 207
D14: Ni | G14: - | H14: 73.555858 | I14: =100-((I9/$G$9)*100) -> -377.88828 | J14: =100-((J9/$G$9)*100) -> -678.33787 | K14: =100-((K9/$G$9)*100) -> -23.010899 | N14: 2 | O14: 249.62 | P14: 171.91 | Q14: 220 | R14: 235
D15: V | E15: HDM Conversion | F15: % | G15: - | H15: 88.709407 | I15: =100-((I10/G10)*100) -> -345.21692 | J15: =100-((J10/$G$10)*100) -> -560.61089 | K15: =100-((K10/$G$10)*100) -> -7.2249727 | N15: 3 | O15: 285.27 | P15: 199.61 | Q15: 245 | R15: 255
D16: Ni+V | G16: - | H16: 85.141464 | I16: =100-(((I9+I10)/($G$9+$G$10))*100) -> -352.90948 | J16: =100-(((J9+J10)/($G$9+$G$10))*100) -> -588.33002 | K16: =100-(((K9+K10)/($G$9+$G$10))*100) -> -10.94181 | N16: 4 | O16: 312.19 | P16: 222.95 | Q16: 264 | R16: 271
D17: Simdist | E17: ASTM D2887 ASTM D7169 | F17: deg.C | N17: 5 | O17: 332.77 | P17: 243.6 | Q17: 283 | R17: 286
D18: IBP | G18: 376 | H18: =O12 -> 165.07 | I18: =P12 -> 98.16 | J18: =Q12 -> 157 | K18: =R12 -> 182 | N18: 6 | O18: 349.13 | P18: 261.6 | Q18: 299 | R18: 300
D19: 5 | G19: 510 | H19: =O17 -> 332.77 | I19: =P17 -> 243.6 | J19: =Q17 -> 283 | K19: =R17 -> 286 | N19: 7 | O19: 361.65 | P19: 277.99 | Q19: 313 | R19: 313
D20: 10 | G20: 543.5 | H20: =O22 -> 388.41 | I20: =P22 -> 319.3 | J20: =Q22 -> 351 | K20: =R22 -> 347 | N20: 8 | O20: 372.05 | P20: 293.27 | Q20: 327 | R20: 325
D21: 20 | G21: 578 | H21: =O32 -> 443.68 | I21: =P32 -> 412.74 | J21: =Q32 -> 442 | K21: =R32 -> 432 | N21: 9 | O21: 380.52 | P21: 306.78 | Q21: 339 | R21: 336
D22: 30 | G22: 606 | H22: =O42 -> 495.08 | I22: =P42 -> 483.79 | J22: =Q42 -> 514 | K22: =R42 -> 502 | N22: 10 | O22: 388.41 | P22: 319.3 | Q22: 351 | R22: 347
D23: 40 | G23: 635 | H23: =O52 -> 545.3 | I23: =P52 -> 535.23 | J23: =Q52 -> 563 | K23: =R52 -> 551 | N23: 11 | O23: 395.16 | P23: 331.31 | Q23: 361 | R23: 357
D24: 50 | G24: 667 | H24: =O62 -> 585.47 | I24: =P62 -> 570.67 | J24: =Q62 -> 601 | K24: =R62 -> 586 | N24: 12 | O24: 401.24 | P24: 342.52 | Q24: 372 | R24: 367
D25: 60 | G25: 705 | H25: =O72 -> 626.85 | I25: =P72 -> 603.2 | J25: =Q72 -> 646 | K25: =R72 -> 622 | N25: 13 | O25: 407.47 | P25: 353.26 | Q25: 382 | R25: 376
D26: 70 | H26: =O82 -> 680.07 | I26: =P82 -> 641.77 | J26: =Q82 -> 0 | K26: =R82 -> 668 | N26: 14 | O26: 412.88 | P26: 362.67 | Q26: 391 | R26: 385
D27: 80 | I27: =P92 -> 693.72 | J27: =Q92 -> 0 | K27: =R92 -> 0 | N27: 15 | O27: 418.47 | P27: 372.04 | Q27: 400 | R27: 393
D28: 90 | N28: 16 | O28: 423.55 | P28: 380.63 | Q28: 409 | R28: 401
D29: 95 | N29: 17 | O29: 428.62 | P29: 389.14 | Q29: 417 | R29: 409
D30: FBP | E30: Conversion | G30: <560 = 14.1% | H30: =SUM(H32:H37)-SUM($G$36:$G$37) -> 29.37 | I30: =SUM(I32:I37)-SUM($G$36:$G$37) -> 32.61 | J30: =SUM(J32:J37)-SUM($G$36:$G$37) -> 25.083 | K30: =SUM(K32:K37)-SUM($G$36:$G$37) -> 28.167 | N30: 18 | O30: 433.72 | P30: 397.36 | Q30: 425 | R30: 417
D31: CUT POINTS | N31: 19 | O31: 438.58 | P31: 405.09 | Q31: 434 | R31: 425
D32: IBP-90 | E32: ASTM D2887 ASTM D7169 | F32: %wt | G32: 0 | H32: 0 | I32: 0.41 | J32: 0.07 | K32: 0.004 | N32: 20 | O32: 443.68 | P32: 412.74 | Q32: 442 | R32: 432
D33: 90-160 | G33: 0 | H33: 0.36 | I33: 1.19 | J33: 0.468 | K33: 0.215 | N33: 21 | O33: 448.44 | P33: 420.29 | Q33: 450 | R33: 440
D34: 160-250 | G34: 0 | H34: 1.65 | I34: 3.73 | J34: 2.692 | K34: 2.462 | N34: 22 | O34: 453.69 | P34: 427.78 | Q34: 458 | R34: 447
D35: 250-360 | G35: 0 | H35: 4.84 | I35: 8.36 | J35: 7.638 | K35: 8.612 | N35: 23 | O35: 458.6 | P35: 435.28 | Q35: 465 | R35: 455
D36: 360-500 | G36: 4.17 | H36: 24.07 | I36: 18.97 | J36: 16.871 | K36: 18.307 | N36: 24 | O36: 463.69 | P36: 442.62 | Q36: 473 | R36: 462
D37: 500-560 | G37: =14.05-G36 -> 9.88 | H37: 12.5 | I37: 14 | J37: 11.394 | K37: 12.617 | N37: 25 | O37: 468.87 | P37: 449.81 | Q37: 480 | R37: 469
D38: 560+ | G38: =100-SUM(G32:G37) -> 85.95 | H38: =100-SUM(H32:H37) -> 56.58 | I38: =100-SUM(I32:I37) -> 53.34 | J38: =100-SUM(J32:J37) -> 60.867 | K38: =100-SUM(K32:K37) -> 57.783 | N38: 26 | O38: 473.86 | P38: 457.02 | Q38: 488 | R38: 476
D39: TOTAL | G39: =SUM(G32:G38) -> 100 | H39: =SUM(H32:H38) -> 100 | I39: =SUM(I32:I38) -> 100 | J39: =SUM(J32:J38) -> 100 | K39: =SUM(K32:K38) -> 100 | N39: 27 | O39: 479.08 | P39: 464.02 | Q39: 495 | R39: 483
N40: 28 | O40: 484.39 | P40: 470.82 | Q40: 502 | R40: 490
N41: 29 | O41: 489.68 | P41: 477.38 | Q41: 508 | R41: 496
N42: 30 | O42: 495.08 | P42: 483.79 | Q42: 514 | R42: 502
N43: 31 | O43: 500.4 | P43: 490.05 | Q43: 521 | R43: 508
N44: 32 | O44: 505.71 | P44: 496.14 | Q44: 526 | R44: 514
N45: 33 | O45: 510.97 | P45: 501.8 | Q45: 532 | R45: 520
N46: 34 | O46: 516.19 | P46: 507.25 | Q46: 537 | R46: 525
N47: 35 | O47: 521.3 | P47: 512.49 | Q47: 541 | R47: 530
N48: 36 | O48: 526.26 | P48: 517.47 | Q48: 546 | R48: 534
N49: 37 | O49: 531.15 | P49: 522.23 | Q49: 551 | R49: 539
N50: 38 | O50: 535.97 | P50: 526.71 | Q50: 555 | R50: 543
N51: 39 | O51: 540.69 | P51: 531.04 | Q51: 559 | R51: 547
... N81: 69 | O81: 673.78 | P81: 637.55 | Q81: 710 | R81: 662
N82: 70 | O82: 680.07 | P82: 641.77 | R82: 668
N83: 71 | O83: 686.56 | P83: 646.12 | R83: 674
N84: 72 | O84: 692.94 | P84: 650.68 | R84: 680
N85: 73 | O85: 698.91 | P85: 655.39 | R85: 687
N86: 74 | O86: 704.72 | P86: 660.22 | R86: 693
N87: 75 | O87: 710.61 | P87: 665.26 | R87: 700
N88: 76 | O88: 716.89 | P88: 670.8 | R88: 706
N89: 77 | P89: 676.13 | R89: 714
N90: 78 | P90: 681.96
N91: 79 | P91: 687.95
N92: 80 | P92: 693.72
N93: 81 | P93: 699.3
N94: 82 | P94: 704.76
N95: 83 | P95: 710.32
N96: 84 | P96: 716.3
N97: 85 | P97: 722.23
N98: 86
N99: 87
N100: 88
N101: 89
N102: 90
N103: 91
N104: 92
N105: 93
N106: 94
N107: 95
N108: 96
N109: 97
... N112: 100

Sheet Ref- MEBU Acceptance
B2: VR Feedstock Property | I2: Input required | T2: Catalyst | Y2: Total ISV: 20-30 g/d(24hr)
B3: 560 degC minus content, wt% | D3: 14 | G3: MEBU Reactor Volume | I3: 186 | J3: mL | T3: Rx | U3: Rx2 | V3: Rx3 | Z3: 1-1.5 g/hr
B4: Metal | C4: Ni, ppm | D4: 73.4 | G4: VR density | I4: 1.057 | J4: g/mL | T4: DC2700, g | U4: DC2174-02, g | V4: GR-823G, g
C5: V, ppm | D5: 238.34 | G5: VR volumetric flow rate | I5: =I3*I9*3 -> 187.488 | J5: mL/hr | T5: 58.0025 | U5: 68.4505 | V5: 63.2606 | Z5: 7 days --> 2 days (No need to analyse) + 5 days (analysis)
C6: Fe, ppm | D6: 19.4 | G6: VR mass flow rate | I6: =I5*I4 -> 198.17482 | J6: g/hr
B7: MCRT, wt% | D7: 26.05 | G7: Target Temp, Rx1/2/3 | I7: 422.8 | J7: degC
B8: C5 Asph, wt% | D8: 21.02 | G8: Target Pressure | I8: =2550/14.5 -> 175.86207 | J8: barg
B9: C7 Asph, wt% | D9: 12.86 | G9: MEBU LHSV | I9: 0.336 | J9: hr-1
B10: Impurity | C10: S, wt% | D10: 5.986 | G10: LCF LHSV | I10: =I9/1.46 -> 0.23013699 | J10: hr-1
C11: N, wt% | D11: 0.4519 | S11: MEBU Product
B12: CN | D12: 83.87
B13: HN | D13: 9.73
D14: VR Feedstock | S14: HPS | BD14: LTO | CC14: High Gas | CZ14: Low Gas
D15: VR feed of 24 hrs, g | E15: VR feed rate, g/hr | F15: Content of 560 degC minus, g/hr | G15: Content of 560 degC plus, g/hr | H15: Metal Content | K15: CN | L15: HN | M15: MCRT content, g/hr | N15: C5 Asphaltene | O15: C7 Asphaltene | P15: Impurity | S15: HPS product of 24 hrs, g | T15: HPS rate, g/hr | U15: Boiling Cuts from HT Simdist, wt% | AB15: Product rate of HPS at cut points, g/hr | AI15: Metal, ppm | AL15: Metal, rate | AO15: MCRT, wt% | AP15: MCRT rate, g/hr | AQ15: CN | AR15: HN | AS15: CN | AT15: HN | AU15: C5 Asphaltene | AW15: C7 Asphaltene | AY15: Impurity (SN, NN) | BA15: Impurity rate | BD15: LTO product of 24 hrs, g | BE15: LTO rate, g/hr | BF15: LTO Boiling Cuts from LT Simdist, wt% | BM15: LTO Product rate of HPS at cut points, g/hr | BT15: CN | BU15: HN | BV15: CN | BW15: HN | BX15: Impurity | BZ15: Impurity rate | CC15: High Gas of 24 hrs, g (FQT-1124) | CD15: High Gas rate, g/hr | CE15: Break down gas composition, High Gas | CL15: Break down gas flow rate, High Gas | CZ15: Low Gas of 24 hrs, Ltr (FQT-1123) | DA15: Low Gas rate, Ltr/hr | DB15: Break down gas composition, Low gas * Low gas also contains H2 | DH15: Break down gas volumetric flow rate, Low gas | DN15: Mass flow rate, Low gas | EA15: Thermal Conversion, % | EC15: Catalytic Conversion | EJ15: MCRT conversion | EK15: Total MOC (Ni+V) (24 hrs) gram (g) | EL15: Accumulative MOC gram (g) | EM15: MoC (Ni+V) | EP15: S converted (g/hr) | EQ15: N converted (g/hr) | ER15: As is yield (Rate strem / VR feed rate) | FV15: C closure = (CN HPS + CN LTO +C high gas + C low gas)/CN/VR | FY15: Total HN in Product/ (HPS+LTO+Low gas + High Gas) - Total HN in feed/VR | FZ15: H2 Consumption/ VR feed rate
B16: Date | C16: Day | H16: Ni, g/hr | I16: V, g/hr | J16: Fe, g/hr | K16: g/hr | L16: g/hr | N16: g/hr | O16: g/hr | P16: S, g/hr | Q16: N, g/hr | U16: IBP-90 | V16: 90-160 | W16: 160-250 | X16: 250-360 | Y16: 360-500 | Z16: 500-560 | AA16: 560 degC plus | AB16: IBP-90 | AC16: 90-160 | AD16: 160-250 | AE16: 250-360 | AF16: 360-500 | AG16: 500-560 | AH16: 560 degC plus | AI16: Ni, ppm | AJ16: V, ppm | AK16: Fe, ppm | AL16: Ni, g/hr | AM16: V, g/hr | AN16: Fe, g/hr | AS16: g/hr | AT16: g/hr | AU16: wt% | AV16: rate, g/hr | AW16: wt% | AX16: rate, g/hr | AY16: S, wt% | AZ16: N, wt% | BA16: S, g/hr | BB16: N, g/hr | BF16: IBP-90 | BG16: 90-160 | BH16: 160-250 | BI16: 250-360 | BJ16: 360-500 | BK16: 500-560 | BL16: 560 plus | BM16: IBP-90 | BN16: 90-160 | BO16: 160-250 | BP16: 250-360 | BQ16: 360-500 | BR16: 500-560 | BS16: 560 plus | BV16: g/hr | BW16: g/hr | BX16: S, wt% | BY16: N, wt% | BZ16: S, g/hr | CA16: N, g/hr | CE16: H2, wt% | CF16: C1, wt% | CG16: C2, wt% | CH16: C3, wt% | CI16: C4, wt% | CJ16: C5, wt% | CK16: C6, wt% | CL16: H2, g/hr | CM16: C1, g/hr | CN16: C1 rate | CO16: C2, g/hr | CP16: C2 rate | CQ16: C3, g/hr | CR16: C3 rate | CS16: C4, g/hr | CT16: C4 rate | CU16: C5, g/hr | CV16: C5 rate | CW16: C6 plus, g/hr | CX16: C6 rate | DB16: C1, v% | DC16: C2, v% | DD16: C3, v% | DE16: C4, v% | DF16: C5, v% | DG16: C6, v% | DH16: C1, v/hr | DI16: C2, v/hr | DJ16: C3, v/hr | DK16: C4, v/hr | DL16: C5, v/hr | DM16: C6, v/hr | DN16: C1, g/hr | DO16: C2, g/hr | DP16: C3, g/hr | DQ16: C4,g/hr | DR16: C5, g/hr | DS16: C6, g/hr | DT16: C1C, g/hr | DU16: C2C, g/hr | DV16: C3C, g/hr | DW16: C4C,g/hr | DX16: C5C, g/hr | DY16: C6C, g/hr | EC16: C5 Asph Conv % | ED16: C7 Asph Conv % | EE16: Ni,% | EF16: V, % | EG16: Fe, % | EH16: S conv, % | EI16: N conv, % | EM16: Rx1 (70%), g | EN16: Rx2(20%), g | EO16: Rx3(10%), g | ER16: C1/CH4, wt% | ES16: C, wt% | ET16: H, wt% | EU16: C2/C2H6, wt% | EV16: C | EW16: H | EX16: C3, wt% | EY16: C | EZ16: H | FA16: C4, wt% | FB16: C | FC16: H | FD16: C5, wt% | FE16: C | FF16: H | FG16: C6, wt% | FH16: C | FI16: H | FJ16: H2S, wt% | FK16: H | FL16: NH3, wt% * | FM16: H | FN16: RT-90, wt% | FO16: 90-160, wt% | FP16: 160-250, wt% | FQ16: 250-360, wt% | FR16: 360-500, wt% | FS16: <=500, wt% | FT16: 500-560, wt% | FU16: 560 plus, wt% | FX16: Corrected Yield = As is yield / C Closure (<=500 ) | FY16: H2 Consumption, g/hr | GA16: Day
B17: 45641 | C17: Aging | D17: 2622 | E17: =D17/8 -> 327.75 | F17: =E17*D3/100 -> 45.885 | G17: =E17-F17 -> 281.865 | H17: =$D$4*E17*10^-6 -> 0.02405685 | I17: =$E$17*D5*10^-6 -> 0.078115935 | J17: =D6*E17*10^-6 -> 0.00635835 | K17: =$D$12*E17/100 -> 274.88393 | L17: =$D$13*E17/100 -> 31.890075 | M17: =$D$7*E17/100 -> 85.378875 | N17: =$D$8*E17/100 -> 68.89305 | O17: =$D$9*E17/100 -> 42.14865 | P17: =$D$10*E17/100 -> 19.619115 | Q17: =$D$11*E17/100 -> 1.4811023 | S17: 2305 | T17: =S17/8 -> 288.125 | U17: 0.008 | V17: 0.446 | W17: 2.204 | X17: 6.035 | Y17: 15.12 | Z17: 11.962 | AA17: 64.225 | AB17: =U17*T17/100 -> 0.02305 | AC17: =V17*T17/100 -> 1.2850375 | AD17: =W17*T17/100 -> 6.350275 | AE17: =X17*T17/100 -> 17.388344 | AF17: =Y17*T17/100 -> 43.5645 | AG17: =Z17*T17/100 -> 34.465513 | AH17: =AA17*T17/100 -> 185.04828 | AI17: 21.28 | AJ17: 31.13 | AK17: 13.48 | AL17: =AI17*T17*10^-6 -> 0.0061313 | AM17: =AJ17*T17*10^-6 -> 0.0089693312 | AN17: =AK17*T17*10^-6 -> 0.003883925 | AO17: 14.36 | AP17: =AO17*T17/100 -> 41.37475 | AQ17: 86.803464 | AR17: 10.829263 | AS17: =AQ17*T17/100 -> 250.10248 | AT17: =AR17*T17/100 -> 31.201813 | AU17: 10.2 | AV17: =AU17*T17/100 -> 29.38875 | AW17: 4.3 | AX17: =AW17*T17/100 -> 12.389375 | AY17: 2.098946 | AZ17: 0.26832771 | BA17: =AY17*T17/100 -> 6.0475883 | BB17: =AZ17*T17/100 -> 0.77311922 | BE17: =BD17/24 -> 0 | BM17: =BF17*BE17/100 -> 0 | BN17: =BG17*BE17 -> 0 | BO17: =BH17*BE17 -> 0 | BP17: =BI17*BE17 -> 0 | BQ17: =BJ17*BE17 -> 0 | BR17: =BK17*BE17 -> 0 | BS17: =BL17*BE17 -> 0 | BV17: =BT17*BE17/100 -> 0 | BW17: =BU17*BE17 -> 0 | BZ17: =$BE17*$BX17/100 -> 0 | CA17: =$BE17*$BY17/100 -> 0 | CD17: =CC17/24 -> 0 | CL17: =CE17*CD17 -> 0 | CM17: =CF17*CD17 -> 0 | CN17: =12/(12+4)*CM17 -> 0 | CO17: =CF17*CD17 -> 0 | CP17: =2*12/(2*12+6)*CO17 -> 0 | CQ17: =CH17*CD17 -> 0 | CR17: =3*12/(3*12+8)*CQ17 -> 0 | CS17: =CI17*CD17 -> 0 | CT17: =CS17*4*12/(4*12+10) -> 0 | CU17: =CJ17*CD17 -> 0 | CV17: =CU17*5*12/(5*12+12) -> 0 | CW17: =CK17*CD17 -> 0 | CX17: =CW17*6*12/(6*12+14) -> 0 | DA17: =CZ17/24 -> 0 | DH17: =DB17*DA17 -> 0 | DI17: =DC17*DA17 -> 0 | DJ17: =DD17*DA17 -> 0 | DK17: =DE17*DA17 -> 0 | DL17: =DF17*DA17 -> 0 | DM17: =DG17*DA17 -> 0 | DN17: 16 | DO17: 30 | DP17: 45 | DQ17: 58 | DR17: 72 | DS17: 86 | EA17: =100*(G17-AH17)/G17 -> 34.348613 | EC17: =100*(N17-AV17)/N17 -> 57.341488 | ED17: =100*(O17-AX17)/O17 -> 70.605524 | EE17: =100*(H17-(AL17))/H17 -> 74.513288 | EF17: =100*(I17-AM17)/I17 -> 88.517924 | EG17: =100*(J17-AN17)/J17 -> 38.91615 | EH17: =100*(P17-(BA17+BZ17))/P17 -> 69.17502 | EI17: =100*($Q17-($BB17+$CA17))/$Q17 -> 47.801091 | EJ17: =100*(M17-AP17)/M17 -> 51.539828 | EK17: =(SUM(H17:I17)-SUM(AL17:AM17))*24 -> 2.0897317 | EL17: =EK17 -> 2.0897317 | EM17: =$EL17*0.7 -> 1.4628122 | EN17: =$EL17*0.2 -> 0.41794634 | EO17: =$EL17*0.1 -> 0.20897317 | EP17: =$EH17*$P17/100 -> 13.571527 | EQ17: =Q17*EI17/100 -> 0.70798303 | ER17: =100*(#REF!+$CM17)/$E17 -> #REF! | ES17: =12/(14)*$ER17 -> #REF! | ET17: =100-$ES17 -> #REF! | EU17: =100*($CO17+#REF!)/$E17 -> #REF! | EV17: =24/(30)*$EU17 -> #REF! | EW17: =100-$EV17 -> #REF! | EX17: =100*($CQ17+#REF!)*$E17 -> #REF! | EY17: =36/(44)*$EX17 -> #REF! | EZ17: =100-$EY17 -> #REF! | FA17: =100*($CS17+#REF!)/$E17 -> #REF! | FB17: =48/(58)*$FA17 -> #REF! | FC17: =100-$FB17 -> #REF! | FD17: =100*($CU17+#REF!)/$E17 -> #REF! | FE17: =60/(72)*$FD17 -> #REF! | FF17: =100-$FE17 -> #REF! | FG17: =100*($CW17+#REF!)/$E17 -> #REF! | FH17: =72/(86)*$FG17 -> #REF! | FI17: =100-$FH17 -> #REF! | FJ17: =(($EP17*34)/(32*$E17))*100 -> 4.3996177 | FK17: =2/(34)*$FJ17 -> 0.25880104 | FL17: =(($EQ17*17)/(14*E$17))*100 -> 0.26230166 | FM17: =(3/17)*$FL17 -> 0.046288528 | FN17: =(($AB17+$BM17)/$E17)*100 -> 0.0070327994 | FO17: =(($BN17+$AC17)/E17)*100 -> 0.39207857 | FP17: =100*(($BO17+$AD17)/$E17) -> 1.9375362 | FQ17: =100*(($BP17+$AE17)/$E17) -> 5.305368 | FR17: =100*(($BQ17+$AF17)/$E17) -> 13.291991 | FS17: =$ER17+$EU17+$EX17+$FA17+$FD17+$FG17+$FJ17+$FL17+SUM(FN17:FR17) -> #REF! | FT17: =(($BR17+$AG17)/$E17)*100 -> 10.515793 | FU17: =(($AH17+$BS17)/$E17)*100 -> 56.460193 | FV17: =(#REF!+#REF!+#REF!+#REF!+#REF!+#REF!+#REF!+$CX17+$CV17+$CT17+$CR17+$CP17+$CN17+$BV17+$AS17)/$K17 -> #REF! | FX17: =$FS17/$FV17 -> #REF! | FY17: =($AT17+$BW17+$CL17)-$L17 -> -0.68826215 | FZ17: =FY17/E17 -> -0.0020999608
B18: 45642 | C18: Aging | D18: 7031 | E18: =D18/(10+11.25) -> 330.87059 | F18: =E18*D3/100 -> 46.321882 | G18: =E18-F18 -> 284.54871 | H18: =$D$4*E18*10^-6 -> 0.024285901 | I18: =E18*D5*10^-6 -> 0.078859696 | J18: =$D$5*D6*10^-6 -> 0.004623796 | K18: =$D$12*E18/100 -> 277.50116 | L18: =$D$13*E18/100 -> 32.193708 | M18: =$D$7*E18/100 -> 86.191788 | N18: =$D$8*E18/100 -> 69.548998 | O18: =$D$9*E18/100 -> 42.549958 | P18: =$D$10*E18/100 -> 19.805913 | Q18: =$D$11*E18/100 -> 1.4952042 | S18: 6508 | T18: =S18/(10+11.25) -> 306.25882 | U18: 0.011 | V18: 0.432 | W18: 1.953 | X18: 5.223 | Y18: 13.434 | Z18: 10.667 | AA18: 68.28 | AB18: =U18*T18/100 -> 0.033688471 | AC18: =V18*T18/100 -> 1.3230381 | AD18: =W18*T18/100 -> 5.9812348 | AE18: =X18*T18/100 -> 15.995898 | AF18: =Y18*T18/100 -> 41.14281 | AG18: =Z18*T18/100 -> 32.668629 | AH18: =AA18*T18/100 -> 209.11352 | AI18: 21.3 | AJ18: 33.36 | AK18: 7.95 | AL18: =AI18*T18*10^-6 -> 0.0065233129 | AM18: =AJ18*T18*10^-6 -> 0.010216794 | AN18: =AK18*T18*10^-6 -> 0.0024347576 | AO18: 14.5 | AP18: =AO18*T18/100 -> 44.407529 | AQ18: 86.697797 | AR18: 10.855865 | AS18: =AQ18*T18/100 -> 265.51965 | AT18: =AR18*T18/100 -> 33.247043 | AU18: 10.3 | AV18: =AU18*T18/100 -> 31.544659 | AW18: 5.1 | AX18: =AW18*T18/100 -> 15.6192 | AY18: 2.1731617 | AZ18: 0.27317675 | BA18: =AY18*T18/100 -> 6.6554993 | BB18: =AZ18*T18/100 -> 0.8366279 | BE18: =BD18/24 -> 0 | BM18: =BF18*BE18/100 -> 0 | BN18: =BG18*BE18 -> 0 | BO18: =BH18*BE18 -> 0 | BP18: =BI18*BE18 -> 0 | BQ18: =BJ18*BE18 -> 0 | BR18: =BK18*BE18 -> 0 | BS18: =BL18*BE18 -> 0 | BV18: =BT18*BE18/100 -> 0 | BW18: =BU18*BE18 -> 0 | BZ18: =$BE18*$BX18/100 -> 0 | CA18: =$BE18*$BY18/100 -> 0 | CD18: =CC18/24 -> 0 | CL18: =CE18*CD18 -> 0 | CM18: =CF18*CD18 -> 0 | CN18: =12/(12+4)*CM18 -> 0 | CO18: =CF18*CD18 -> 0 | CP18: =2*12/(2*12+6)*CO18 -> 0 | CQ18: =CH18*CD18 -> 0 | CR18: =3*12/(3*12+8)*CQ18 -> 0 | CS18: =CI18*CD18 -> 0 | CT18: =CS18*4*12/(4*12+10) -> 0 | CU18: =CJ18*CD18 -> 0 | CV18: =CU18*5*12/(5*12+12) -> 0 | CW18: =CK18*CD18 -> 0 | CX18: =CW18*6*12/(6*12+14) -> 0 | DA18: =CZ18/24 -> 0 | DH18: =DB18*DA18 -> 0 | DI18: =DC18*DA18 -> 0 | DJ18: =DD18*DA18 -> 0 | DK18: =DE18*DA18 -> 0 | DL18: =DF18*DA18 -> 0 | DM18: =DG18*DA18 -> 0 | DN18: 16 | DO18: 30 | DP18: 45 | DQ18: 58 | DR18: 72 | DS18: 86 | EA18: =100*(G18-AH18)/G18 -> 26.510464 | EC18: =100*(N18-AV18)/N18 -> 54.643978 | ED18: =100*(O18-AX18)/O18 -> 63.29209 | EE18: =100*(H18-(AL18))/H18 -> 73.139506 | EF18: =100*(I18-AM18)/I18 -> 87.04434 | EG18: =100*(J18-AN18)/J18 -> 47.342883 | EH18: =100*(P18-(BA18+BZ18))/P18 -> 66.396403 | EI18: =100*($Q18-($BB18+$CA18))/$Q18 -> 44.04591 | EJ18: =100*(M18-AP18)/M18 -> 48.478236 | EK18: =(SUM(H18:I18)-SUM(AL18:AM18))*24 -> 2.0737318 | EL18: =EK17+EK18 -> 4.1634634 | EM18: =$EL18*0.7 -> 2.9144244 | EN18: =$EL18*0.2 -> 0.83269269 | EO18: =$EL18*0.1 -> 0.41634634 | EP18: =EH18*P18/100 -> 13.150414 | EQ18: =Q18*EI18/100 -> 0.65857629 | ER18: =100*(#REF!+$CM18)/$E18 -> #REF! | ES18: =12/(14)*$ER18 -> #REF! | ET18: =100-$ES18 -> #REF! | EU18: =100*($CO18+#REF!)/$E18 -> #REF! | EV18: =24/(30)*$EU18 -> #REF! | EW18: =100-$EV18 -> #REF! | EX18: =100*($CQ18+#REF!)*$E18 -> #REF! | EY18: =36/(44)*$EX18 -> #REF! | EZ18: =100-$EY18 -> #REF! | FA18: =100*($CS18+#REF!)/$E18 -> #REF! | FB18: =48/(58)*$FA18 -> #REF! | FC18: =100-$FB18 -> #REF! | FD18: =100*($CU18+#REF!)/$E18 -> #REF! | FE18: =60/(72)*$FD18 -> #REF! | FF18: =100-$FE18 -> #REF! | FG18: =100*($CW18+#REF!)/$E18 -> #REF! | FH18: =72/(86)*$FG18 -> #REF! | FI18: =100-$FH18 -> #REF! | FJ18: =(($EP18*34)/(32*$E18))*100 -> 4.2228942 | FK18: =2/(34)*$FJ18 -> 0.24840554 | FL18: =(($EQ18*17)/(14*E$17))*100 -> 0.24399688 | FM18: =(3/17)*$FL18 -> 0.043058273 | FN18: =(($AB18+$BM18)/$E18)*100 -> 0.010181766 | FO18: =(($BN18+$AC18)/E18)*100 -> 0.39986574 | FP18: =100*(($BO18+$AD18)/$E18) -> 1.8077264 | FQ18: =100*(($BP18+$AE18)/$E18) -> 4.8344878 | FR18: =100*(($BQ18+$AF18)/$E18) -> 12.434714 | FS18: =$ER18+$EU18+$EX18+$FA18+$FD18+$FG18+$FJ18+$FL18+SUM(FN18:FR18) -> #REF! | FT18: =(($BR18+$AG18)/$E18)*100 -> 9.8735366 | FU18: =(($AH18+$BS18)/$E18)*100 -> 63.201001 | FV18: =(#REF!+#REF!+#REF!+#REF!+#REF!+#REF!+#REF!+$CX18+$CV18+$CT18+$CR18+$CP18+$CN18+$BV18+$AS18)/$K18 -> #REF! | FX18: =$FS18/$FV18 -> #REF! | FY18: =($AT18+$BW18+$CL18)-$L18 -> 1.0533347 | FZ18: =FY18/E18 -> 0.0031835247
B19: 45643 | C19: Aging | D19: 1094 | E19: =D19/4.5 -> 243.11111 | F19: =$D$3/100*E19 -> 34.035556 | G19: =E19-F19 -> 209.07556 | H19: =$D$4*E19*10^-6 -> 0.017844356 | I19: =$D$5*E19*10^-6 -> 0.057943102 | J19: =$D$6*E19*10^-6 -> 0.0047163556 | K19: =$D$12*E19/100 -> 203.89729 | L19: =$D$13*E19/100 -> 23.654711 | M19: =$D$7*E19/100 -> 63.330444 | N19: =$D$8*E19/100 -> 51.101956 | O19: =$D$9*E19/100 -> 31.264089 | P19: =$D$10*E19/100 -> 14.552631 | Q19: =$D$11*E19/100 -> 1.0986191 | S19: 1900 | T19: =S19/4.5 -> 422.22222 | U19: 0 | V19: 0.385 | W19: 1.947 | X19: 5.361 | Y19: 13.825 | Z19: 11.039 | AA19: 67.443 | AB19: =U19*T19/100 -> 0 | AC19: =V19*T19/100 -> 1.6255556 | AD19: =W19*T19/100 -> 8.2206667 | AE19: =X19*T19/100 -> 22.635333 | AF19: =Y19*T19/100 -> 58.372222 | AG19: =Z19*T19/100 -> 46.609111 | AH19: =AA19*T19/100 -> 284.75933 | AI19: 21.36 | AJ19: 34.38 | AK19: 4.5 | AL19: =AI19*T19*10^-6 -> 0.0090186667 | AM19: =AJ19*T19*10^-6 -> 0.014516 | AN19: =AK19*T19*10^-6 -> 0.0019 | AO19: 14.51 | AP19: =AO19*T19/100 -> 61.264444 | AQ19: 86.699467 | AR19: 10.823754 | AS19: =AQ19*T19/100 -> 366.06442 | AT19: =AR19*T19/100 -> 45.700297 | AU19: 9.7 | AV19: =AU19*T19/100 -> 40.955556 | AW19: 4.7 | AX19: =AW19*T19/100 -> 19.844444 | AY19: 2.2064239 | AZ19: 0.27035451 | BA19: =$AY19*$T19/100 -> 9.3160119 | BB19: =$AZ19*$T19/100 -> 1.1414968 | BE19: =BD19/24 -> 0 | BM19: =BF19*BE19 -> 0 | BN19: =BG19*BE19 -> 0 | BO19: =BH19*BE19 -> 0 | BP19: =BI19*BE19 -> 0 | BQ19: =BJ19*BE19 -> 0 | BR19: =BL19*BE19 -> 0 | BS19: =BL19*BE19 -> 0 | BV19: =BT19*BE19/100 -> 0 | BW19: =BU19*BE19 -> 0 | BZ19: =$BE19*$BX19/100 -> 0 | CA19: =$BE19*$BY19/100 -> 0 | CD19: 19.94 | CL19: =CE19*CD19 -> 0 | CM19: =CF19*CD19 -> 0 | CN19: =12/(12+4)*CM19 -> 0 | CO19: =CF19*CD19 -> 0 | CP19: =2*12/(2*12+6)*CO19 -> 0 | CQ19: =CH19*CD19 -> 0 | CR19: =3*12/(3*12+8)*CQ19 -> 0 | CS19: =CI19*CD19 -> 0 | CT19: =CS19*4*12/(4*12+10) -> 0 | CU19: =CJ19*CD19 -> 0 | CV19: =CU19*5*12/(5*12+12) -> 0 | CW19: =CK19*CD19 -> 0 | CX19: =CW19*6*12/(6*12+14) -> 0 | DA19: 157.67 | DH19: =$DB19*$DA19*(273.15+30)/(273.15) -> 0 | DI19: =DA19*DC19*(273.15+30)/(273.15) -> 0 | DJ19: =DD19*DA19*(273.15+30)/273 -> 0 | DK19: =DA19*DE19*(273.15+30)/273 -> 0 | DL19: =DF19*DA19*(273.15+30)/273 -> 0 | DM19: =DG19*DA19*(273.15+30)/273 -> 0 | DN19: =12+(2+2) -> 16 | DO19: =(2*12)+((2*2)+2) -> 30 | DP19: =(3*12)+((2*3)+3) -> 45 | DQ19: =(4*12)+((2*4)+2) -> 58 | DR19: =5*12+((2*5+2)) -> 72 | DS19: =6*12+((2*6)+2) -> 86 | EA19: =100*(G19-AH19)/G19 -> -36.199247 | EC19: =100*(N19-AV19)/N19 -> 19.855209 | ED19: =100*(O19-AX19)/O19 -> 36.526395 | EE19: =100*(H19-(AL19))/H19 -> 49.459275 | EF19: =100*(I19-AM19)/I19 -> 74.947838 | EG19: =100*(J19-AN19)/J19 -> 59.714657 | EH19: =100*(P19-(BA19+BZ19))/P19 -> 35.984003 | EI19: =100*($Q19-($BB19+$CA19))/$Q19 -> -3.9028725 | EJ19: =100*(M19-AP19)/M19 -> 3.2622541 | EK19: =(SUM(H19:I19)-SUM(AL19:AM19))*24 -> 1.254067 | EL19: =EK17+EK18+EK19 -> 5.4175304 | EM19: =$EL19*0.7 -> 3.7922713 | EN19: =$EL19*0.2 -> 1.0835061 | EO19: =$EL19*0.1 -> 0.54175304 | EP19: =EH19*P19/100 -> 5.2366192 | EQ19: =Q19*EI19/100 -> -0.042877703 | ER19: =100*(#REF!+$CM19)/$E19 -> #REF! | ES19: =12/(14)*$ER19 -> #REF! | ET19: =100-$ES19 -> #REF! | EU19: =100*($CO19+#REF!)/$E19 -> #REF! | EV19: =24/(30)*$EU19 -> #REF! | EW19: =100-$EV19 -> #REF! | EX19: =100*($CQ19+#REF!)*$E19 -> #REF! | EY19: =36/(44)*$EX19 -> #REF! | EZ19: =100-$EY19 -> #REF! | FA19: =100*($CS19+#REF!)/$E19 -> #REF! | FB19: =48/(58)*$FA19 -> #REF! | FC19: =100-$FB19 -> #REF! | FD19: =100*($CU19+#REF!)/$E19 -> #REF! | FE19: =60/(72)*$FD19 -> #REF! | FF19: =100-$FE19 -> #REF! | FG19: =100*($CW19+#REF!)/$E19 -> #REF! | FH19: =72/(86)*$FG19 -> #REF! | FI19: =100-$FH19 -> #REF! | FJ19: =(($EP19*34)/(32*$E19))*100 -> 2.2886276 | FK19: =2/(34)*$FJ19 -> 0.13462515 | FL19: =(($EQ19*17)/(14*E$17))*100 -> -0.015885822 | FM19: =(3/17)*$FL19 -> -0.0028033804 | FN19: =(($AB19+$BM19)/$E19)*100 -> 0 | FO19: =(($BN19+$AC19)/E19)*100 -> 0.66864717 | FP19: =100*(($BO19+$AD19)/$E19) -> 3.3814442 | FQ19: =100*(($BP19+$AE19)/$E19) -> 9.3106947 | FR19: =100*(($BQ19+$AF19)/$E19) -> 24.010512 | FS19: =$ER19+$EU19+$EX19+$FA19+$FD19+$FG19+$FJ19+$FL19+SUM(FN19:FR19) -> #REF! | FT19: =(($BR19+$AG19)/$E19)*100 -> 19.171938 | FU19: =(($AH19+$BS19)/$E19)*100 -> 117.13135 | FV19: =(#REF!+#REF!+#REF!+#REF!+#REF!+#REF!+#REF!+$CX19+$CV19+$CT19+$CR19+$CP19+$CN19+$BV19+$AS19)/$K19 -> #REF! | FX19: =$FS19/$FV19 -> #REF! | FY19: =($AT19+$BW19+$CL19)-$L19 -> 22.045586 | FZ19: =FY19/E19 -> 0.090681111
U20: 0 | V20: 1.4 | W20: 7 | X20: 15.7 | Y20: 25.8 | Z20: 11.5 | AA20: 38.6 | AI20: 4.56 | AJ20: 2.66 | AK20: 3.03 | AO20: 7.1075 | AQ20: 87.595408 | AR20: 11.383128 | AU20: 3.9 | AW20: 1.1 | AY20: 0.82654891 | AZ20: 0.19491454
B21: 45645 | C21: 2 | D21: 2230 | E21: =D21/12 -> 185.83333 | F21: =$D$3/100*E21 -> 26.016667 | G21: =E21-F21 -> 159.81667 | H21: =$D$4*E21*10^-6 -> 0.013640167 | I21: =$D$5*E21*10^-6 -> 0.044291517 | J21: =$D$6*E21*10^-6 -> 0.0036051667 | K21: =$D$12*E21/100 -> 155.85842 | L21: =$D$13*E21/100 -> 18.081583 | M21: =$D$7*E21/100 -> 48.409583 | N21: =$D$8*E21/100 -> 39.062167 | O21: =$D$9*E21/100 -> 23.898167 | P21: =$D$10*E21/100 -> 11.123983 | Q21: =$D$11*E21/100 -> 0.83978083 | S21: 1593 | T21: =S21/12 -> 132.75 | U21: 0.1 | V21: 2 | W21: 7.3 | X21: 16.6 | Y21: 27.8 | Z21: 12.5 | AA21: 33.7 | AB21: =U21*$T21/100 -> 0.13275 | AC21: =V21*$T21/100 -> 2.655 | AD21: =W21*$T21/100 -> 9.69075 | AE21: =X21*$T21/100 -> 22.0365 | AF21: =Y21*$T21/100 -> 36.9045 | AG21: =Z21*$T21/100 -> 16.59375 | AH21: =AA21*$T21/100 -> 44.73675 | AI21: 4.83 | AJ21: 0.91 | AK21: 7.08 | AL21: =AI21*T21*10^-6 -> 0.0006411825 | AM21: =AJ21*T21*10^-6 -> 0.0001208025 | AN21: =AK21*T21*10^-6 -> 0.00093987 | AO21: 7.51 | AP21: =AO21*T21/100 -> 9.969525 | AQ21: 87.614461 | AR21: 11.202802 | AS21: =AQ21*T21/100 -> 116.3082 | AT21: =AR21*T21/100 -> 14.87172 | AU21: 4.7 | AV21: =AU21*T21/100 -> 6.23925 | AW21: 1.6 | AX21: =AW21*T21/100 -> 2.124 | AY21: 0.96833495 | AZ21: 0.21440227 | BA21: =AY21*T21/100 -> 1.2854646 | BB21: =$AZ21*T21/100 -> 0.28461901 | BD21: 218 | BE21: =BD21/12 -> 18.166667 | BF21: 2.5 | BG21: 18 | BH21: 42.5 | BI21: 30 | BJ21: 7 | BK21: 0 | BL21: =100-SUM(BF21:BK21) -> 0 | BM21: =BF21*$BE21/100 -> 0.45416667 | BN21: =BG21*$BE21/100 -> 3.27 | BO21: =BH21*$BE21/100 -> 7.7208333 | BP21: =BI21*$BE21/100 -> 5.45 | BQ21: =BJ21*$BE21/100 -> 1.2716667 | BR21: =BK21*$BE21/100 -> 0 | BS21: =BL21*$BE21/100 -> 0 | BT21: 86.08 | BU21: 13.08 | BV21: =BT21*BE21/100 -> 15.637867 | BW21: =BU21*BE21/100 -> 2.3762 | BX21: 0.11 | BY21: 0.73 | BZ21: =$BE21*BX21/100 -> 0.019983333 | CA21: =$BE21*BY21/100 -> 0.13261667 | CC21: =706.5-611.41 -> 95.09 | CD21: =CC21/12 -> 7.9241667 | CE21: 29.5 | CF21: 10.4 | CG21: 8.2 | CH21: 11.3 | CI21: 0.9 | CJ21: 34.9 | CK21: 3.1 | CL21: =CE21*CD21/100 -> 2.3376292 | CM21: =CF21*CD21/100 -> 0.82411333 | CN21: =12/(12+4)*CM21 -> 0.618085 | CO21: =CF21*CD21 -> 82.411333 | CP21: =2*12/(2*12+6)*CO21 -> 65.929067 | CQ21: =CH21*CD21/100 -> 0.89543083 | CR21: =3*12/(3*12+8)*CQ21/100 -> 0.0073262523 | CS21: =CI21*CD21/100 -> 0.0713175 | CT21: =CS21*4*12/(4*12+10)/100 -> 0.00059021379 | CU21: =CJ21*CD21/100 -> 2.7655342 | CV21: =CU21*5*12/(5*12+12) -> 2.3046118 | CW21: =CK21*CD21/100 -> 0.24564917 | CX21: =CW21*6*12/(6*12+14) -> 0.20565977 | CZ21: =2788.22-2127 -> 661.22 | DA21: =CZ21/12 -> 55.101667 | DB21: 0 | DC21: 0.1 | DD21: 0.2 | DE21: 0.2 | DF21: 0.6 | DG21: 0 | DH21: =DB$21*DA$21/100 -> 0 | DI21: =DA21*DD21/100 -> 0.11020333 | DJ21: =DD21*DA21/100 -> 0.11020333 | DK21: =DE21*DA21/100 -> 0.11020333 | DL21: =DF21*DA21/100 -> 0.33061 | DM21: =DG21*DA21/100 -> 0 | DN21: =(12+2*1+2)*(1*DH21)/(0.082*(273+28)) -> 0 | DO21: =(2*12+2*2+2)*(1*DI21)/(0.082*(273+28)) -> 0.13394782 | DP21: =(3*12+2*3+2)*(1*DJ21)/(0.082*(273+28)) -> 0.1964568 | DQ21: =(4*12+2*4+2)*(1*DK21)/(0.082*(273+28)) -> 0.25896578 | DR21: =(5*12+2*5+2)*(1*DL21)/(0.082*(273+28)) -> 0.96442428 | DS21: =(1*DM21)/(0.082*(273+28)) -> 0 | DT21: =(6*12+2*6+2)*DN$21*(12/(12+2)) -> 0 | DU21: =DO$21*(12/(12+2)) -> 0.11481241 | DV21: =DP$21*(12/(12+2)) -> 0.16839154 | DW21: =DQ$21*(12/(12+2)) -> 0.22197067 | DX21: =DR$21*(12/(12+2)) -> 0.82664938 | DY21: =DS$21*(12/(12+2)) -> 0 | EA21: =100*(G21-AH21)/G21 -> 72.007456 | EB21: =EA21/FV21 -> 55.377298 | EC21: =100*(N21-AV21)/N21 -> 84.027384 | ED21: =100*(O21-AX21)/O21 -> 91.112289 | EE21: =100*(H21-(AL21))/H21 -> 95.299306 | EF21: =100*(I21-AM21)/I21 -> 99.727256 | EG21: =100*(J21-AN21)/J21 -> 73.929915 | EH21: =100*(P21-(AY21+BZ21))/P21 -> 91.115428 | EI21: =100*(Q21-(AZ21+CA21))/Q21 -> 58.67744 | EJ21: =100*(M21-AP21)/M21 -> 79.405886 | EK21: =(SUM(H21:I21)-SUM(AL21:AM21))*24 -> 1.3720728 | EL21: =EK17+EK18+EK19+EK20+EK21 -> 6.7896032 | EM21: =$EL21*0.7 -> 4.7527222 | EN21: =$EL21*0.2 -> 1.3579206 | EO21: =$EL21*0.1 -> 0.67896032 | EP21: =EH21*P21/100 -> 10.135665 | EQ21: =Q21*EI21/100 -> 0.4927619 | ER21: =100*($DN21+$CM21)/$E21 -> 0.44346906 | ES21: =12/(14)*$ER21 -> 0.38011634 | ET21: =100-$ES21 -> 99.619884 | EU21: =100*($CO21+DO21)/$E21 -> 44.418985 | EV21: =24/(30)*$EU21 -> 35.535188 | EW21: =100-$EV21 -> 64.464812 | EX21: =100*($CQ21+DJ21)/$E21 -> 0.54114843 | EY21: =36/(44)*$EX21 -> 0.44275781 | EZ21: =100-$EY21 -> 99.557242 | FA21: =100*($CS21+DQ21)/$E21 -> 0.17773091 | FB21: =48/(58)*$FA21 -> 0.14708765 | FC21: =100-$FB21 -> 99.852912 | FD21: =100*($CU21+DR21)/$E21 -> 2.0071525 | FE21: =60/(72)*$FD21 -> 1.6726271 | FF21: =100-$FE21 -> 98.327373 | FG21: =100*($CW21+DS21)/$E21 -> 0.13218789 | FH21: =72/(86)*$FG21 -> 0.11066893 | FI21: =100-$FH21 -> 99.889331 | FJ21: =(($EP21*34)/(32*$E21))*100 -> 5.7950551 | FK21: =2/(34)*$FJ21 -> 0.3408856 | FL21: =(($EQ21*17)/(14*E$17))*100 -> 0.18256407 | FM21: =(3/17)*$FL21 -> 0.032217188 | FN21: =(($AB21+$BM21)/$E21)*100 -> 0.3158296 | FO21: =(($BN21+$AC21)/E21)*100 -> 3.1883408 | FP21: =100*(($BO21+$AD21)/$E21) -> 9.3694619 | FQ21: =100*(($BP21+$AE21)/$E21) -> 14.790942 | FR21: =100*(($BQ21+$AF21)/$E21) -> 20.543229 | FS21: =$ER21+$EU21+$EX21+$FA21+$FD21+$FG21+$FJ21+$FL21+SUM(FN21:FR21) -> 101.9061 | FT21: =(($BR21+$AG21)/$E21)*100 -> 8.9293722 | FU21: =(($AH21+$BS21)/$E21)*100 -> 24.073587 | FV21: =(DY21+DX21+DW21+DV21+DU21+DU21+DT21+CX21+CX21+CV21+CT21+CR21+CP21+CN21+BV21+AS21)/K21 -> 1.3003064 | FX21: =$FS21/FV21 -> 78.370832 | FY21: =($AT21+$BW21+$CL21)-$L21 -> 1.5039656 | FZ21: =FY21/E21 -> 0.0080930882 | GA21: 2
B22: 45646 | C22: 3 | D22: 4321 | E22: =D22/23 -> 187.86957 | F22: =$D$3/100*E22 -> 26.301739 | G22: =E22-F22 -> 161.56783 | H22: =$D$4*E22*10^-6 -> 0.013789626 | I22: =$D$5*E22*10^-6 -> 0.044776832 | J22: =$D$6*E22*10^-6 -> 0.0036446696 | K22: =$D$12*E22/100 -> 157.5662 | L22: =$D$13*E22/100 -> 18.279709 | M22: =$D$7*E22/100 -> 48.940022 | N22: =$D$8*E22/100 -> 39.490183 | O22: =$D$9*E22/100 -> 24.160026 | P22: =$D$10*E22/100 -> 11.245872 | Q22: =$D$11*E22/100 -> 0.84898257 | S22: 3328 | T22: =S22/24 -> 138.66667 | U22: 0 | V22: 0 | W22: 0 | X22: 0 | Y22: 0 | Z22: 0 | AA22: 0 | AB22: =U22*$T22/100 -> 0 | AC22: =V22*$T22/100 -> 0 | AD22: =W22*$T22/100 -> 0 | AE22: =X22*$T22/100 -> 0 | AF22: =Y22*$T22/100 -> 0 | AG22: =Z22*$T22/100 -> 0 | AH22: =AA22*$T22/100 -> 0 | AI22: 0 | AJ22: 0 | AK22: 0 | AL22: =AI22*$T22*10^-6 -> 0 | AM22: =AJ22*$T22*10^-6 -> 0 | AN22: =AK22*$T22*10^-6 -> 0 | AO22: 0 | AP22: =AO22*T22/100 -> 0 | AQ22: #DIV/0! | AR22: #DIV/0! | AS22: =AQ22*T22/100 -> #DIV/0! | AT22: =AR22*T22/100 -> #DIV/0! | AU22: 0 | AV22: =AU22*T22/100 -> 0 | AW22: 0 | AX22: =AW22*T22/100 -> 0 | AY22: #DIV/0! | AZ22: #DIV/0! | BA22: =$AY22*$T22/100 -> #DIV/0! | BB22: =$AZ22*$T22/100 -> #DIV/0! | BD22: 250 | BE22: =BD22/23 -> 10.869565 | BM22: =BF22*$BE22/100 -> 0 | BN22: =BG22*$BE22/100 -> 0 | BO22: =BH22*$BE22/100 -> 0 | BP22: =BI22*$BE22/100 -> 0 | BQ22: =BJ22*$BE22/100 -> 0 | BR22: =BK22*$BE22/100 -> 0 | BS22: =BL22*$BE22/100 -> 0 | BV22: =BT22*BE22/100 -> 0 | BW22: =BU22*BE22 -> 0 | BZ22: =$BE22*$BX22/100 -> 0 | CA22: =$BE22*$BY22/100 -> 0 | CC22: =(922.17-709.3) -> 212.87 | CD22: =CC22/23 -> 9.2552174 | CL22: =CE22*CD22/100 -> 0 | CM22: =CF22*CD22 -> 0 | CN22: =12/(12+4)*CM22 -> 0 | CO22: =CF22*CD22 -> 0 | CP22: =2*12/(2*12+6)*CO22 -> 0 | CQ22: =CH22*CD22/100 -> 0 | CR22: =3*12/(3*12+8)*CQ22/100 -> 0 | CS22: =CI22*CD22/100 -> 0 | CT22: =CS22*4*12/(4*12+10)/100 -> 0 | CU22: =CJ22*CD22/100 -> 0 | CV22: =CU22*5*12/(5*12+12) -> 0 | CW22: =CK22*CD22/100 -> 0 | CX22: =CW22*6*12/(6*12+14) -> 0 | CZ22: =(3971.6-3106.9) -> 864.7 | DA22: =CZ22/23 -> 37.595652 | DH22: =DB$20*DA$20/100 -> 0 | DI22: =DA22*DD22/100 -> 0 | DJ22: =DD22*DA22/100 -> 0 | DK22: =DE22*DA22/100 -> 0 | DL22: =DF22*DA22/100 -> 0 | DM22: =DG22*DA22/100 -> 0 | DN22: =(1*DH22)/(0.082*(273+28)) -> 0 | DO22: =(1*DI22)/(0.082*(273+28)) -> 0 | DP22: =(1*DJ22)/(0.082*(273+28)) -> 0 | DQ22: =(1*DK22)/(0.082*(273+28)) -> 0 | DR22: =(1*DL22)/(0.082*(273+28)) -> 0 | DS22: =(1*DM22)/(0.082*(273+28)) -> 0 | EA22: =100*(G22-AH22)/G22 -> 100 | EC22: =100*(N22-AV22)/N22 -> 100 | ED22: =100*(O22-AX22)/O22 -> 100 | EE22: =100*(H22-(AL22))/H22 -> 100 | EF22: =100*(I22-AM22)/I22 -> 100 | EG22: =100*(J22-AN22)/J22 -> 100 | EH22: =100*(P22-(BA22+BZ22))/P22 -> #DIV/0! | EI22: =100*($Q22-($BB22+$CA22))/$Q22 -> #DIV/0! | EJ22: =100*(M22-AP22)/M22 -> 100 | EK22: =(SUM(H22:I22)-SUM(AL22:AM22))*24 -> 1.405595 | EL22: =EK17+EK18+EK19+EK20+EK21+EK22 -> 8.1951982 | EM22: =$EL22*0.7 -> 5.7366387 | EN22: =$EL22*0.2 -> 1.6390396 | EO22: =$EL22*0.1 -> 0.81951982 | EP22: =EH22*P22/100 -> #DIV/0! | EQ22: =Q22*EI22/100 -> #DIV/0! | ER22: =100*(#REF!+$CM22)/$E22 -> #REF! | ES22: =12/(14)*$ER22 -> #REF! | ET22: =100-$ES22 -> #REF! | EU22: =100*($CO22+#REF!)/$E22 -> #REF! | EV22: =24/(30)*$EU22 -> #REF! | EW22: =100-$EV22 -> #REF! | EX22: =100*($CQ22+#REF!)/$E22 -> #REF! | EY22: =36/(44)*$EX22 -> #REF! | EZ22: =100-$EY22 -> #REF! | FA22: =100*($CS22+#REF!)/$E22 -> #REF! | FB22: =48/(58)*$FA22 -> #REF! | FC22: =100-$FB22 -> #REF! | FD22: =100*($CU22+#REF!)/$E22 -> #REF! | FE22: =60/(72)*$FD22 -> #REF! | FF22: =100-$FE22 -> #REF! | FG22: =100*($CW22+#REF!)/$E22 -> #REF! | FH22: =72/(86)*$FG22 -> #REF! | FI22: =100-$FH22 -> #REF! | FJ22: =(($EP22*34)/(32*$E22))*100 -> #DIV/0! | FK22: =2/(34)*$FJ22 -> #DIV/0! | FL22: =(($EQ22*17)/(14*E$17))*100 -> #DIV/0! | FM22: =(3/17)*$FL22 -> #DIV/0! | FN22: =(($AB22+$BM22)/$E22)*100 -> 0 | FO22: =(($BN22+$AC22)/E22)*100 -> 0 | FP22: =100*(($BO22+$AD22)/$E22) -> 0 | FQ22: =100*(($BP22+$AE22)/$E22) -> 0 | FR22: =100*(($BQ22+$AF22)/$E22) -> 0 | FS22: =$ER22+$EU22+$EX22+$FA22+$FD22+$FG22+$FJ22+$FL22+SUM(FN22:FR22) -> #REF! | FT22: =(($BR22+$AG22)/$E22)*100 -> 0 | FU22: =(($AH22+$BS22)/$E22)*100 -> 0 | FV22: =(#REF!+#REF!+#REF!+#REF!+#REF!+#REF!+#REF!+$CX22+$CV22+$CT22+$CR22+$CP22+$CN22+$BV22+$AS22)/$K22 -> #REF! | FX22: =$FS22/$FV22 -> #REF! | FY22: =($AT22+$BW22+$CL22)-$L22 -> #DIV/0! | FZ22: =FY22/E22 -> #DIV/0! | GA22: 3
B23: 45647 | C23: 4 | E23: =D23/24 -> 0 | F23: =$D$3/100*E23 -> 0 | G23: =E23-F23 -> 0 | H23: =$D$4*E23*10^-6 -> 0 | I23: =$D$5*E23*10^-6 -> 0 | J23: =$D$6*E23*10^-6 -> 0 | K23: =$D$12*E23/100 -> 0 | L23: =$D$13*E23/100 -> 0 | M23: =$D$7*E23/100 -> 0 | N23: =$D$8*E23/100 -> 0 | O23: =$D$9*E23/100 -> 0 | P23: =$D$10*E23/100 -> 0 | Q23: =$D$11*E23/100 -> 0 | T23: =S23/24 -> 0 | U23: 0 | V23: 0 | W23: 0 | X23: 0 | Y23: 0 | Z23: 0 | AA23: 0 | AB23: =U23*$T23/100 -> 0 | AC23: =V23*$T23/100 -> 0 | AD23: =W23*$T23/100 -> 0 | AE23: =X23*$T23/100 -> 0 | AF23: =Y23*$T23/100 -> 0 | AG23: =Z23*$T23/100 -> 0 | AH23: =AA23*$T23/100 -> 0 | AI23: 0 | AJ23: 0 | AK23: 0 | AL23: =AI23*$T23*10^-6 -> 0 | AM23: =AJ23*$T23*10^-6 -> 0 | AN23: =AK23*$T23*10^-6 -> 0 | AO23: 0 | AP23: =AO23*T23/100 -> 0 | AQ23: #DIV/0! | AR23: #DIV/0! | AS23: =AQ23*T23/100 -> #DIV/0! | AT23: =AR23*T23/100 -> #DIV/0! | AU23: 0 | AV23: =AU23*T23/100 -> 0 | AW23: 0 | AX23: =AW23*T23/100 -> 0 | AY23: #DIV/0! | AZ23: #DIV/0! | BA23: =$AY23*$T23/100 -> #DIV/0! | BB23: =$AZ23*$T23/100 -> #DIV/0! | BE23: =BD23/24 -> 0 | BM23: =BF23*$BE23/100 -> 0 | BN23: =BG23*$BE23/100 -> 0 | BO23: =BH23*$BE23/100 -> 0 | BP23: =BI23*$BE23/100 -> 0 | BQ23: =BJ23*$BE23/100 -> 0 | BR23: =BK23*$BE23/100 -> 0 | BS23: =BL23*$BE23/100 -> 0 | BV23: =BT23*BE23/100 -> 0 | BW23: =BU23*BE23 -> 0 | BZ23: =$BE23*$BX23/100 -> 0 | CA23: =$BE23*$BY23/100 -> 0 | CD23: =CC23/24 -> 0 | CL23: =CE23*CD23/100 -> 0 | CM23: =CF23*CD23 -> 0 | CN23: =12/(12+4)*CM23 -> 0 | CO23: =CF23*CD23 -> 0 | CP23: =2*12/(2*12+6)*CO23 -> 0 | CQ23: =CH23*CD23/100 -> 0 | CR23: =3*12/(3*12+8)*CQ23/100 -> 0 | CS23: =CI23*CD23/100 -> 0 | CT23: =CS23*4*12/(4*12+10)/100 -> 0 | CU23: =CJ23*CD23/100 -> 0 | CV23: =CU23*5*12/(5*12+12) -> 0 | CW23: =CK23*CD23/100 -> 0 | CX23: =CW23*6*12/(6*12+14) -> 0 | DA23: =CZ23/24 -> 0 | DH23: =DB$20*DA$20/100 -> 0 | DI23: =DA23*DD23/100 -> 0 | DJ23: =DD23*DA23/100 -> 0 | DK23: =DE23*DA23/100 -> 0 | DL23: =DF23*DA23/100 -> 0 | DM23: =DG23*DA23/100 -> 0 | DN23: =(1*DH23)/(0.082*(273+28)) -> 0 | DO23: =(1*DI23)/(0.082*(273+28)) -> 0 | DP23: =(1*DJ23)/(0.082*(273+28)) -> 0 | DQ23: =(1*DK23)/(0.082*(273+28)) -> 0 | DR23: =(1*DL23)/(0.082*(273+28)) -> 0 | DS23: =(1*DM23)/(0.082*(273+28)) -> 0 | EA23: =100*(G23-AH23)/G23 -> #DIV/0! | EC23: =100*(N23-AV23)/N23 -> #DIV/0! | ED23: =100*(O23-AX23)/O23 -> #DIV/0! | EE23: =100*(H23-(AL23))/H23 -> #DIV/0! | EF23: =100*(I23-AM23)/I23 -> #DIV/0! | EG23: =100*(J23-AN23)/J23 -> #DIV/0! | EH23: =100*(P23-(BA23+BZ23))/P23 -> #DIV/0! | EI23: =100*($Q23-($BB23+$CA23))/$Q23 -> #DIV/0! | EJ23: =100*(M23-AP23)/M23 -> #DIV/0! | EK23: =(SUM(H23:I23)-SUM(AL23:AM23))*24 -> 0 | EL23: =EK17+EK18+EK19+EK20+EK21+EK22+EK23 -> 8.1951982 | EM23: =$EL23*0.7 -> 5.7366387 | EN23: =$EL23*0.2 -> 1.6390396 | EO23: =$EL23*0.1 -> 0.81951982 | EP23: =EH23*P23/100 -> #DIV/0! | EQ23: =Q23*EI23/100 -> #DIV/0! | ER23: =100*(#REF!+$CM23)/$E23 -> #REF! | ES23: =12/(14)*$ER23 -> #REF! | ET23: =100-$ES23 -> #REF! | EU23: =100*($CO23+#REF!)/$E23 -> #REF! | EV23: =24/(30)*$EU23 -> #REF! | EW23: =100-$EV23 -> #REF! | EX23: =100*($CQ23+#REF!)/$E23 -> #REF! | EY23: =36/(44)*$EX23 -> #REF! | EZ23: =100-$EY23 -> #REF! | FA23: =100*($CS23+#REF!)/$E23 -> #REF! | FB23: =48/(58)*$FA23 -> #REF! | FC23: =100-$FB23 -> #REF! | FD23: =100*($CU23+#REF!)/$E23 -> #REF! | FE23: =60/(72)*$FD23 -> #REF! | FF23: =100-$FE23 -> #REF! | FG23: =100*($CW23+#REF!)/$E23 -> #REF! | FH23: =72/(86)*$FG23 -> #REF! | FI23: =100-$FH23 -> #REF! | FJ23: =(($EP23*34)/(32*$E23))*100 -> #DIV/0! | FK23: =2/(34)*$FJ23 -> #DIV/0! | FL23: =(($EQ23*17)/(14*E$17))*100 -> #DIV/0! | FM23: =(3/17)*$FL23 -> #DIV/0! | FN23: =(($AB23+$BM23)/$E23)*100 -> #DIV/0! | FO23: =(($BN23+$AC23)/E23)*100 -> #DIV/0! | FP23: =100*(($BO23+$AD23)/$E23) -> #DIV/0! | FQ23: =100*(($BP23+$AE23)/$E23) -> #DIV/0! | FR23: =100*(($BQ23+$AF23)/$E23) -> #DIV/0! | FS23: =$ER23+$EU23+$EX23+$FA23+$FD23+$FG23+$FJ23+$FL23+SUM(FN23:FR23) -> #REF! | FT23: =(($BR23+$AG23)/$E23)*100 -> #DIV/0! | FU23: =(($AH23+$BS23)/$E23)*100 -> #DIV/0! | FV23: =(#REF!+#REF!+#REF!+#REF!+#REF!+#REF!+#REF!+$CX23+$CV23+$CT23+$CR23+$CP23+$CN23+$BV23+$AS23)/$K23 -> #REF! | FX23: =$FS23/$FV23 -> #REF! | FY23: =($AT23+$BW23+$CL23)-$L23 -> #DIV/0! | FZ23: =FY23/E23 -> #DIV/0! | GA23: 4
B24: 45648 | C24: 5 | E24: =D24/24 -> 0 | F24: =$D$3/100*E24 -> 0 | G24: =E24-F24 -> 0 | H24: =$D$4*E24*10^-6 -> 0 | I24: =$D$5*E24*10^-6 -> 0 | J24: =$D$6*E24*10^-6 -> 0 | K24: =$D$12*E24/100 -> 0 | L24: =$D$13*E24/100 -> 0 | M24: =$D$7*E24/100 -> 0 | N24: =$D$8*E24/100 -> 0 | O24: =$D$9*E24/100 -> 0 | P24: =$D$10*E24/100 -> 0 | Q24: =$D$11*E24/100 -> 0 | T24: =S24/24 -> 0 | U24: 0 | V24: 0 | W24: 0 | X24: 0 | Y24: 0 | Z24: 0 | AA24: 0 | AB24: =U24*$T24/100 -> 0 | AC24: =V24*$T24/100 -> 0 | AD24: =W24*$T24/100 -> 0 | AE24: =X24*$T24/100 -> 0 | AF24: =Y24*$T24/100 -> 0 | AG24: =Z24*$T24/100 -> 0 | AH24: =AA24*$T24/100 -> 0 | AI24: 0 | AJ24: 0 | AK24: 0 | AL24: =AI24*$T24*10^-6 -> 0 | AM24: =AJ24*$T24*10^-6 -> 0 | AN24: =AK24*$T24*10^-6 -> 0 | AO24: 0 | AP24: =AO24*T24/100 -> 0 | AQ24: #DIV/0! | AR24: #DIV/0! | AS24: =AQ24*T24/100 -> #DIV/0! | AT24: =AR24*T24/100 -> #DIV/0! | AU24: 0 | AV24: =AU24*T24/100 -> 0 | AW24: 0 | AX24: =AW24*T24/100 -> 0 | AY24: #DIV/0! | AZ24: #DIV/0! | BA24: =$AY24*$T24/100 -> #DIV/0! | BB24: =$AZ24*$T24/100 -> #DIV/0! | BE24: =BD24/24 -> 0 | BM24: =BF24*$BE24/100 -> 0 | BN24: =BG24*$BE24/100 -> 0 | BO24: =BH24*$BE24/100 -> 0 | BP24: =BI24*$BE24/100 -> 0 | BQ24: =BJ24*$BE24/100 -> 0 | BR24: =BK24*$BE24/100 -> 0 | BS24: =BL24*$BE24/100 -> 0 | BV24: =BT24*BE24/100 -> 0 | BW24: =BU24*BE24 -> 0 | BZ24: =$BE24*$BX24/100 -> 0 | CA24: =$BE24*$BY24/100 -> 0 | CD24: =CC24/24 -> 0 | CL24: =CE24*CD24/100 -> 0 | CM24: =CF24*CD24 -> 0 | CN24: =12/(12+4)*CM24 -> 0 | CO24: =CF24*CD24 -> 0 | CP24: =2*12/(2*12+6)*CO24 -> 0 | CQ24: =CH24*CD24/100 -> 0 | CR24: =3*12/(3*12+8)*CQ24/100 -> 0 | CS24: =CI24*CD24/100 -> 0 | CT24: =CS24*4*12/(4*12+10)/100 -> 0 | CU24: =CJ24*CD24/100 -> 0 | CV24: =CU24*5*12/(5*12+12) -> 0 | CW24: =CK24*CD24/100 -> 0 | CX24: =CW24*6*12/(6*12+14) -> 0 | DA24: =CZ24/24 -> 0 | DH24: =DB$20*DA$20/100 -> 0 | DI24: =DA24*DD24/100 -> 0 | DJ24: =DD24*DA24/100 -> 0 | DK24: =DE24*DA24/100 -> 0 | DL24: =DF24*DA24/100 -> 0 | DM24: =DG24*DA24/100 -> 0 | DN24: =(1*DH24)/(0.082*(273+28)) -> 0 | DO24: =(1*DI24)/(0.082*(273+28)) -> 0 | DP24: =(1*DJ24)/(0.082*(273+28)) -> 0 | DQ24: =(1*DK24)/(0.082*(273+28)) -> 0 | DR24: =(1*DL24)/(0.082*(273+28)) -> 0 | DS24: =(1*DM24)/(0.082*(273+28)) -> 0 | EA24: =100*(G24-AH24)/G24 -> #DIV/0! | EC24: =100*(N24-AV24)/N24 -> #DIV/0! | ED24: =100*(O24-AX24)/O24 -> #DIV/0! | EE24: =100*(H24-(AL24))/H24 -> #DIV/0! | EF24: =100*(I24-AM24)/I24 -> #DIV/0! | EG24: =100*(J24-AN24)/J24 -> #DIV/0! | EH24: =100*(P24-(BA24+BZ24))/P24 -> #DIV/0! | EI24: =100*($Q24-($BB24+$CA24))/$Q24 -> #DIV/0! | EJ24: =100*(M24-AP24)/M24 -> #DIV/0! | EK24: =(SUM(H24:I24)-SUM(AL24:AM24))*24 -> 0 | EL24: =EK17+EK18+EK19+EK20+EK21+EK22+EK23+EK24 -> 8.1951982 | EM24: =$EL24*0.7 -> 5.7366387 | EN24: =$EL24*0.2 -> 1.6390396 | EO24: =$EL24*0.1 -> 0.81951982 | EP24: =EH24*P24/100 -> #DIV/0! | EQ24: =Q24*EI24/100 -> #DIV/0! | ER24: =100*(#REF!+$CM24)/$E24 -> #REF! | ES24: =12/(14)*$ER24 -> #REF! | ET24: =100-$ES24 -> #REF! | EU24: =100*($CO24+#REF!)/$E24 -> #REF! | EV24: =24/(30)*$EU24 -> #REF! | EW24: =100-$EV24 -> #REF! | EX24: =100*($CQ24+#REF!)/$E24 -> #REF! | EY24: =36/(44)*$EX24 -> #REF! | EZ24: =100-$EY24 -> #REF! | FA24: =100*($CS24+#REF!)/$E24 -> #REF! | FB24: =48/(58)*$FA24 -> #REF! | FC24: =100-$FB24 -> #REF! | FD24: =100*($CU24+#REF!)/$E24 -> #REF! | FE24: =60/(72)*$FD24 -> #REF! | FF24: =100-$FE24 -> #REF! | FG24: =100*($CW24+#REF!)/$E24 -> #REF! | FH24: =72/(86)*$FG24 -> #REF! | FI24: =100-$FH24 -> #REF! | FJ24: =(($EP24*34)/(32*$E24))*100 -> #DIV/0! | FK24: =2/(34)*$FJ24 -> #DIV/0! | FL24: =(($EQ24*17)/(14*E$17))*100 -> #DIV/0! | FM24: =(3/17)*$FL24 -> #DIV/0! | FN24: =(($AB24+$BM24)/$E24)*100 -> #DIV/0! | FO24: =(($BN24+$AC24)/E24)*100 -> #DIV/0! | FP24: =100*(($BO24+$AD24)/$E24) -> #DIV/0! | FQ24: =100*(($BP24+$AE24)/$E24) -> #DIV/0! | FR24: =100*(($BQ24+$AF24)/$E24) -> #DIV/0! | FS24: =$ER24+$EU24+$EX24+$FA24+$FD24+$FG24+$FJ24+$FL24+SUM(FN24:FR24) -> #REF! | FT24: =(($BR24+$AG24)/$E24)*100 -> #DIV/0! | FU24: =(($AH24+$BS24)/$E24)*100 -> #DIV/0! | FV24: =(#REF!+#REF!+#REF!+#REF!+#REF!+#REF!+#REF!+$CX24+$CV24+$CT24+$CR24+$CP24+$CN24+$BV24+$AS24)/$K24 -> #REF! | FX24: =$FS24/$FV24 -> #REF! | FY24: =($AT24+$BW24+$CL24)-$L24 -> #DIV/0! | FZ24: =FY24/E24 -> #DIV/0! | GA24: 5
B25: 45649 | C25: 6 | E25: =D25/24 -> 0 | F25: =$D$3/100*E25 -> 0 | G25: =E25-F25 -> 0 | H25: =$D$4*E25*10^-6 -> 0 | I25: =$D$5*E25*10^-6 -> 0 | J25: =$D$6*E25*10^-6 -> 0 | K25: =$D$12*E25/100 -> 0 | L25: =$D$13*E25/100 -> 0 | M25: =$D$7*E25/100 -> 0 | N25: =$D$8*E25/100 -> 0 | O25: =$D$9*E25/100 -> 0 | P25: =$D$10*E25/100 -> 0 | Q25: =$D$11*E25/100 -> 0 | T25: =S25/24 -> 0 | U25: 0 | V25: 0 | W25: 0 | X25: 0 | Y25: 0 | Z25: 0 | AA25: 0 | AB25: =U25*$T25/100 -> 0 | AC25: =V25*$T25/100 -> 0 | AD25: =W25*$T25/100 -> 0 | AE25: =X25*$T25/100 -> 0 | AF25: =Y25*$T25/100 -> 0 | AG25: =Z25*$T25/100 -> 0 | AH25: =AA25*$T25/100 -> 0 | AI25: 0 | AJ25: 0 | AK25: 0 | AL25: =AI25*$T25*10^-6 -> 0 | AM25: =AJ25*$T25*10^-6 -> 0 | AN25: =AK25*$T25*10^-6 -> 0 | AO25: 0 | AP25: =AO25*T25/100 -> 0 | AQ25: #DIV/0! | AR25: #DIV/0! | AS25: =AQ25*T25/100 -> #DIV/0! | AT25: =AR25*T25/100 -> #DIV/0! | AU25: 0 | AV25: =AU25*T25/100 -> 0 | AW25: 0 | AX25: =AW25*T25/100 -> 0 | AY25: #DIV/0! | AZ25: #DIV/0! | BA25: =$AY25*$T25/100 -> #DIV/0! | BB25: =$AZ25*$T25/100 -> #DIV/0! | BE25: =BD25/24 -> 0 | BM25: =BF25*$BE25/100 -> 0 | BN25: =BG25*$BE25/100 -> 0 | BO25: =BH25*$BE25/100 -> 0 | BP25: =BI25*$BE25/100 -> 0 | BQ25: =BJ25*$BE25/100 -> 0 | BR25: =BK25*$BE25/100 -> 0 | BS25: =BL25*$BE25/100 -> 0 | BV25: =BT25*BE25/100 -> 0 | BW25: =BU25*BE25 -> 0 | BZ25: =$BE25*$BX25/100 -> 0 | CA25: =$BE25*$BY25/100 -> 0 | CD25: =CC25/24 -> 0 | CL25: =CE25*CD25/100 -> 0 | CM25: =CF25*CD25 -> 0 | CN25: =12/(12+4)*CM25 -> 0 | CO25: =CF25*CD25 -> 0 | CP25: =2*12/(2*12+6)*CO25 -> 0 | CQ25: =CH25*CD25/100 -> 0 | CR25: =3*12/(3*12+8)*CQ25/100 -> 0 | CS25: =CI25*CD25/100 -> 0 | CT25: =CS25*4*12/(4*12+10)/100 -> 0 | CU25: =CJ25*CD25/100 -> 0 | CV25: =CU25*5*12/(5*12+12) -> 0 | CW25: =CK25*CD25/100 -> 0 | CX25: =CW25*6*12/(6*12+14) -> 0 | DA25: =CZ25/24 -> 0 | DH25: =DB$20*DA$20/100 -> 0 | DI25: =DA25*DD25/100 -> 0 | DJ25: =DD25*DA25/100 -> 0 | DK25: =DE25*DA25/100 -> 0 | DL25: =DF25*DA25/100 -> 0 | DM25: =DG25*DA25/100 -> 0 | DN25: =(1*DH25)/(0.082*(273+28)) -> 0 | DO25: =(1*DI25)/(0.082*(273+28)) -> 0 | DP25: =(1*DJ25)/(0.082*(273+28)) -> 0 | DQ25: =(1*DK25)/(0.082*(273+28)) -> 0 | DR25: =(1*DL25)/(0.082*(273+28)) -> 0 | DS25: =(1*DM25)/(0.082*(273+28)) -> 0 | EA25: =100*(G25-AH25)/G25 -> #DIV/0! | EC25: =100*(N25-AV25)/N25 -> #DIV/0! | ED25: =100*(O25-AX25)/O25 -> #DIV/0! | EE25: =100*(H25-(AL25))/H25 -> #DIV/0! | EF25: =100*(I25-AM25)/I25 -> #DIV/0! | EG25: =100*(J25-AN25)/J25 -> #DIV/0! | EH25: =100*(P25-(BA25+BZ25))/P25 -> #DIV/0! | EI25: =100*($Q25-($BB25+$CA25))/$Q25 -> #DIV/0! | EJ25: =100*(M25-AP25)/M25 -> #DIV/0! | EK25: =(SUM(H25:I25)-SUM(AL25:AM25))*24 -> 0 | EL25: =EK17+EK18+EK19+EK20+EK21+EK22+EK23+EK24+EK25 -> 8.1951982 | EM25: =$EL25*0.7 -> 5.7366387 | EN25: =$EL25*0.2 -> 1.6390396 | EO25: =$EL25*0.1 -> 0.81951982 | EP25: =EH25*P25/100 -> #DIV/0! | EQ25: =Q25*EI25/100 -> #DIV/0! | ER25: =100*(#REF!+$CM25)/$E25 -> #REF! | ES25: =12/(14)*$ER25 -> #REF! | ET25: =100-$ES25 -> #REF! | EU25: =100*($CO25+#REF!)/$E25 -> #REF! | EV25: =24/(30)*$EU25 -> #REF! | EW25: =100-$EV25 -> #REF! | EX25: =100*($CQ25+#REF!)/$E25 -> #REF! | EY25: =36/(44)*$EX25 -> #REF! | EZ25: =100-$EY25 -> #REF! | FA25: =100*($CS25+#REF!)/$E25 -> #REF! | FB25: =48/(58)*$FA25 -> #REF! | FC25: =100-$FB25 -> #REF! | FD25: =100*($CU25+#REF!)/$E25 -> #REF! | FE25: =60/(72)*$FD25 -> #REF! | FF25: =100-$FE25 -> #REF! | FG25: =100*($CW25+#REF!)/$E25 -> #REF! | FH25: =72/(86)*$FG25 -> #REF! | FI25: =100-$FH25 -> #REF! | FJ25: =(($EP25*34)/(32*$E25))*100 -> #DIV/0! | FK25: =2/(34)*$FJ25 -> #DIV/0! | FL25: =(($EQ25*17)/(14*E$17))*100 -> #DIV/0! | FM25: =(3/17)*$FL25 -> #DIV/0! | FN25: =(($AB25+$BM25)/$E25)*100 -> #DIV/0! | FO25: =(($BN25+$AC25)/E25)*100 -> #DIV/0! | FP25: =100*(($BO25+$AD25)/$E25) -> #DIV/0! | FQ25: =100*(($BP25+$AE25)/$E25) -> #DIV/0! | FR25: =100*(($BQ25+$AF25)/$E25) -> #DIV/0! | FS25: =$ER25+$EU25+$EX25+$FA25+$FD25+$FG25+$FJ25+$FL25+SUM(FN25:FR25) -> #REF! | FT25: =(($BR25+$AG25)/$E25)*100 -> #DIV/0! | FU25: =(($AH25+$BS25)/$E25)*100 -> #DIV/0! | FV25: =(#REF!+#REF!+#REF!+#REF!+#REF!+#REF!+#REF!+$CX25+$CV25+$CT25+$CR25+$CP25+$CN25+$BV25+$AS25)/$K25 -> #REF! | FX25: =$FS25/$FV25 -> #REF! | FY25: =($AT25+$BW25+$CL25)-$L25 -> #DIV/0! | FZ25: =FY25/E25 -> #DIV/0! | GA25: 6
B26: 45650 | C26: 7 | E26: =D26/24 -> 0 | F26: =$D$3/100*E26 -> 0 | G26: =E26-F26 -> 0 | H26: =$D$4*E26*10^-6 -> 0 | I26: =$D$5*E26*10^-6 -> 0 | J26: =$D$6*E26*10^-6 -> 0 | K26: =$D$12*E26/100 -> 0 | L26: =$D$13*E26/100 -> 0 | M26: =$D$7*E26/100 -> 0 | N26: =$D$8*E26/100 -> 0 | O26: =$D$9*E26/100 -> 0 | P26: =$D$10*E26/100 -> 0 | Q26: =$D$11*E26/100 -> 0 | T26: =S26/24 -> 0 | U26: 0 | V26: 0 | W26: 0 | X26: 0 | Y26: 0 | Z26: 0 | AA26: 0 | AB26: =U26*$T26/100 -> 0 | AC26: =V26*$T26/100 -> 0 | AD26: =W26*$T26/100 -> 0 | AE26: =X26*$T26/100 -> 0 | AF26: =Y26*$T26/100 -> 0 | AG26: =Z26*$T26/100 -> 0 | AH26: =AA26*$T26/100 -> 0 | AI26: 0 | AJ26: 0 | AK26: 0 | AL26: =AI26*$T26*10^-6 -> 0 | AM26: =AJ26*$T26*10^-6 -> 0 | AN26: =AK26*$T26*10^-6 -> 0 | AO26: 0 | AP26: =AO26*T26/100 -> 0 | AQ26: #DIV/0! | AR26: #DIV/0! | AS26: =AQ26*T26/100 -> #DIV/0! | AT26: =AR26*T26/100 -> #DIV/0! | AU26: 0 | AV26: =AU26*T26/100 -> 0 | AW26: 0 | AX26: =AW26*T26/100 -> 0 | AY26: #DIV/0! | AZ26: #DIV/0! | BA26: =$AY26*$T26/100 -> #DIV/0! | BB26: =$AZ26*$T26/100 -> #DIV/0! | BE26: =BD26/24 -> 0 | BM26: =BF26*$BE26/100 -> 0 | BN26: =BG26*$BE26/100 -> 0 | BO26: =BH26*$BE26/100 -> 0 | BP26: =BI26*$BE26/100 -> 0 | BQ26: =BJ26*$BE26/100 -> 0 | BR26: =BK26*$BE26/100 -> 0 | BS26: =BL26*$BE26/100 -> 0 | BV26: =BT26*BE26/100 -> 0 | BW26: =BU26*BE26 -> 0 | BZ26: =$BE26*$BX26/100 -> 0 | CA26: =$BE26*$BY26/100 -> 0 | CD26: =CC26/24 -> 0 | CL26: =CE26*CD26/100 -> 0 | CM26: =CF26*CD26 -> 0 | CN26: =12/(12+4)*CM26 -> 0 | CO26: =CF26*CD26 -> 0 | CP26: =2*12/(2*12+6)*CO26 -> 0 | CQ26: =CH26*CD26/100 -> 0 | CR26: =3*12/(3*12+8)*CQ26/100 -> 0 | CS26: =CI26*CD26/100 -> 0 | CT26: =CS26*4*12/(4*12+10)/100 -> 0 | CU26: =CJ26*CD26/100 -> 0 | CV26: =CU26*5*12/(5*12+12) -> 0 | CW26: =CK26*CD26/100 -> 0 | CX26: =CW26*6*12/(6*12+14) -> 0 | DA26: =CZ26/24 -> 0 | DH26: =DB$20*DA$20/100 -> 0 | DI26: =DA26*DD26/100 -> 0 | DJ26: =DD26*DA26/100 -> 0 | DK26: =DE26*DA26/100 -> 0 | DL26: =DF26*DA26/100 -> 0 | DM26: =DG26*DA26/100 -> 0 | DN26: =(1*DH26)/(0.082*(273+28)) -> 0 | DO26: =(1*DI26)/(0.082*(273+28)) -> 0 | DP26: =(1*DJ26)/(0.082*(273+28)) -> 0 | DQ26: =(1*DK26)/(0.082*(273+28)) -> 0 | DR26: =(1*DL26)/(0.082*(273+28)) -> 0 | DS26: =(1*DM26)/(0.082*(273+28)) -> 0 | EA26: =100*(G26-AH26)/G26 -> #DIV/0! | EC26: =100*(N26-AV26)/N26 -> #DIV/0! | ED26: =100*(O26-AX26)/O26 -> #DIV/0! | EE26: =100*(H26-(AL26))/H26 -> #DIV/0! | EF26: =100*(I26-AM26)/I26 -> #DIV/0! | EG26: =100*(J26-AN26)/J26 -> #DIV/0! | EH26: =100*(P26-(BA26+BZ26))/P26 -> #DIV/0! | EI26: =100*($Q26-($BB26+$CA26))/$Q26 -> #DIV/0! | EJ26: =100*(M26-AP26)/M26 -> #DIV/0! | EK26: =(SUM(H26:I26)-SUM(AL26:AM26))*24 -> 0 | EL26: =EK17+EK18+EK19+EK20+EK21+EK22+EK23+EK24+EK25+EK26 -> 8.1951982 | EM26: =$EL26*0.7 -> 5.7366387 | EN26: =$EL26*0.2 -> 1.6390396 | EO26: =$EL26*0.1 -> 0.81951982 | EP26: =EH26*P26/100 -> #DIV/0! | EQ26: =Q26*EI26/100 -> #DIV/0! | ER26: =100*(#REF!+$CM26)/$E26 -> #REF! | ES26: =12/(14)*$ER26 -> #REF! | ET26: =100-$ES26 -> #REF! | EU26: =100*($CO26+#REF!)/$E26 -> #REF! | EV26: =24/(30)*$EU26 -> #REF! | EW26: =100-$EV26 -> #REF! | EX26: =100*($CQ26+#REF!)/$E26 -> #REF! | EY26: =36/(44)*$EX26 -> #REF! | EZ26: =100-$EY26 -> #REF! | FA26: =100*($CS26+#REF!)/$E26 -> #REF! | FB26: =48/(58)*$FA26 -> #REF! | FC26: =100-$FB26 -> #REF! | FD26: =100*($CU26+#REF!)/$E26 -> #REF! | FE26: =60/(72)*$FD26 -> #REF! | FF26: =100-$FE26 -> #REF! | FG26: =100*($CW26+#REF!)/$E26 -> #REF! | FH26: =72/(86)*$FG26 -> #REF! | FI26: =100-$FH26 -> #REF! | FJ26: =(($EP26*34)/(32*$E26))*100 -> #DIV/0! | FK26: =2/(34)*$FJ26 -> #DIV/0! | FL26: =(($EQ26*17)/(14*E$17))*100 -> #DIV/0! | FM26: =(3/17)*$FL26 -> #DIV/0! | FN26: =(($AB26+$BM26)/$E26)*100 -> #DIV/0! | FO26: =(($BN26+$AC26)/E26)*100 -> #DIV/0! | FP26: =100*(($BO26+$AD26)/$E26) -> #DIV/0! | FQ26: =100*(($BP26+$AE26)/$E26) -> #DIV/0! | FR26: =100*(($BQ26+$AF26)/$E26) -> #DIV/0! | FS26: =$ER26+$EU26+$EX26+$FA26+$FD26+$FG26+$FJ26+$FL26+SUM(FN26:FR26) -> #REF! | FT26: =(($BR26+$AG26)/$E26)*100 -> #DIV/0! | FU26: =(($AH26+$BS26)/$E26)*100 -> #DIV/0! | FV26: =(#REF!+#REF!+#REF!+#REF!+#REF!+#REF!+#REF!+$CX26+$CV26+$CT26+$CR26+$CP26+$CN26+$BV26+$AS26)/$K26 -> #REF! | FX26: =$FS26/$FV26 -> #REF! | FY26: =($AT26+$BW26+$CL26)-$L26 -> #DIV/0! | FZ26: =FY26/E26 -> #DIV/0! | GA26: 7
B27: 45651
B28: 45652
B29: 45653
B30: 45654
B31: 45655
B32: 45656
B33: 45657
D35: Total ISV: 20-30 g/d(24hr) | BT35: 86.54 | BU35: 13.2 | BX35: 0.181 | BY35: 0.081
E36: 1-1.5 g/hr
E38: 7 days --> 2 days (No need to analyse) + 5 days (analysis)
B68: 45692
B69: 45693
B70: 45694
B71: 45695
B72: 45696

Sheet Sheet3
