Workbook
Name AllottedFunds: #REF!
Name ColumnTitle2: #REF!
Name ColumnTitleRegion1..D4.2: #REF!
Name FundsRemaining: INDEX(#REF!,ROWS(#REF!),1)
Name FundsRemainingLabel: #REF!
Name FundsUsed: #REF!
Name FundsUsedLabel: #REF!
Name RowTitleRegion1..C11: #REF!
Name Title1: #REF!

Sheet Lab Results Summary
D157: MEBU25001 | E157: D1 | F157: D2 | G157: D3 | H157: D4 | I157: MEBU25002 | J157: D1 | K157: D2 | L157: D3 | M157: D4
D158: 560+ | E158: 60.116 | F158: 63.283 | G158: 61.009 | H158: 61.402 | I158: 560+ | J158: 59.673 | K158: 58.045 | L158: 59.301 | M158: 59.834
D159: Crk Conv | E159: 38.617032 | F159: 36.96046 | G159: 39.346284 | H159: 39.106101 | I159: Crk Conv | J159: 39.752164 | K159: 39.57554 | L159: 38.201039 | M159: 38.194675
D160: S | E160: 2.34 | F160: 2.27 | G160: 2.334 | H160: 2.366 | I160: S | J160: 2.16 | K160: 2.314 | L160: 2.34 | M160: 2.341
D161: S Conv | E161: 64.498988 | F161: 66.260538 | G161: 65.200068 | H161: 65.178078 | I161: S Conv | J161: 67.617687 | K161: 64.246704 | L161: 63.811026 | M161: 64.098664
D162: N | E162: 0.3786 | F162: 0.3837 | G162: 0.354 | H162: 0.3816 | I162: N | J162: 0.38516 | K162: 0.401935 | L162: 0.4099 | M162: 0.425045
D163: N Conv | E163: 38.689882 | F163: 39.321935 | G163: 43.437155 | H163: 39.672386 | I163: N Conv | J163: 38.243114 | K163: 33.529646 | L163: 32.081084 | M163: 30.166695
D164: Ni+v | E164: 61.02 | F164: 57.33 | G164: 56.83 | H164: 55.54 | I164: Ni+v | J164: 44.36 | K164: 51.76 | L164: 56.54 | M164: 56.51
D165: Ni+V Conv | E165: 78.07227 | F165: 79.901132 | G165: 80.11595 | H165: 80.615223 | I165: Ni+V Conv | J165: 84.237729 | K165: 81.03705 | L165: 79.263348 | M165: 79.456859
D166: MCR | E166: 14.8 | F166: 14.57 | G166: 14.55 | H166: 14.7 | I166: MCR | J166: 14.1 | K166: 14.67 | L166: 14.73 | M166: 14.91
D167: MCR Conv | E167: 47.705683 | F167: 49.620881 | G167: 49.683198 | H167: 49.651262 | I167: MCR Conv | J167: 50.834248 | K167: 47.257821 | L167: 46.984618 | M167: 46.809325
D168: C7 | E168: 4.6 | F168: 4.3 | G168: 4.4 | H168: 4.5 | I168: C7 | J168: 3.65 | K168: 4.173 | L168: 4.238 | M168: 4.83
D169: C7 Conv | E169: 65.846695 | F169: 68.717064 | G169: 67.954365 | H169: 67.635477 | I169: C7 Conv | J169: 73.274743 | K169: 68.496284 | L169: 67.97084 | M169: 63.818178
D171: ART
D172: MCR Conv | E172: 56 | F172: 50 | G172: 49 | H172: 48

Sheet LTO DAILY
D1: RHCU Pilot Plant Laboratory Worksheet
D2: Batch Name : | E2: MEBU2026'01
D3: Date : | H3: CATALYST AGING | L3: CRACKING EXPERIMENT
D4: Note : | E4: Repeat Acceptance test | H4: ABQ3358 | L4: ABQ3358 (No3+No5)
G5: Day on stream | H5: 1 | I5: 2 | J5: 3 | K5: 4 | L5: 5 | M5: 6 | N5: 7 | O5: 8 | P5: 9 | Q5: 10 | R5: 11 | S5: 12 | T5: 13 | U5: 14 | V5: 15 | W5: 16 | X5: 17 | Y5: 18 | Z5: 19 | AA5: 20 | AB5: 21 | AC5: 22 | AD5: 23 | AE5: 24 | AF5: 25 | AG5: 26 | AH5: 27 | AI5: 28 | AL5: 9 | AM5: 10 | AN5: 11
G6: Date | I6: D1.5 | J6: 46086
D7: Properties | E7: Method | F7: Unit | G7: SR ABQ3358 | H7: LTO | I7: LTO | J7: LTO | K7: LTO | L7: LTO | M7: LTO | N7: LTO | O7: LTO | P7: LTO | Q7: LTO | R7: LTO | S7: LTO | T7: LTO | U7: LTO | V7: LTO | W7: LTO | X7: LTO | Y7: LTO | Z7: LTO | AA7: LTO | AB7: LTO | AC7: LTO | AD7: LTO | AE7: LTO | AF7: LTO | AG7: LTO | AH7: LTO | AI7: LTO | AL7: LTO | AM7: LTO | AN7: LTO
D8: Ratio | E8: - | F8: %wt. | G8: 100
D9: API | E9: - | F9: kg | I9: 40.72 | J9: 42 | K9: 42.5 | L9: 40.68 | M9: 42.6 | N9: 40.17 | O9: 41.06 | P9: 40.41 | Q9: 41.09 | R9: 40.41 | S9: 41.33 | T9: 41.15 | AL9: 41.34 | AM9: 39.48 | AN9: 41.09 | AQ9: =AVERAGE(AL9:AM9) -> 40.41
D10: Density | E10: ASTM D4052 | F10: kg/L | I10: 0.8208 | J10: 0.8146 | K10: 0.8124 | L10: 0.821 | M10: 0.812 | N10: 0.8235 | O10: 0.8192 | P10: 0.82235 | Q10: 0.8191 | R10: 0.8223 | S10: 0.8179 | T10: 0.8188 | AL10: 0.8179 | AM10: 0.8268 | AN10: 0.8191 | AQ10: =AVERAGE(AL10:AM10) -> 0.82235
D11: Relative Density@25/25 oC | E11: ASTM D70 | F11: - | AQ11: =AVERAGE(AL11:AM11) -> #DIV/0!
D12: Viscosity @ -20 oC | E12: ASTM D445 | F12: cSt. | AQ12: =AVERAGE(AL12:AM12) -> #DIV/0!
D13: Viscosity @ 40 oC | AQ13: =AVERAGE(AL13:AM13) -> #DIV/0!
D14: Viscosity @ 70 oC | AQ14: =AVERAGE(AL14:AM14) -> #DIV/0!
D15: Viscosity @ 100 oC | AQ15: =AVERAGE(AL15:AM15) -> #DIV/0!
D16: Viscosity @ 150 oC | AQ16: =AVERAGE(AL16:AM16) -> #DIV/0!
D17: V50 | AQ17: =AVERAGE(AL17:AM17) -> #DIV/0!
D18: Sulfur | E18: ASTM D4294 | F18: %wt | G18: 5.986 | I18: 0.164 | J18: 0.172 | K18: 0.157 | L18: 0.13277 | M18: 0.09042 | N18: 0.103 | O18: 0.108 | P18: 0.165665 | Q18: 0.14561 | R18: 0.1367 | S18: 0.12447 | T18: 0.12303 | AL18: 0.10486 | AM18: 0.22647 | AN18: 0.14561 | AQ18: =AVERAGE(AL18:AM18) -> 0.165665
E19: ASTM D2622 | F19: %wt | AQ19: =AVERAGE(AL19:AM19) -> #DIV/0!
F20: PPMw | AQ20: =AVERAGE(AL20:AM20) -> #DIV/0!
D21: Total Nitrogen | E21: ASTM D4629 | F21: PPMw | AQ21: =AVERAGE(AL21:AM21) -> #DIV/0!
E22: ASTM D5762 | F22: PPMw | G22: 3301 | I22: 458.27 | J22: 492 | K22: 543.66 | L22: 558.52 | M22: 474.65 | N22: 548.8 | O22: 547.8 | P22: 558.371 | Q22: 572.94 | R22: 611.99 | S22: 603.89 | T22: 617.06 | AL22: 562.822 | AM22: 553.92 | AN22: 572.94 | AQ22: =AVERAGE(AL22:AM22) -> 558.371
B23: 0.4519 | F23: %wt | G23: 0.3301 | H23: =H22/10000 -> 0 | I23: =I22/10000 -> 0.045827 | J23: =J22/10000 -> 0.0492 | K23: =K22/10000 -> 0.054366 | L23: =L22/10000 -> 0.055852 | M23: =M22/10000 -> 0.047465 | N23: =N22/10000 -> 0.05488 | O23: =O22/10000 -> 0.05478 | ... AI23: =AI22/10000 -> 0 | AL23: =AL22/10000 -> 0.0562822 | AM23: =AM22/10000 -> 0.055392 | AN23: =AN22/10000 -> 0.057294 | AQ23: =AVERAGE(AL23:AM23) -> 0.0558371
D24: CHN | E24: ASTM D5291 | F24: %wt | AQ24: =AVERAGE(AL24:AM24) -> #DIV/0!
D25: Carbon | G25: 84.31 | I25: 86.35 | J25: 87.07 | K25: 86.62 | L25: 87.19 | M25: 86.94 | N25: 87.53 | O25: 87.3 | P25: 88.155 | Q25: 87.48 | R25: 85.86 | S25: 87.48 | T25: 87.87 | AL25: 88.43 | AM25: 87.88 | AN25: 87.48 | AQ25: =AVERAGE(AL25:AM25) -> 88.155
D26: Hydrogen | G26: 9.782 | I26: 13.34 | J26: 13.58 | K26: 13.33 | L26: 13.11 | M26: 13.5 | N26: 13.08 | O26: 13.36 | P26: 13.13 | Q26: 13.26 | R26: 13.23 | S26: 13.26 | T26: 13.28 | AL26: 13.26 | AM26: 13 | AN26: 13.26 | AQ26: =AVERAGE(AL26:AM26) -> 13.13
D27: Nitrogen | G27: 0.4519 | I27: 0.06146 | J27: 0.08 | K27: 0.08968 | L27: 0.08 | M27: 0.01653 | N27: 0.01087 | O27: 0.08 | P27: 0.07994 | Q27: 0.08378 | R27: 0.007312 | S27: 0.08378 | T27: 0.09945 | AL27: 0.0865 | AM27: 0.07338 | AN27: 0.08378 | AQ27: =AVERAGE(AL27:AM27) -> 0.07994
D28: CHNS | G28: =(G25+G26+G27+G18) -> 100.5299 | H28: =H$25+H$26+H$23+H$18 -> 0 | I28: =I$25+I$26+I$23+I$18 -> 99.899827 | J28: =J$25+J$26+J$23+J$18 -> 100.8712 | K28: =K$25+K$26+K$23+K$18 -> 100.16137 | L28: =L$25+L$26+L$23+L$18 -> 100.48862 | M28: =M$25+M$26+M$23+M$18 -> 100.57788 | N28: =N$25+N$26+N$23+N$18 -> 100.76788 | O28: =O$25+O$26+O$23+O$18 -> 100.82278 | ... AI28: =AI$25+AI$26+AI$23+AI$18 -> 0 | AL28: =AL$25+AL$26+AL$23+AL$18 -> 101.85114 | AM28: =AM$25+AM$26+AM$23+AM$18 -> 101.16186 | AN28: =AN$25+AN$26+AN$23+AN$18 -> 100.9429 | AQ28: =AVERAGE(AL28:AM28) -> 101.5065
D29: CN | G29: =(100-G31-G32)/(1+(G26/G25)) -> 83.974158 | H29: =(100-H$31-H$32)/(1+(H$26/H$25)) -> #DIV/0! | I29: =(100-I$31-I$32)/(1+(I$26/I$25)) -> 86.436586 | J29: =(100-J$31-J$32)/(1+(J$26/J$25)) -> 86.317998 | K29: =(100-K$31-K$32)/(1+(K$26/K$25)) -> 86.48045 | L29: =(100-L$31-L$32)/(1+(L$26/L$25)) -> 86.766042 | M29: =(100-M$31-M$32)/(1+(M$26/M$25)) -> 86.440473 | N29: =(100-N$31-N$32)/(1+(N$26/N$25)) -> 86.862996 | O29: =(100-O$31-O$32)/(1+(O$26/O$25)) -> 86.587575 | ... AI29: =(100-AI$31-AI$32)/(1+(AI$26/AI$25)) -> #DIV/0! | AL29: =(100-AL$31-AL$32)/(1+(AL$26/AL$25)) -> 86.822787 | AM29: =(100-AM$31-AM$32)/(1+(AM$26/AM$25)) -> 86.870683 | AN29: =(100-AN$31-AN$32)/(1+(AN$26/AN$25)) -> 86.662852 | AQ29: =AVERAGE(AL29:AM29) -> 86.846735
D30: HN | F30: %wt | G30: =G29*(G26/G25) -> 9.7430342 | H30: =H$29*(H$26/H$25) -> #DIV/0! | I30: =I$29*(I$26/I$25) -> 13.353376 | J30: =J$29*(J$26/J$25) -> 13.462713 | K30: =K$29*(K$26/K$25) -> 13.308525 | L30: =L$29*(L$26/L$25) -> 13.046253 | M30: =M$29*(M$26/M$25) -> 13.422434 | N30: =N$29*(N$26/N$25) -> 12.980327 | O30: =O$29*(O$26/O$25) -> 13.250974 | ... AI30: =AI$29*(AI$26/AI$25) -> #DIV/0! | AL30: =AL$29*(AL$26/AL$25) -> 13.019 | AM30: =AM$29*(AM$26/AM$25) -> 12.850693 | AN30: =AN$29*(AN$26/AN$25) -> 13.136139 | AQ30: =AVERAGE(AL30:AM30) -> 12.934846
D31: NN | G31: =G23*100/G28 -> 0.32836002 | H31: =H$23*100/H$28 -> #DIV/0! | I31: =I$23*100/I$28 -> 0.045872952 | J31: =J$23*100/J$28 -> 0.048775072 | K31: =K$23*100/K$28 -> 0.054278413 | L31: =L$23*100/L$28 -> 0.055580422 | M31: =M$23*100/M$28 -> 0.047192283 | N31: =N$23*100/N$28 -> 0.054461799 | O31: =O$23*100/O$28 -> 0.054332959 | ... AI31: =AI$23*100/AI$28 -> #DIV/0! | AL31: =AL$23*100/AL$28 -> 0.055259272 | AM31: =AM$23*100/AM$28 -> 0.054755813 | AN31: =AN$23*100/AN$28 -> 0.056758819 | AQ31: =AVERAGE(AL31:AM31) -> 0.055007543
D32: SN | G32: =G18*100/G28 -> 5.9544474 | H32: =H$18*100/H$28 -> #DIV/0! | I32: =I$18*100/I$28 -> 0.16416445 | J32: =J$18*100/J$28 -> 0.17051448 | K32: =K$18*100/K$28 -> 0.15674706 | L32: =L$18*100/L$28 -> 0.13212441 | M32: =M$18*100/M$28 -> 0.089900479 | N32: =N$18*100/N$28 -> 0.10221511 | O32: =O$18*100/O$28 -> 0.10711865 | ... AI32: =AI$18*100/AI$28 -> #DIV/0! | AL32: =AL$18*100/AL$28 -> 0.10295417 | AM32: =AM$18*100/AM$28 -> 0.22386895 | AN32: =AN$18*100/AN$28 -> 0.14424986 | AQ32: =AVERAGE(AL32:AM32) -> 0.16341156
D33: HN/CN | G33: =G30/G29 -> 0.1160242 | H33: =H$30/H$29 -> #DIV/0! | I33: =I$30/I$29 -> 0.15448755 | J33: =J$30/J$29 -> 0.15596646 | K33: =K$30/K$29 -> 0.15389056 | L33: =L$30/L$29 -> 0.15036128 | M33: =M$30/M$29 -> 0.1552795 | N33: =N$30/N$29 -> 0.14943448 | O33: =O$30/O$29 -> 0.15303551 | ... AI33: =AI$30/AI$29 -> #DIV/0! | AL33: =AL$30/AL$29 -> 0.14994911 | AM33: =AM$30/AM$29 -> 0.14792899 | AN33: =AN$30/AN$29 -> 0.1515775 | AQ33: =AVERAGE(AL33:AM33) -> 0.14893905
D34: C | G34: =G25*100/G28 -> 83.865596 | AQ34: =AVERAGE(AL34:AM34) -> #DIV/0!
D35: H | G35: =G26*100/G28 -> 9.7304384 | AQ35: =AVERAGE(AL35:AM35) -> #DIV/0!
D36: N | G36: =G27*100/G28 -> 0.449518 | AQ36: =AVERAGE(AL36:AM36) -> #DIV/0!
D37: S | G37: =G18*100/G28 -> 5.9544474 | AQ37: =AVERAGE(AL37:AM37) -> #DIV/0!
D38: H/C | G38: =G35/G34 -> 0.1160242 | AQ38: =AVERAGE(AL38:AM38) -> #DIV/0!
D39: Simdist | E39: ASTM D2887 ASTM D7169 | F39: deg.C | AQ39: =AVERAGE(AL39:AM39) -> #DIV/0!
D40: IBP | G40: 376 | H40: ='HPS LTO DAILY '!H116 -> 0 | I40: ='HPS LTO DAILY '!I116 -> 71.4 | J40: ='HPS LTO DAILY '!J116 -> 39 | K40: ='HPS LTO DAILY '!K116 -> 43.8 | L40: ='HPS LTO DAILY '!L116 -> 69.4 | M40: ='HPS LTO DAILY '!M116 -> 38.7 | N40: ='HPS LTO DAILY '!N116 -> 70.2 | O40: ='HPS LTO DAILY '!O116 -> 55.8 | ... X40: ='HPS LTO DAILY '!X116 -> 0 | Y40: ='HPS LTO DAILY '!AG116 -> 0 | Z40: ='HPS LTO DAILY '!AH116 -> 0 | AA40: ='HPS LTO DAILY '!AI116 -> 0 | AB40: ='HPS LTO DAILY '!AJ116 -> 0 | AC40: ='HPS LTO DAILY '!AK116 -> 0 | AD40: ='HPS LTO DAILY '!AL116 -> 0 | AE40: ='HPS LTO DAILY '!AM116 -> 0 | AF40: ='HPS LTO DAILY '!AN116 -> 0 | ... AI40: ='HPS LTO DAILY '!AQ116 -> 0 | AL40: ='HPS LTO DAILY '!AL116 -> 0 | AM40: ='HPS LTO DAILY '!AM116 -> 0 | AN40: ='HPS LTO DAILY '!AN116 -> 0 | AQ40: =AVERAGE(AL40:AM40) -> 0
D41: 5 | G41: 510 | H41: ='HPS LTO DAILY '!H121 -> 0 | I41: ='HPS LTO DAILY '!I121 -> 99.9 | J41: ='HPS LTO DAILY '!J121 -> 95.1 | K41: ='HPS LTO DAILY '!K121 -> 96.1 | L41: ='HPS LTO DAILY '!L121 -> 116.7 | M41: ='HPS LTO DAILY '!M121 -> 97.5 | N41: ='HPS LTO DAILY '!N121 -> 126.6 | O41: ='HPS LTO DAILY '!O121 -> 114.8 | ... X41: ='HPS LTO DAILY '!X121 -> 0 | Y41: ='HPS LTO DAILY '!AG121 -> 0 | Z41: ='HPS LTO DAILY '!AH121 -> 0 | AA41: ='HPS LTO DAILY '!AI121 -> 0 | AB41: ='HPS LTO DAILY '!AJ121 -> 0 | AC41: ='HPS LTO DAILY '!AK121 -> 0 | AD41: ='HPS LTO DAILY '!AL121 -> 0 | AE41: ='HPS LTO DAILY '!AM121 -> 0 | AF41: ='HPS LTO DAILY '!AN121 -> 0 | ... AI41: ='HPS LTO DAILY '!AQ121 -> 0 | AL41: ='HPS LTO DAILY '!AL121 -> 0 | AM41: ='HPS LTO DAILY '!AM121 -> 0 | AN41: ='HPS LTO DAILY '!AN121 -> 0 | AQ41: =AVERAGE(AL41:AM41) -> 0
D42: 10 | G42: 543.5 | H42: ='HPS LTO DAILY '!H126 -> 0 | I42: ='HPS LTO DAILY '!I126 -> 121.8 | J42: ='HPS LTO DAILY '!J126 -> 117.2 | K42: ='HPS LTO DAILY '!K126 -> 117 | L42: ='HPS LTO DAILY '!L126 -> 135.9 | M42: ='HPS LTO DAILY '!M126 -> 117.6 | N42: ='HPS LTO DAILY '!N126 -> 144.2 | O42: ='HPS LTO DAILY '!O126 -> 134.7 | ... X42: ='HPS LTO DAILY '!X126 -> 0 | Y42: ='HPS LTO DAILY '!AG126 -> 0 | Z42: ='HPS LTO DAILY '!AH126 -> 0 | AA42: ='HPS LTO DAILY '!AI126 -> 0 | AB42: ='HPS LTO DAILY '!AJ126 -> 0 | AC42: ='HPS LTO DAILY '!AK126 -> 0 | AD42: ='HPS LTO DAILY '!AL126 -> 0 | AE42: ='HPS LTO DAILY '!AM126 -> 0 | AF42: ='HPS LTO DAILY '!AN126 -> 0 | ... AI42: ='HPS LTO DAILY '!AQ126 -> 0 | AL42: ='HPS LTO DAILY '!AL126 -> 0 | AM42: ='HPS LTO DAILY '!AM126 -> 0 | AN42: ='HPS LTO DAILY '!AN126 -> 0 | AQ42: =AVERAGE(AL42:AM42) -> 0
D43: 15 | H43: ='HPS LTO DAILY '!H131 -> 0 | I43: ='HPS LTO DAILY '!I131 -> 142.8 | J43: ='HPS LTO DAILY '!J131 -> 135.1 | K43: ='HPS LTO DAILY '!K131 -> 133.8 | L43: ='HPS LTO DAILY '!L131 -> 152 | M43: ='HPS LTO DAILY '!M131 -> 134.6 | N43: ='HPS LTO DAILY '!N131 -> 158.2 | O43: ='HPS LTO DAILY '!O131 -> 151.2 | ... X43: ='HPS LTO DAILY '!X131 -> 0 | Y43: ='HPS LTO DAILY '!AG131 -> 0 | Z43: ='HPS LTO DAILY '!AH131 -> 0 | AA43: ='HPS LTO DAILY '!AI131 -> 0 | AB43: ='HPS LTO DAILY '!AJ131 -> 0 | AC43: ='HPS LTO DAILY '!AK131 -> 0 | AD43: ='HPS LTO DAILY '!AL131 -> 0 | AE43: ='HPS LTO DAILY '!AM131 -> 0 | AF43: ='HPS LTO DAILY '!AN131 -> 0 | ... AI43: ='HPS LTO DAILY '!AQ131 -> 0 | AL43: ='HPS LTO DAILY '!AL131 -> 0 | AM43: ='HPS LTO DAILY '!AM131 -> 0 | AN43: ='HPS LTO DAILY '!AN131 -> 0 | AQ43: =AVERAGE(AL43:AM43) -> 0
D44: 20 | G44: 578 | H44: ='HPS LTO DAILY '!H136 -> 0 | I44: ='HPS LTO DAILY '!I136 -> 158.6 | J44: ='HPS LTO DAILY '!J136 -> 152.2 | K44: ='HPS LTO DAILY '!K136 -> 147.8 | L44: ='HPS LTO DAILY '!L136 -> 163.5 | M44: ='HPS LTO DAILY '!M136 -> 148.9 | N44: ='HPS LTO DAILY '!N136 -> 168.4 | O44: ='HPS LTO DAILY '!O136 -> 163.1 | ... X44: ='HPS LTO DAILY '!X136 -> 0 | Y44: ='HPS LTO DAILY '!AG136 -> 0 | Z44: ='HPS LTO DAILY '!AH136 -> 0 | AA44: ='HPS LTO DAILY '!AI136 -> 0 | AB44: ='HPS LTO DAILY '!AJ136 -> 0 | AC44: ='HPS LTO DAILY '!AK136 -> 0 | AD44: ='HPS LTO DAILY '!AL136 -> 0 | AE44: ='HPS LTO DAILY '!AM136 -> 0 | AF44: ='HPS LTO DAILY '!AN136 -> 0 | ... AI44: ='HPS LTO DAILY '!AQ136 -> 0 | AL44: ='HPS LTO DAILY '!AL136 -> 0 | AM44: ='HPS LTO DAILY '!AM136 -> 0 | AN44: ='HPS LTO DAILY '!AN136 -> 0 | AQ44: =AVERAGE(AL44:AM44) -> 0
D45: 30 | G45: 606 | H45: ='HPS LTO DAILY '!H146 -> 0 | I45: ='HPS LTO DAILY '!I146 -> 182.8 | J45: ='HPS LTO DAILY '!J146 -> 176.1 | K45: ='HPS LTO DAILY '!K146 -> 173 | L45: ='HPS LTO DAILY '!L146 -> 183.4 | M45: ='HPS LTO DAILY '!M146 -> 172.3 | N45: ='HPS LTO DAILY '!N146 -> 188.8 | O45: ='HPS LTO DAILY '!O146 -> 181.8 | ... X45: ='HPS LTO DAILY '!X146 -> 0 | Y45: ='HPS LTO DAILY '!AG146 -> 0 | Z45: ='HPS LTO DAILY '!AH146 -> 0 | AA45: ='HPS LTO DAILY '!AI146 -> 0 | AB45: ='HPS LTO DAILY '!AJ146 -> 0 | AC45: ='HPS LTO DAILY '!AK146 -> 0 | AD45: ='HPS LTO DAILY '!AL146 -> 0 | AE45: ='HPS LTO DAILY '!AM146 -> 0 | AF45: ='HPS LTO DAILY '!AN146 -> 0 | ... AI45: ='HPS LTO DAILY '!AQ146 -> 0 | AL45: ='HPS LTO DAILY '!AL146 -> 0 | AM45: ='HPS LTO DAILY '!AM146 -> 0 | AN45: ='HPS LTO DAILY '!AN146 -> 0 | AQ45: =AVERAGE(AL45:AM45) -> 0
D46: 40 | G46: 635 | H46: ='HPS LTO DAILY '!H156 -> 0 | I46: ='HPS LTO DAILY '!I156 -> 207.5 | J46: ='HPS LTO DAILY '!J156 -> 199.5 | K46: ='HPS LTO DAILY '!K156 -> 196.8 | L46: ='HPS LTO DAILY '!L156 -> 204 | M46: ='HPS LTO DAILY '!M156 -> 194.2 | N46: ='HPS LTO DAILY '!N156 -> 206.8 | O46: ='HPS LTO DAILY '!O156 -> 201.9 | ... X46: ='HPS LTO DAILY '!X156 -> 0 | Y46: ='HPS LTO DAILY '!AG156 -> 0 | Z46: ='HPS LTO DAILY '!AH156 -> 0 | AA46: ='HPS LTO DAILY '!AI156 -> 0 | AB46: ='HPS LTO DAILY '!AJ156 -> 0 | AC46: ='HPS LTO DAILY '!AK156 -> 0 | AD46: ='HPS LTO DAILY '!AL156 -> 0 | AE46: ='HPS LTO DAILY '!AM156 -> 0 | AF46: ='HPS LTO DAILY '!AN156 -> 0 | ... AI46: ='HPS LTO DAILY '!AQ156 -> 0 | AL46: ='HPS LTO DAILY '!AL156 -> 0 | AM46: ='HPS LTO DAILY '!AM156 -> 0 | AN46: ='HPS LTO DAILY '!AN156 -> 0 | AQ46: =AVERAGE(AL46:AM46) -> 0
D47: 50 | G47: 667 | H47: ='HPS LTO DAILY '!H166 -> 0 | I47: ='HPS LTO DAILY '!I166 -> 233.3 | J47: ='HPS LTO DAILY '!J166 -> 224.2 | K47: ='HPS LTO DAILY '!K166 -> 218.1 | L47: ='HPS LTO DAILY '!L166 -> 225 | M47: ='HPS LTO DAILY '!M166 -> 214.9 | N47: ='HPS LTO DAILY '!N166 -> 226.6 | O47: ='HPS LTO DAILY '!O166 -> 220.9 | ... X47: ='HPS LTO DAILY '!X166 -> 0 | Y47: ='HPS LTO DAILY '!AG166 -> 0 | Z47: ='HPS LTO DAILY '!AH166 -> 0 | AA47: ='HPS LTO DAILY '!AI166 -> 0 | AB47: ='HPS LTO DAILY '!AJ166 -> 0 | AC47: ='HPS LTO DAILY '!AK166 -> 0 | AD47: ='HPS LTO DAILY '!AL166 -> 0 | AE47: ='HPS LTO DAILY '!AM166 -> 0 | AF47: ='HPS LTO DAILY '!AN166 -> 0 | ... AI47: ='HPS LTO DAILY '!AQ166 -> 0 | AL47: ='HPS LTO DAILY '!AL166 -> 0 | AM47: ='HPS LTO DAILY '!AM166 -> 0 | AN47: ='HPS LTO DAILY '!AN166 -> 0 | AQ47: =AVERAGE(AL47:AM47) -> 0
D48: 60 | G48: 705 | H48: ='HPS LTO DAILY '!H176 -> 0 | I48: ='HPS LTO DAILY '!I176 -> 261.3 | J48: ='HPS LTO DAILY '!J176 -> 251.3 | K48: ='HPS LTO DAILY '!K176 -> 243.8 | L48: ='HPS LTO DAILY '!L176 -> 248.6 | M48: ='HPS LTO DAILY '!M176 -> 237 | N48: ='HPS LTO DAILY '!N176 -> 247.8 | O48: ='HPS LTO DAILY '!O176 -> 242.7 | ... X48: ='HPS LTO DAILY '!X176 -> 0 | Y48: ='HPS LTO DAILY '!AG176 -> 0 | Z48: ='HPS LTO DAILY '!AH176 -> 0 | AA48: ='HPS LTO DAILY '!AI176 -> 0 | AB48: ='HPS LTO DAILY '!AJ176 -> 0 | AC48: ='HPS LTO DAILY '!AK176 -> 0 | AD48: ='HPS LTO DAILY '!AL176 -> 0 | AE48: ='HPS LTO DAILY '!AM176 -> 0 | AF48: ='HPS LTO DAILY '!AN176 -> 0 | ... AI48: ='HPS LTO DAILY '!AQ176 -> 0 | AL48: ='HPS LTO DAILY '!AL176 -> 0 | AM48: ='HPS LTO DAILY '!AM176 -> 0 | AN48: ='HPS LTO DAILY '!AN176 -> 0 | AQ48: =AVERAGE(AL48:AM48) -> 0
D49: 70 | H49: ='HPS LTO DAILY '!H186 -> 0 | I49: ='HPS LTO DAILY '!I186 -> 293.2 | J49: ='HPS LTO DAILY '!J186 -> 280.1 | K49: ='HPS LTO DAILY '!K186 -> 272.4 | L49: ='HPS LTO DAILY '!L186 -> 273.6 | M49: ='HPS LTO DAILY '!M186 -> 263 | N49: ='HPS LTO DAILY '!N186 -> 272.3 | O49: ='HPS LTO DAILY '!O186 -> 267.8 | ... X49: ='HPS LTO DAILY '!X186 -> 0 | Y49: ='HPS LTO DAILY '!AG186 -> 0 | Z49: ='HPS LTO DAILY '!AH186 -> 0 | AA49: ='HPS LTO DAILY '!AI186 -> 0 | AB49: ='HPS LTO DAILY '!AJ186 -> 0 | AC49: ='HPS LTO DAILY '!AK186 -> 0 | AD49: ='HPS LTO DAILY '!AL186 -> 0 | AE49: ='HPS LTO DAILY '!AM186 -> 0 | AF49: ='HPS LTO DAILY '!AN186 -> 0 | ... AI49: ='HPS LTO DAILY '!AQ186 -> 0 | AL49: ='HPS LTO DAILY '!AL186 -> 0 | AM49: ='HPS LTO DAILY '!AM186 -> 0 | AN49: ='HPS LTO DAILY '!AN186 -> 0 | AQ49: =AVERAGE(AL49:AM49) -> 0
D50: 80 | H50: ='HPS LTO DAILY '!H196 -> 0 | I50: ='HPS LTO DAILY '!I196 -> 331.7 | J50: ='HPS LTO DAILY '!J196 -> 315.6 | K50: ='HPS LTO DAILY '!K196 -> 306 | L50: ='HPS LTO DAILY '!L196 -> 306 | M50: ='HPS LTO DAILY '!M196 -> 294.2 | N50: ='HPS LTO DAILY '!N196 -> 302.1 | O50: ='HPS LTO DAILY '!O196 -> 298.5 | ... X50: ='HPS LTO DAILY '!X196 -> 0 | Y50: ='HPS LTO DAILY '!AG196 -> 0 | Z50: ='HPS LTO DAILY '!AH196 -> 0 | AA50: ='HPS LTO DAILY '!AI196 -> 0 | AB50: ='HPS LTO DAILY '!AJ196 -> 0 | AC50: ='HPS LTO DAILY '!AK196 -> 0 | AD50: ='HPS LTO DAILY '!AL196 -> 0 | AE50: ='HPS LTO DAILY '!AM196 -> 0 | AF50: ='HPS LTO DAILY '!AN196 -> 0 | ... AI50: ='HPS LTO DAILY '!AQ196 -> 0 | AL50: ='HPS LTO DAILY '!AL196 -> 0 | AM50: ='HPS LTO DAILY '!AM196 -> 0 | AN50: ='HPS LTO DAILY '!AN196 -> 0 | AQ50: =AVERAGE(AL50:AM50) -> 0
D51: 90 | H51: ='HPS LTO DAILY '!H206 -> 0 | I51: ='HPS LTO DAILY '!I206 -> 380.5 | J51: ='HPS LTO DAILY '!J206 -> 364.3 | K51: ='HPS LTO DAILY '!K206 -> 355 | L51: ='HPS LTO DAILY '!L206 -> 352.3 | M51: ='HPS LTO DAILY '!M206 -> 337.8 | N51: ='HPS LTO DAILY '!N206 -> 344.3 | O51: ='HPS LTO DAILY '!O206 -> 341 | ... X51: ='HPS LTO DAILY '!X206 -> 0 | Y51: ='HPS LTO DAILY '!AG206 -> 0 | Z51: ='HPS LTO DAILY '!AH206 -> 0 | AA51: ='HPS LTO DAILY '!AI206 -> 0 | AB51: ='HPS LTO DAILY '!AJ206 -> 0 | AC51: ='HPS LTO DAILY '!AK206 -> 0 | AD51: ='HPS LTO DAILY '!AL206 -> 0 | AE51: ='HPS LTO DAILY '!AM206 -> 0 | AF51: ='HPS LTO DAILY '!AN206 -> 0 | ... AI51: ='HPS LTO DAILY '!AQ206 -> 0 | AL51: ='HPS LTO DAILY '!AL206 -> 0 | AM51: ='HPS LTO DAILY '!AM206 -> 0 | AN51: ='HPS LTO DAILY '!AN206 -> 0 | AQ51: =AVERAGE(AL51:AM51) -> 0
D52: 95 | H52: ='HPS LTO DAILY '!H211 -> 0 | I52: ='HPS LTO DAILY '!I211 -> 412.1 | J52: ='HPS LTO DAILY '!J211 -> 398.6 | K52: ='HPS LTO DAILY '!K211 -> 392 | L52: ='HPS LTO DAILY '!L211 -> 389 | M52: ='HPS LTO DAILY '!M211 -> 373.3 | N52: ='HPS LTO DAILY '!N211 -> 378.1 | O52: ='HPS LTO DAILY '!O211 -> 375.4 | ... X52: ='HPS LTO DAILY '!X211 -> 0 | Y52: ='HPS LTO DAILY '!AG211 -> 0 | Z52: ='HPS LTO DAILY '!AH211 -> 0 | AA52: ='HPS LTO DAILY '!AI211 -> 0 | AB52: ='HPS LTO DAILY '!AJ211 -> 0 | AC52: ='HPS LTO DAILY '!AK211 -> 0 | AD52: ='HPS LTO DAILY '!AL211 -> 0 | AE52: ='HPS LTO DAILY '!AM211 -> 0 | AF52: ='HPS LTO DAILY '!AN211 -> 0 | ... AI52: ='HPS LTO DAILY '!AQ211 -> 0 | AL52: ='HPS LTO DAILY '!AL211 -> 0 | AM52: ='HPS LTO DAILY '!AM211 -> 0 | AN52: ='HPS LTO DAILY '!AN211 -> 0 | AQ52: =AVERAGE(AL52:AM52) -> 0
D53: FBP | E53: Conversion | G53: <560 = 14.1% | H53: ='HPS LTO DAILY '!H216 -> 0 | I53: ='HPS LTO DAILY '!I216 -> 479.3 | J53: ='HPS LTO DAILY '!J216 -> 472 | K53: ='HPS LTO DAILY '!K216 -> 471.4 | L53: ='HPS LTO DAILY '!L216 -> 470.4 | M53: ='HPS LTO DAILY '!M216 -> 454.1 | N53: ='HPS LTO DAILY '!N216 -> 458.4 | O53: ='HPS LTO DAILY '!O216 -> 456.5 | ... X53: ='HPS LTO DAILY '!X216 -> 0 | Y53: ='HPS LTO DAILY '!AG216 -> 0 | Z53: ='HPS LTO DAILY '!AH216 -> 0 | AA53: ='HPS LTO DAILY '!AI216 -> 0 | AB53: ='HPS LTO DAILY '!AJ216 -> 0 | AC53: ='HPS LTO DAILY '!AK216 -> 0 | AD53: ='HPS LTO DAILY '!AL216 -> 0 | AE53: ='HPS LTO DAILY '!AM216 -> 0 | AF53: ='HPS LTO DAILY '!AN216 -> 0 | ... AI53: ='HPS LTO DAILY '!AQ216 -> 0 | AL53: ='HPS LTO DAILY '!AL216 -> 0 | AM53: ='HPS LTO DAILY '!AM216 -> 0 | AN53: ='HPS LTO DAILY '!AN216 -> 0 | AQ53: =AVERAGE(AL53:AM53) -> 0
D54: CUT POINTS | AQ54: =AVERAGE(AL54:AM54) -> #DIV/0!
D55: IBP-90 | E55: ASTM D2887 ASTM D7169 | F55: %wt | G55: 0 | I55: 1.2 | J55: 4.3 | K55: 4.1 | L55: 1.5 | M55: 4.2 | N55: 1.1 | O55: 2.2 | P55: 1.1 | Q55: 2.1 | R55: 1 | S55: 1.9 | T55: 1.6 | AL55: 1.3 | AM55: 0.9 | AN55: 2.1 | AQ55: =AVERAGE(AL55:AM55) -> 1.1
D56: 90-160 | G56: 0 | I56: 19.2 | J56: 18.7 | K56: 20.1 | L56: 17 | M56: 19.8 | N56: 14.5 | O56: 16.6 | P56: 15.125 | Q56: 16.4 | R56: 14.7 | S56: 16.7 | T56: 16.4 | AL56: 16.05 | AM56: 14.2 | AN56: 16.4 | AQ56: =AVERAGE(AL56:AM56) -> 15.125
D57: 160-250 | G57: 0 | I57: 35.5 | J57: 36.6 | K57: 37.9 | L57: 42.1 | M57: 41.1 | N57: 45.3 | O57: 43.9 | P57: 40.55 | Q57: 42.8 | R57: 45.3 | S57: 44.3 | T57: 44.6 | AL57: 41.6 | AM57: 39.5 | AN57: 42.8 | AQ57: =AVERAGE(AL57:AM57) -> 40.55
D58: 250-360 | G58: 0 | I58: 30.2 | J58: 29.7 | K58: 28.8 | L58: 30.7 | M58: 28.3 | N58: 31.8 | O58: 30.4 | P58: 31.25 | Q58: 30.2 | R58: 31.6 | S58: 30.2 | T58: 30.5 | AL58: 30.8 | AM58: 31.7 | AN58: 30.2 | AQ58: =AVERAGE(AL58:AM58) -> 31.25
D59: 360-500 | G59: 4.17 | I59: 13.8 | J59: 10.7 | K59: 9.1 | L59: 8.7 | M59: 6.6 | N59: 7.3 | O59: 6.9 | P59: 11.975 | Q59: 8.5 | R59: 7.4 | S59: 6.9 | T59: 6.9 | AL59: 10.25 | AM59: 13.7 | AN59: 8.5 | AQ59: =AVERAGE(AL59:AM59) -> 11.975
D60: 500-560 | G60: =14.05-G59 -> 9.88 | I60: 0.1 | J60: 0 | K60: 0 | L60: 0 | M60: 0 | N60: 0 | O60: 0 | P60: 0 | Q60: 0 | R60: 0 | S60: 0 | T60: 0 | AL60: 0 | AM60: 0 | AN60: 0 | AQ60: =AVERAGE(AL60:AM60) -> 0
D61: 560+ | G61: =100-SUM(G55:G60) -> 85.95 | H61: 0 | I61: 0 | J61: 0 | K61: 0 | L61: 0 | M61: 0 | N61: 0 | O61: 0 | P61: 0 | Q61: 0 | R61: 0 | S61: 0 | T61: 0 | U61: 0 | V61: 0 | W61: 0 | X61: 0 | Y61: 0 | Z61: 0 | AA61: 0 | AB61: 0 | AC61: 0 | AD61: 0 | AE61: 0 | AF61: 0 | AG61: 0 | AH61: 0 | AI61: 0 | AL61: 0 | AM61: 0 | AN61: 0 | AQ61: =AVERAGE(AL61:AM61) -> 0
D62: TOTAL | G62: =SUM(G55:G61) -> 100 | H62: =SUM(H55:H61) -> 0 | I62: =SUM(I55:I61) -> 100 | J62: =SUM(J55:J61) -> 100 | K62: =SUM(K55:K61) -> 100 | L62: =SUM(L55:L61) -> 100 | M62: =SUM(M55:M61) -> 100 | N62: =SUM(N55:N61) -> 100 | ... AI62: =SUM(AI55:AI61) -> 0 | AL62: =SUM(AL55:AL61) -> 100 | AM62: =SUM(AM55:AM61) -> 100 | AN62: =SUM(AN55:AN61) -> 100 | AQ62: =AVERAGE(AL62:AM62) -> 100
D63: SARA | E63: IP469 | F63: %
D64: Saturates | G64: 2.3
D65: Aromatics | G65: 41.8
D66: Resins | G66: 24.4
D67: Asphaltenes | G67: 31.6
P68: =AVERAGE(P55:Q55) -> 1.6 | AL68: =AVERAGE(AL55:AM55) -> 1.1
P69: =AVERAGE(P56:Q56) -> 15.7625 | AL69: =AVERAGE(AL56:AM56) -> 15.125
P70: =AVERAGE(P57:Q57) -> 41.675 | AL70: =AVERAGE(AL57:AM57) -> 40.55
P71: =AVERAGE(P58:Q58) -> 30.725 | AL71: =AVERAGE(AL58:AM58) -> 31.25
P72: =AVERAGE(P59:Q59) -> 10.2375 | AL72: =AVERAGE(AL59:AM59) -> 11.975
P73: =AVERAGE(P60:Q60) -> 0 | AL73: =AVERAGE(AL60:AM60) -> 0
P74: =AVERAGE(P61:Q61) -> 0 | AL74: =AVERAGE(AL61:AM61) -> 0
P75: =AVERAGE(P62:Q62) -> 100 | AL75: =AVERAGE(AL62:AM62) -> 100
P76: =AVERAGE(P63:Q63) -> #DIV/0! | AL76: =AVERAGE(AL63:AM63) -> #DIV/0!

Sheet ISV
D1: RHCU Pilot Plant Laboratory Worksheet
D2: Batch Name : | E2: MEBU2026'01
D3: Date :
D4: Note : | E4: Repeat Acceptance test | G4: CATALYST AGING | K4: CRACKING EXPERIMENT
G5: ABQ3358 (No3+No5)
G6: 1 | H6: 2 | I6: 3 | J6: 4 | K6: 5 | L6: 6 | M6: 7 | N6: 8 | O6: 9 | P6: 10 | Q6: 11 | R6: 12 | S6: 13 | T6: 14 | U6: 15 | V6: 16 | W6: 17 | X6: 18 | Y6: 19 | Z6: 20 | AA6: 21 | AB6: 22 | AC6: 23 | AD6: 24 | AE6: 25 | AF6: 26 | AG6: 27 | AH6: 28
D8: Properties | E8: Method | F8: Unit | G8: ISV | H8: ISV | I8: ISV | J8: ISV | K8: ISV | L8: ISV | M8: ISV | N8: ISV | O8: ISV | P8: ISV | Q8: ISV | R8: ISV | S8: ISV | T8: ISV | U8: ISV | V8: ISV | W8: ISV | X8: ISV | Y8: ISV | Z8: ISV | AA8: ISV | AB8: ISV | AC8: ISV | AD8: ISV | AE8: ISV | AF8: ISV | AG8: ISV | AH8: ISV
D9: Ratio | E9: - | F9: %wt.
D10: Weight | E10: - | F10: kg
D11: Density | E11: ASTM D4052 | F11: kg/L
D12: Relative Density@25/25 oC | E12: ASTM D70 | F12: -
D13: Viscosity @ -20 oC | E13: ASTM D445 | F13: cSt.
D14: Viscosity @ 40 oC
D15: Viscosity @ 70 oC
D16: Viscosity @ 100 oC
D17: Viscosity @ 150 oC
D18: V50
D19: Sulfur | E19: ASTM D4294 | F19: %wt | H19: 3.638 | K19: 4.25 | L19: 3.539
E20: ASTM D2622 | F20: %wt
F21: PPMw
D22: Total Nitrogen | E22: ASTM D4629 | F22: PPMw
E23: ASTM D5762 | F23: PPMw | K23: 3469
B24: 0.4519 | F24: %wt | G24: =G23/10000 -> 0 | H24: =H23/10000 -> 0 | I24: =I23/10000 -> 0 | J24: =J23/10000 -> 0 | K24: =K23/10000 -> 0.3469 | L24: =L23/10000 -> 0 | M24: =M23/10000 -> 0 | N24: =N23/10000 -> 0 | ... AH24: =AH23/10000 -> 0
D25: CHN | E25: ASTM D5291 | F25: %wt
D26: Carbon | K26: 86.31 | L26: 86.45
D27: Hydrogen | K27: 10.21 | L27: 10.57
D28: Nitrogen | K28: 0.4134 | L28: 0.3469
D29: CHNS | G29: =(G$26+G$27+G$24+G$19) -> 0 | H29: =(H$26+H$27+H$24+H$19) -> 3.638 | I29: =(I$26+I$27+I$24+I$19) -> 0 | J29: =(J$26+J$27+J$24+J$19) -> 0 | K29: =(K$26+K$27+K$24+K$19) -> 101.1169 | L29: =(L$26+L$27+L$24+L$19) -> 100.559 | M29: =(M$26+M$27+M$24+M$19) -> 0 | N29: =(N$26+N$27+N$24+N$19) -> 0 | ... AH29: =(AH$26+AH$27+AH$24+AH$19) -> 0
D30: CN | G30: =(100-G$32-G$33)/(1+(G$27/G$26)) -> #DIV/0! | H30: =(100-H$32-H$33)/(1+(H$27/H$26)) -> #DIV/0! | I30: =(100-I$32-I$33)/(1+(I$27/I$26)) -> #DIV/0! | J30: =(100-J$32-J$33)/(1+(J$27/J$26)) -> #DIV/0! | K30: =(100-K$32-K$33)/(1+(K$27/K$26)) -> 85.356652 | L30: =(100-L$32-L$33)/(1+(L$27/L$26)) -> 85.969431 | M30: =(100-M$32-M$33)/(1+(M$27/M$26)) -> #DIV/0! | N30: =(100-N$32-N$33)/(1+(N$27/N$26)) -> #DIV/0! | ... AH30: =(100-AH$32-AH$33)/(1+(AH$27/AH$26)) -> #DIV/0!
D31: HN | F31: %wt | G31: =G$30*(G$27/G$26) -> #DIV/0! | H31: =H$30*(H$27/H$26) -> #DIV/0! | I31: =I$30*(I$27/I$26) -> #DIV/0! | J31: =J$30*(J$27/J$26) -> #DIV/0! | K31: =K$30*(K$27/K$26) -> 10.097224 | L31: =L$30*(L$27/L$26) -> 10.511242 | M31: =M$30*(M$27/M$26) -> #DIV/0! | N31: =N$30*(N$27/N$26) -> #DIV/0! | ... AH31: =AH$30*(AH$27/AH$26) -> #DIV/0!
D32: NN | G32: =G$24*100/G$29 -> #DIV/0! | H32: =H$24*100/H$29 -> 0 | I32: =I$24*100/I$29 -> #DIV/0! | J32: =J$24*100/J$29 -> #DIV/0! | K32: =K$24*100/K$29 -> 0.34306827 | L32: =L$24*100/L$29 -> 0 | M32: =M$24*100/M$29 -> #DIV/0! | N32: =N$24*100/N$29 -> #DIV/0! | ... AH32: =AH$24*100/AH$29 -> #DIV/0!
D33: SN | G33: =G$19*100/G$29 -> #DIV/0! | H33: =H$19*100/H$29 -> 100 | I33: =I$19*100/I$29 -> #DIV/0! | J33: =J$19*100/J$29 -> #DIV/0! | K33: =K$19*100/K$29 -> 4.2030561 | L33: =L$19*100/L$29 -> 3.519327 | M33: =M$19*100/M$29 -> #DIV/0! | N33: =N$19*100/N$29 -> #DIV/0! | ... AH33: =AH$19*100/AH$29 -> #DIV/0!
D34: HN/CN | G34: =G$31/G$30 -> #DIV/0! | H34: =H$31/H$30 -> #DIV/0! | I34: =I$31/I$30 -> #DIV/0! | J34: =J$31/J$30 -> #DIV/0! | K34: =K$31/K$30 -> 0.11829452 | L34: =L$31/L$30 -> 0.12226721 | M34: =M$31/M$30 -> #DIV/0! | N34: =N$31/N$30 -> #DIV/0! | ... AH34: =AH$31/AH$30 -> #DIV/0!
D35: C
D36: H
D37: N
D38: S
D39: H/C
D40: ICP | E40: ASTM D7691 UOP 389 | F40: PPMw
D41: Nickle (Ni) | H41: 50.42 | K41: 94.75 | L41: 72.69 | Q41: 64.16
D42: Vanadium (V) | H42: 96.82 | K42: 148.41 | L42: 110.34 | Q42: 167.55
D43: Sodium (Na) | H43: 41.13 | K43: 68.69 | L43: 41.74 | Q43: 68.43
D44: Calcium (Ca) | H44: 16.87 | K44: 28.95 | L44: 17.15 | Q44: 15.93
D45: Iron (Fe) | H45: 42.65 | K45: 217 | L45: 110.95 | Q45: 174.8
D46: Ni | G46: =100-((G$41*100)/'HPS DAILY'!$G$42) -> 100 | H46: =100-((H$41*100)/'HPS DAILY'!$G$42) -> 18.136061 | I46: =100-((I$41*100)/'HPS DAILY'!$G$42) -> 100 | J46: =100-((J$41*100)/'HPS DAILY'!$G$42) -> 100 | K46: =100-((K$41*100)/'HPS DAILY'!$H$42) -> -46.445131 | L46: =100-((L$41*100)/'HPS DAILY'!$H$42) -> -12.349304 | M46: =100-((M$41*100)/'HPS DAILY'!$H$42) -> 100 | N46: =100-((N$41*100)/'HPS DAILY'!$H$42) -> 100 | O46: =100-((O$41*100)/'HPS DAILY'!$H$42) -> 100 | P46: =100-((P$41*100)/'HPS DAILY'!$H$42) -> 100 | Q46: =100-((Q$41*100)/'HPS DAILY'!$I$42) -> 0.83462133 | R46: =100-((R$41*100)/'HPS DAILY'!$I$42) -> 100 | S46: =100-((S$41*100)/'HPS DAILY'!$I$42) -> 100 | T46: =100-((T$41*100)/'HPS DAILY'!$I$42) -> 100 | U46: =100-((U$41*100)/'HPS DAILY'!$I$42) -> 100 | V46: =100-((V$41*100)/'HPS DAILY'!$I$42) -> 100 | W46: =100-((W$41*100)/'HPS DAILY'!$I$42) -> 100 | X46: =100-((X$41*100)/'HPS DAILY'!$I$42) -> 100 | ... AH46: =100-((AH$41*100)/'HPS DAILY'!$I$42) -> 100
D47: V | E47: HDM Conversion | F47: % | G47: =100-((G$42*100)/'HPS DAILY'!$G$43) -> 100 | H47: =100-((H$42*100)/'HPS DAILY'!$G$43) -> 51.59242 | I47: =100-((I$42*100)/'HPS DAILY'!$G$43) -> 100 | J47: =100-((J$42*100)/'HPS DAILY'!$G$43) -> 100 | K47: =100-((K$42*100)/'HPS DAILY'!$H$43) -> 27.886297 | L47: =100-((L$42*100)/'HPS DAILY'!$H$43) -> 46.38484 | M47: =100-((M$42*100)/'HPS DAILY'!$H$43) -> 100 | N47: =100-((N$42*100)/'HPS DAILY'!$H$43) -> 100 | O47: =100-((O$42*100)/'HPS DAILY'!$H$43) -> 100 | P47: =100-((P$42*100)/'HPS DAILY'!$H$43) -> 100 | Q47: =100-((Q$42*100)/'HPS DAILY'!$I$43) -> 18.586006 | R47: =100-((R$42*100)/'HPS DAILY'!$I$43) -> 100 | S47: =100-((S$42*100)/'HPS DAILY'!$I$43) -> 100 | T47: =100-((T$42*100)/'HPS DAILY'!$I$43) -> 100 | U47: =100-((U$42*100)/'HPS DAILY'!$I$43) -> 100 | V47: =100-((V$42*100)/'HPS DAILY'!$I$43) -> 100 | W47: =100-((W$42*100)/'HPS DAILY'!$I$43) -> 100 | X47: =100-((X$42*100)/'HPS DAILY'!$I$43) -> 100 | ... AH47: =100-((AH$42*100)/'HPS DAILY'!$I$43) -> 100
D48: Ni+V | G48: =100-((G41+G42)*100/('HPS DAILY'!$G$42+'HPS DAILY'!$G$43)) -> 100 | H48: =100-((H41+H42)*100/('HPS DAILY'!$G$42+'HPS DAILY'!$G$43)) -> 43.715596 | I48: =100-((I41+I42)*100/('HPS DAILY'!$G$42+'HPS DAILY'!$G$43)) -> 100 | J48: =100-((J41+J42)*100/('HPS DAILY'!$G$42+'HPS DAILY'!$G$43)) -> 100 | K48: =100-((K41+K42)*100/('HPS DAILY'!$H$42+'HPS DAILY'!$H$43)) -> 10.107209 | L48: =100-((L41+L42)*100/('HPS DAILY'!$H$42+'HPS DAILY'!$H$43)) -> 32.336414 | M48: =100-((M41+M42)*100/('HPS DAILY'!$H$42+'HPS DAILY'!$H$43)) -> 100 | N48: =100-((N41+N42)*100/('HPS DAILY'!$H$42+'HPS DAILY'!$H$43)) -> 100 | O48: =100-((O41+O42)*100/('HPS DAILY'!$H$42+'HPS DAILY'!$H$43)) -> 100 | P48: =100-((P41+P42)*100/('HPS DAILY'!$H$42+'HPS DAILY'!$H$43)) -> 100 | Q48: =100-((Q41+Q42)*100/('HPS DAILY'!$I$42+'HPS DAILY'!$I$43)) -> 14.340111 | R48: =100-((R41+R42)*100/('HPS DAILY'!$I$42+'HPS DAILY'!$I$43)) -> 100 | S48: =100-((S41+S42)*100/('HPS DAILY'!$I$42+'HPS DAILY'!$I$43)) -> 100 | T48: =100-((T41+T42)*100/('HPS DAILY'!$I$42+'HPS DAILY'!$I$43)) -> 100 | U48: =100-((U41+U42)*100/('HPS DAILY'!$I$42+'HPS DAILY'!$I$43)) -> 100 | V48: =100-((V41+V42)*100/('HPS DAILY'!$I$42+'HPS DAILY'!$I$43)) -> 100 | W48: =100-((W41+W42)*100/('HPS DAILY'!$I$42+'HPS DAILY'!$I$43)) -> 100 | X48: =100-((X41+X42)*100/('HPS DAILY'!$I$42+'HPS DAILY'!$I$43)) -> 100 | ... AH48: =100-((AH41+AH42)*100/('HPS DAILY'!$I$42+'HPS DAILY'!$I$43)) -> 100
D49: Simdist | E49: ASTM D2887 ASTM D7169 | F49: deg.C
D50: IBP | G50: ='HPS LTO DAILY '!H223 -> 0 | H50: ='HPS LTO DAILY '!I223 -> 99.5 | I50: ='HPS LTO DAILY '!J223 -> 0 | J50: ='HPS LTO DAILY '!K223 -> 0 | K50: ='HPS LTO DAILY '!L223 -> 0 | L50: ='HPS LTO DAILY '!M223 -> 0 | M50: ='HPS LTO DAILY '!N223 -> 0 | N50: ='HPS LTO DAILY '!O223 -> 0 | ... AH50: ='HPS LTO DAILY '!AI223 -> 0
D51: 5 | G51: ='HPS LTO DAILY '!H228 -> 0 | H51: ='HPS LTO DAILY '!I228 -> 108.7 | I51: ='HPS LTO DAILY '!J228 -> 0 | J51: ='HPS LTO DAILY '!K228 -> 0 | K51: ='HPS LTO DAILY '!L228 -> 0 | L51: ='HPS LTO DAILY '!M228 -> 0 | M51: ='HPS LTO DAILY '!N228 -> 0 | N51: ='HPS LTO DAILY '!O228 -> 0 | ... AH51: ='HPS LTO DAILY '!AI228 -> 0
D52: 10 | G52: ='HPS LTO DAILY '!H233 -> 0 | H52: ='HPS LTO DAILY '!I233 -> 112.8 | I52: ='HPS LTO DAILY '!J233 -> 0 | J52: ='HPS LTO DAILY '!K233 -> 0 | K52: ='HPS LTO DAILY '!L233 -> 0 | L52: ='HPS LTO DAILY '!M233 -> 0 | M52: ='HPS LTO DAILY '!N233 -> 0 | N52: ='HPS LTO DAILY '!O233 -> 0 | ... AH52: ='HPS LTO DAILY '!AI233 -> 0
D53: 15 | G53: ='HPS LTO DAILY '!H238 -> 0 | H53: ='HPS LTO DAILY '!I238 -> 289.3 | I53: ='HPS LTO DAILY '!J238 -> 0 | J53: ='HPS LTO DAILY '!K238 -> 0 | K53: ='HPS LTO DAILY '!L238 -> 0 | L53: ='HPS LTO DAILY '!M238 -> 0 | M53: ='HPS LTO DAILY '!N238 -> 0 | N53: ='HPS LTO DAILY '!O238 -> 0 | ... AH53: ='HPS LTO DAILY '!AI238 -> 0
D54: 20 | G54: ='HPS LTO DAILY '!H243 -> 0 | H54: ='HPS LTO DAILY '!I243 -> 408.4 | I54: ='HPS LTO DAILY '!J243 -> 0 | J54: ='HPS LTO DAILY '!K243 -> 0 | K54: ='HPS LTO DAILY '!L243 -> 0 | L54: ='HPS LTO DAILY '!M243 -> 0 | M54: ='HPS LTO DAILY '!N243 -> 0 | N54: ='HPS LTO DAILY '!O243 -> 0 | ... AH54: ='HPS LTO DAILY '!AI243 -> 0
D55: 30 | G55: ='HPS LTO DAILY '!H253 -> 0 | H55: ='HPS LTO DAILY '!I253 -> 519.9 | I55: ='HPS LTO DAILY '!J253 -> 0 | J55: ='HPS LTO DAILY '!K253 -> 0 | K55: ='HPS LTO DAILY '!L253 -> 0 | L55: ='HPS LTO DAILY '!M253 -> 0 | M55: ='HPS LTO DAILY '!N253 -> 0 | N55: ='HPS LTO DAILY '!O253 -> 0 | ... AH55: ='HPS LTO DAILY '!AI253 -> 0
D56: 40 | G56: ='HPS LTO DAILY '!H263 -> 0 | H56: ='HPS LTO DAILY '!I263 -> 570.1 | I56: ='HPS LTO DAILY '!J263 -> 0 | J56: ='HPS LTO DAILY '!K263 -> 0 | K56: ='HPS LTO DAILY '!L263 -> 0 | L56: ='HPS LTO DAILY '!M263 -> 0 | M56: ='HPS LTO DAILY '!N263 -> 0 | N56: ='HPS LTO DAILY '!O263 -> 0 | ... AH56: ='HPS LTO DAILY '!AI263 -> 0
D57: 50 | G57: ='HPS LTO DAILY '!H273 -> 0 | H57: ='HPS LTO DAILY '!I273 -> 605.6 | I57: ='HPS LTO DAILY '!J273 -> 0 | J57: ='HPS LTO DAILY '!K273 -> 0 | K57: ='HPS LTO DAILY '!L273 -> 0 | L57: ='HPS LTO DAILY '!M273 -> 0 | M57: ='HPS LTO DAILY '!N273 -> 0 | N57: ='HPS LTO DAILY '!O273 -> 0 | ... AH57: ='HPS LTO DAILY '!AI273 -> 0
D58: 60 | G58: ='HPS LTO DAILY '!H283 -> 0 | H58: ='HPS LTO DAILY '!I283 -> 644.8 | I58: ='HPS LTO DAILY '!J283 -> 0 | J58: ='HPS LTO DAILY '!K283 -> 0 | K58: ='HPS LTO DAILY '!L283 -> 0 | L58: ='HPS LTO DAILY '!M283 -> 0 | M58: ='HPS LTO DAILY '!N283 -> 0 | N58: ='HPS LTO DAILY '!O283 -> 0 | ... AH58: ='HPS LTO DAILY '!AI283 -> 0
D59: 70 | G59: ='HPS LTO DAILY '!H293 -> 0 | H59: ='HPS LTO DAILY '!I293 -> 700.5 | I59: ='HPS LTO DAILY '!J293 -> 0 | J59: ='HPS LTO DAILY '!K293 -> 0 | K59: ='HPS LTO DAILY '!L293 -> 0 | L59: ='HPS LTO DAILY '!M293 -> 0 | M59: ='HPS LTO DAILY '!N293 -> 0 | N59: ='HPS LTO DAILY '!O293 -> 0 | ... AH59: ='HPS LTO DAILY '!AI293 -> 0
D60: 80 | G60: ='HPS LTO DAILY '!H303 -> 0 | H60: ='HPS LTO DAILY '!I303 -> - | I60: ='HPS LTO DAILY '!J303 -> 0 | J60: ='HPS LTO DAILY '!K303 -> 0 | K60: ='HPS LTO DAILY '!L303 -> 0 | L60: ='HPS LTO DAILY '!M303 -> 0 | M60: ='HPS LTO DAILY '!N303 -> 0 | N60: ='HPS LTO DAILY '!O303 -> 0 | ... AH60: ='HPS LTO DAILY '!AI303 -> 0
D61: 90 | G61: ='HPS LTO DAILY '!H313 -> 0 | H61: ='HPS LTO DAILY '!I313 -> - | I61: ='HPS LTO DAILY '!J313 -> 0 | J61: ='HPS LTO DAILY '!K313 -> 0 | K61: ='HPS LTO DAILY '!L313 -> 0 | L61: ='HPS LTO DAILY '!M313 -> 0 | M61: ='HPS LTO DAILY '!N313 -> 0 | N61: ='HPS LTO DAILY '!O313 -> 0 | ... AH61: ='HPS LTO DAILY '!AI313 -> 0
D62: 95 | G62: ='HPS LTO DAILY '!H318 -> 0 | H62: ='HPS LTO DAILY '!I318 -> - | I62: ='HPS LTO DAILY '!J318 -> 0 | J62: ='HPS LTO DAILY '!K318 -> 0 | K62: ='HPS LTO DAILY '!L318 -> 0 | L62: ='HPS LTO DAILY '!M318 -> 0 | M62: ='HPS LTO DAILY '!N318 -> 0 | N62: ='HPS LTO DAILY '!O318 -> 0 | ... AH62: ='HPS LTO DAILY '!AI318 -> 0
D63: FBP | G63: ='HPS LTO DAILY '!H323 -> 0 | H63: ='HPS LTO DAILY '!I323 -> - | I63: ='HPS LTO DAILY '!J323 -> 0 | J63: ='HPS LTO DAILY '!K323 -> 0 | K63: ='HPS LTO DAILY '!L323 -> 0 | L63: ='HPS LTO DAILY '!M323 -> 0 | M63: ='HPS LTO DAILY '!N323 -> 0 | N63: ='HPS LTO DAILY '!O323 -> 0 | ... AH63: ='HPS LTO DAILY '!AI323 -> 0
D64: CUT POINTS
D65: IBP-90 | E65: ASTM D2887 ASTM D7169 | F65: %wt | H65: 0.2
D66: 90-160 | H66: 12.389
D67: 160-250 | H67: 1.609
D68: 250-360 | H68: 22.95
D69: 360-500 | H69: 10.41
D70: 500-560 | H70: 9.7772
D71: 560+ | G71: =100-SUM(G65:G70) -> 100 | H71: =100-SUM(H65:H70) -> 42.6648 | I71: =100-SUM(I65:I70) -> 100 | J71: =100-SUM(J65:J70) -> 100 | K71: =100-SUM(K65:K70) -> 100 | L71: =100-SUM(L65:L70) -> 100 | M71: =100-SUM(M65:M70) -> 100 | N71: =100-SUM(N65:N70) -> 100 | ... AH71: =100-SUM(AH65:AH70) -> 100
D72: TOTAL | G72: =SUM(G65:G71) -> 100 | H72: =SUM(H65:H71) -> 100 | I72: =SUM(I65:I71) -> 100 | J72: =SUM(J65:J71) -> 100 | K72: =SUM(K65:K71) -> 100 | L72: =SUM(L65:L71) -> 100 | M72: =SUM(M65:M71) -> 100 | N72: =SUM(N65:N71) -> 100 | ... AH72: =SUM(AH65:AH71) -> 100
D73: SARA | E73: IP469 | F73: %
D74: Saturates
D75: Aromatics
D76: Resins
D77: Asphaltenes
D78: CII
D79: Flocculation | E79: ASTM D6703 ASTM D7112 | F79: -
D80: Pa
D81: Po
D82: P
D83: FRmax
D84: SBN
D85: IN
D86: C5 Insoluble | E86: ASTM D4055 | F86: %wt
D87: C7 Insoluble | E87: ASTM D3279 | F87: %wt
D88: CCR | E88: ASTM D4530 | F88: %wt | H88: 17.68 | K88: 20.8
D89: Total Sediment | E89: ASTM D4870 | F89: %wt

Sheet HPS DAILY
D1: RHCU Pilot Plant Laboratory Worksheet | BM1: Predict GC
D2: Batch Name : | E2: MEBU2026'01 | BM2: 560+ | BN2: m | BO2: x | BP2: c
D3: Date : | BL3: 24 | BM3: =(BN3*BO3)+BP3 -> 28.750752 | BN3: 630.52 | BO3: 0.9476 | BP3: -568.73
D4: Note : | E4: Repeat Acceptance test | K4: CATALYST AGING | O4: CRACKING EXPERIMENT | BL4: 26 | BM4: =(BN4*BO4)+BP4 -> 31.12576 | BN4: 697.6 | BO4: 0.9476 | BP4: -629.92
K5: ABQ3358 (No3+No5) | S5: Rx-3 Stuck | AN5: ABQ3358 (No3+No5) | BX5: Rx-3 Stuck
J6: Day on stream | K6: 1 | L6: 2 | M6: 3 | N6: 4 | O6: 5 | P6: 6 | Q6: 7 | R6: 8 | S6: 9 | T6: 10 | U6: 11 | V6: 12 | W6: 13 | X6: 14 | Y6: 15 | Z6: 16 | AA6: 17 | AB6: 18 | AC6: 19 | AD6: 20 | AE6: 21 | AF6: 22 | AG6: 23 | AH6: 24 | AI6: 25 | AJ6: 26 | AK6: 27 | AL6: 28 | AN6: 1 | AO6: 1 | AQ6: 1.5 | AR6: 2 | AU6: 3 | AV6: 3 | AW6: 3 | AY6: 4 | AZ6: 4 | BA6: 4 | BD6: 4.5 | BE6: 5 | BI6: D6 | BX6: 9 | BY6: 10 | CA6: 11
J7: Date | K7: Avg 8AM&8PM 24FEB | L7: At 08AM 04 MAR | S7: D9-1+2 | T7: D10 | U7: D11 | AN7: At 08:00 24 FEB | AO7: At 20:00 24 FEB | AR7: At 08AM 04 MAR | AU7: 0.58333333 | AV7: 0.83333333 | AW7: 0.33333333 | AY7: 0.54166667 | AZ7: 0.83333333 | BA7: 0.33333333 | BD7: 0.83333333 | BE7: 0.33333333 | BI7: 0.58333333 | BJ7: 0.33333333 | BN7: 1am | BO7: 8am | BU7: 9-1 | BV7: 9-2 | BX7: 10PM Sample | BY7: 9-2 | CA7: D10
D8: Properties | E8: Method | F8: Unit | G8: VR ABQ3358 | H8: VR ABQ3358 | I8: VR ABQ3358 | J8: VR ABQ3358 | K8: HPS | L8: HPS | M8: HPS | N8: HPS | O8: HPS | P8: HPS | Q8: HPS | R8: HPS | S8: HPS | T8: HPS | U8: HPS | V8: HPS | W8: HPS | X8: HPS | Y8: HPS | Z8: HPS | AA8: HPS | AB8: HPS | AC8: HPS | AD8: HPS | AE8: HPS | AF8: HPS | AG8: HPS | AH8: HPS | AI8: HPS | AJ8: HPS | AK8: HPS | AL8: HPS | AN8: HPS | AO8: HPS | AR8: HPS | AU8: HPS | BN8: D7 | BO8: D7 | BS8: D8 | BU8: D9 | BV8: D9 | BX8: HPS | BY8: HPS | CA8: HPS
D9: Ratio | E9: - | F9: %wt.
D10: API @ 15.6 degC | E10: - | G10: =(141.5/G11)-131.5 -> 2.7250047 | H10: =(141.5/H11)-131.5 -> 2.7250047 | I10: =(141.5/I11)-131.5 -> 2.7250047 | J10: =(141.5/J11)-131.5 -> 2.7250047 | K10: 13.26 | L10: 12.63 | M10: 11.93 | N10: 11.94 | O10: 18.44 | P10: 17.69 | Q10: 17.2 | R10: 16.96 | S10: 16.23 | T10: 16.47 | U10: 16.18 | V10: 16.05 | W10: 16 | AN10: 13.76 | AO10: 13.26 | AR10: 12.63 | AU10: 11.93 | BD10: 16.16 | BE10: 18.44 | BN10: 17.2 | BO10: 17.91 | BX10: 16.23 | BY10: 16.94 | CA10: 16.47
D11: Density @ 15.6 degC | E11: ASTM D4052 | F11: kg/L | G11: 1.0542 | H11: 1.0542 | I11: 1.0542 | J11: 1.0542 | K11: 0.9765 | L11: 0.9808 | M11: 0.9856 | N11: 0.9855 | O11: 0.9428 | P11: 0.9476 | Q11: 0.9501 | R11: 0.9522 | S11: 0.9569 | T11: 0.9563 | U11: 0.9572 | V11: 0.958 | W11: 0.9584 | AN11: 0.9732 | AO11: 0.9765 | AR11: 0.9808 | AU11: 0.9856 | AV11: 0.9855 | AW11: 0.9856 | AY11: 0.9853 | BA11: 0.9855 | BD11: 0.9568 | BE11: 0.9428 | BI11: 0.9464 | BJ11: 0.9476 | BN11: 0.9501 | BO11: 0.9456 | BX11: 0.9569 | BY11: 0.9523 | CA11: 0.9563
D12: Relative Density@25/25 oC | E12: ASTM D70 | F12: - | G12: 1.051 | H12: 1.051 | I12: 1.051 | J12: 1.051
D13: Viscosity @ -20 oC | E13: ASTM D445 | F13: cSt.
D14: Viscosity @ 40 oC
D15: Viscosity @ 70 oC
D16: Viscosity @ 100 oC
D17: Viscosity @ 135 °C
D18: Viscosity @ 150 oC | G18: 345.24 | H18: 345.24 | I18: 345.24 | J18: 345.24
D19: V50 | G19: 46.58 | H19: 46.58 | I19: 46.58 | J19: 46.58
D20: Sulfur | E20: ASTM D4294 | F20: %wt | G20: 5.975 | H20: 5.928 | I20: 5.928 | J20: 5.928 | K20: 1.9585 | L20: 2.0885 | M20: 2.28 | N20: 2.245 | O20: 0.867 | P20: 0.941 | Q20: 1.037 | R20: 1.121 | S20: 1.17 | T20: 1.214 | U20: 1.267 | V20: 1.291 | W20: 1.315 | AN20: 1.899 | AO20: 2.018 | AR20: 2.0885 | AU20: 2.277 | AV20: 2.271 | AW20: 2.28 | AY20: 2.258 | BA20: 2.245 | BD20: 1.332 | BE20: 0.867 | BX20: 1.165 | BY20: 1.174 | BZ20: =AVERAGE(BX20:BY20) -> 1.1695 | CA20: 1.214
E21: ASTM D2622 | F21: %wt | BZ21: =AVERAGE(BX21:BY21) -> #DIV/0!
F22: PPMw | BZ22: =AVERAGE(BX22:BY22) -> #DIV/0!
D23: Total Nitrogen | E23: ASTM D4629 | F23: PPMw | BZ23: =AVERAGE(BX23:BY23) -> #DIV/0!
E24: ASTM D5762 | F24: PPMw | G24: 3930.63 | H24: 4041.95 | I24: 4041.95 | J24: 4041.95 | K24: 2817 | L24: 2944.995 | M24: 3097.58 | N24: 3018.15 | O24: 2417 | P24: 2557.72 | Q24: 2664.55 | R24: 2562 | S24: 2610.51 | T24: 2543 | U24: 2775.885 | V24: 2593.16 | W24: 2669.55 | AN24: 3019.71 | AO24: 2817 | AR24: 2900.66 | BD24: 2629.03 | BE24: 2417.33 | BX24: 2610.51 | BY24: 2510.04 | BZ24: =AVERAGE(BX24:BY24) -> 2560.275 | CA24: 2543.47
B25: 0.4519 | F25: %wt | G25: =G24/10000 -> 0.393063 | H25: =H24/10000 -> 0.404195 | I25: =I24/10000 -> 0.404195 | J25: =J24/10000 -> 0.404195 | K25: 0.2817 | L25: =L24/10000 -> 0.2944995 | M25: =M24/10000 -> 0.309758 | N25: =N24/10000 -> 0.301815 | O25: =O24/10000 -> 0.2417 | P25: =P24/10000 -> 0.255772 | Q25: =Q24/10000 -> 0.266455 | R25: =R24/10000 -> 0.2562 | S25: =S24/10000 -> 0.261051 | ... AL25: =AL24/10000 -> 0 | AN25: =AN24/10000 -> 0.301971 | AO25: =AO24/10000 -> 0.2817 | AR25: =AR24/10000 -> 0.290066 | AU25: =AU24/10000 -> 0 | BD25: 0.262903 | BE25: 0.241733 | BX25: =BX24/10000 -> 0.261051 | BY25: =BY24/10000 -> 0.251004 | BZ25: =AVERAGE(BX25:BY25) -> 0.2560275 | CA25: =CA24/10000 -> 0.254347
D26: CHN | E26: ASTM D5291 | F26: %wt | BZ26: =AVERAGE(BX26:BY26) -> #DIV/0!
D27: Carbon | G27: 83.9 | H27: 83.9 | I27: 83.9 | J27: 83.9 | K27: 87.68 | L27: 86.89 | M27: 88.44 | N27: 88.09 | O27: 88.54 | P27: 88.37 | Q27: 89.16 | R27: 89.59 | S27: 89.41 | T27: 89.56 | U27: 89.12 | V27: 89.66 | W27: 88.78 | AN27: 87.82 | AO27: 87.68 | AR27: 86.89 | BD27: 88.05 | BE27: 88.54 | BX27: 89.41 | BY27: 89.58 | BZ27: =AVERAGE(BX27:BY27) -> 89.495 | CA27: 89.56
D28: Hydrogen | G28: 9.748 | H28: 9.748 | I28: 9.748 | J28: 9.748 | K28: 11.09 | L28: 10.74 | M28: 10.97 | N28: 10.92 | O28: 11.46 | P28: 11.4 | Q28: 11.25 | R28: 11.16 | S28: 11.17 | T28: 11.11 | U28: 11.11 | V28: 11.07 | W28: 11.19 | AN28: 11.06 | AO28: 11.09 | AR28: 10.74 | BD28: 11.31 | BE28: 11.46 | BX28: 11.17 | BY28: 11.21 | BZ28: =AVERAGE(BX28:BY28) -> 11.19 | CA28: 11.11
D29: Nitrogen | G29: 0.4384 | H29: 0.4384 | I29: 0.4384 | J29: 0.4384 | K29: 0.2988 | L29: 0.3359 | M29: 0.3459 | N29: 0.3469 | O29: 0.28 | P29: 0.2364 | Q29: 0.2202 | R29: 0.32 | S29: 0.3517 | T29: 0.32 | U29: 0.276 | V29: 0.364 | W29: 0.3578 | AN29: 0.286 | AO29: 0.2988 | AR29: 0.3359 | BD29: 0.3147 | BE29: 0.2772 | BX29: 0.3517 | BY29: 0.2922 | BZ29: =AVERAGE(BX29:BY29) -> 0.32195 | CA29: 0.3249
D30: CHNS | G30: =(G$27+G$28+G$25+G$20) -> 100.01606 | H30: =(H$27+H$28+H$25+H$20) -> 99.980195 | I30: =(I$27+I$28+I$25+I$20) -> 99.980195 | J30: =(J$27+J$28+J$25+J$20) -> 99.980195 | K30: =(K$27+K$28+K$25+K$20) -> 101.0102 | L30: =(L$27+L$28+L$25+L$20) -> 100.013 | M30: =(M$27+M$28+M$25+M$20) -> 101.99976 | N30: =(N$27+N$28+N$25+N$20) -> 101.55682 | ... AL30: =(AL$27+AL$28+AL$25+AL$20) -> 0 | AN30: =(AN$27+AN$28+AN$25+AN$20) -> 101.08097 | AO30: =(AO$27+AO$28+AO$25+AO$20) -> 101.0697 | AR30: =(AR$27+AR$28+AR$25+AR$20) -> 100.00857 | AU30: =(AU$27+AU$28+AU$25+AU$20) -> 2.277 | BD30: 100.9549 | BE30: 101.10873 | BX30: =(BX$27+BX$28+BX$25+BX$20) -> 102.00605 | BY30: =(BY$27+BY$28+BY$25+BY$20) -> 102.215 | BZ30: =AVERAGE(BX30:BY30) -> 102.11053 | CA30: =(CA$27+CA$28+CA$25+CA$20) -> 102.13835
D31: CN | G31: =(100-G$33-G$34)/(1+(G$28/G$27)) -> 83.886525 | H31: =(100-H$33-H$34)/(1+(H$28/H$27)) -> 83.91662 | I31: =(100-I$33-I$34)/(1+(I$28/I$27)) -> 83.91662 | J31: =(100-J$33-J$34)/(1+(J$28/J$27)) -> 83.91662 | K31: =(100-K$33-K$34)/(1+(K$28/K$27)) -> 86.803115 | L31: =(100-L$33-L$34)/(1+(L$28/L$27)) -> 86.878706 | M31: =(100-M$33-M$34)/(1+(M$28/M$27)) -> 86.706088 | N31: =(100-N$33-N$34)/(1+(N$28/N$27)) -> 86.739625 | ... AL31: =(100-AL$33-AL$34)/(1+(AL$28/AL$27)) -> #DIV/0! | AN31: =(100-AN$33-AN$34)/(1+(AN$28/AN$27)) -> 86.880843 | AO31: =(100-AO$33-AO$34)/(1+(AO$28/AO$27)) -> 86.752014 | AR31: =(100-AR$33-AR$34)/(1+(AR$28/AR$27)) -> 86.882558 | AU31: =(100-AU$33-AU$34)/(1+(AU$28/AU$27)) -> #DIV/0! | BD31: 87.217161 | BE31: 87.569093 | BX31: =(100-BX$33-BX$34)/(1+(BX$28/BX$27)) -> 87.651663 | BY31: =(100-BY$33-BY$34)/(1+(BY$28/BY$27)) -> 87.638797 | BZ31: =AVERAGE(BX31:BY31) -> 87.64523 | CA31: =(100-CA$33-CA$34)/(1+(CA$28/CA$27)) -> 87.684991
D32: HN | F32: %wt | G32: =G$31*(G$28/G$27) -> 9.7464344 | H32: =H$31*(H$28/H$27) -> 9.749931 | I32: =I$31*(I$28/I$27) -> 9.749931 | J32: =J$31*(J$28/J$27) -> 9.749931 | K32: =K$31*(K$28/K$27) -> 10.979089 | L32: =L$31*(L$28/L$27) -> 10.738604 | M32: =M$31*(M$28/M$27) -> 10.754927 | N32: =N$31*(N$28/N$27) -> 10.752602 | ... AL32: =AL$31*(AL$28/AL$27) -> #DIV/0! | AN32: =AN$31*(AN$28/AN$27) -> 10.941723 | AO32: =AO$31*(AO$28/AO$27) -> 10.972626 | AR32: =AR$31*(AR$28/AR$27) -> 10.73908 | AU32: =AU$31*(AU$28/AU$27) -> #DIV/0! | BD32: 11.203022 | BE32: 11.334333 | BX32: =BX$31*(BX$28/BX$27) -> 10.950331 | BY32: =BY$31*(BY$28/BY$27) -> 10.967079 | BZ32: =AVERAGE(BX32:BY32) -> 10.958705 | CA32: =CA$31*(CA$28/CA$27) -> 10.877403
D33: NN | G33: =G$25*100/G$30 -> 0.39299987 | H33: =H$25*100/H$30 -> 0.40427507 | I33: =I$25*100/I$30 -> 0.40427507 | J33: =J$25*100/J$30 -> 0.40427507 | K33: =K$25*100/K$30 -> 0.27888273 | L33: =L$25*100/L$30 -> 0.29446122 | M33: =M$25*100/M$30 -> 0.30368503 | N33: =N$25*100/N$30 -> 0.29718833 | ... AL33: =AL$25*100/AL$30 -> #DIV/0! | AN33: =AN$25*100/AN$30 -> 0.29874169 | AO33: =AO$25*100/AO$30 -> 0.27871855 | AR33: =AR$25*100/AR$30 -> 0.29004116 | AU33: =AU$25*100/AU$30 -> 0 | BD33: 0.26041628 | BE33: 0.23908222 | BX33: =BX$25*100/BX$30 -> 0.25591717 | BY33: =BY$25*100/BY$30 -> 0.24556473 | BZ33: =AVERAGE(BX33:BY33) -> 0.25074095 | CA33: =CA$25*100/CA$30 -> 0.24902204
D34: SN | G34: =G$20*100/G$30 -> 5.9740404 | H34: =H$20*100/H$30 -> 5.9291743 | I34: =I$20*100/I$30 -> 5.9291743 | J34: =J$20*100/J$30 -> 5.9291743 | K34: =K$20*100/K$30 -> 1.9389131 | L34: =L$20*100/L$30 -> 2.0882285 | M34: =M$20*100/M$30 -> 2.2352994 | N34: =N$20*100/N$30 -> 2.2105853 | ... AL34: =AL$20*100/AL$30 -> #DIV/0! | AN34: =AN$20*100/AN$30 -> 1.8786919 | AO34: =AO$20*100/AO$30 -> 1.9966419 | AR34: =AR$20*100/AR$30 -> 2.0883211 | AU34: =AU$20*100/AU$30 -> 100 | BD34: 1.319401 | BE34: 0.8574927 | BX34: =BX$20*100/BX$30 -> 1.1420891 | BY34: =BY$20*100/BY$30 -> 1.1485594 | BZ34: =AVERAGE(BX34:BY34) -> 1.1453242 | CA34: =CA$20*100/CA$30 -> 1.188584
D35: HN/CN | G35: =G$32/G$31 -> 0.11618594 | H35: =H$32/H$31 -> 0.11618594 | I35: =I$32/I$31 -> 0.11618594 | J35: =J$32/J$31 -> 0.11618594 | K35: =K$32/K$31 -> 0.12648266 | L35: =L$32/L$31 -> 0.12360456 | M35: =M$32/M$31 -> 0.1240389 | N35: =N$32/N$31 -> 0.12396413 | ... AL35: =AL$32/AL$31 -> #DIV/0! | AN35: =AN$32/AN$31 -> 0.12593942 | AO35: =AO$32/AO$31 -> 0.12648266 | AR35: =AR$32/AR$31 -> 0.12360456 | AU35: =AU$32/AU$31 -> #DIV/0! | BD35: 0.12844974 | BE35: 0.12943302 | BX35: =BX$32/BX$31 -> 0.1249301 | BY35: =BY$32/BY$31 -> 0.12513954 | BZ35: =AVERAGE(BX35:BY35) -> 0.12503482 | CA35: =CA$32/CA$31 -> 0.12405092
D36: C | G36: =G27*100/G30 -> 83.886525 | H36: =H27*100/H30 -> 83.91662 | I36: =I27*100/I30 -> 83.91662 | J36: =J27*100/J30 -> 83.91662 | BZ36: =AVERAGE(BX36:BY36) -> #DIV/0!
D37: H | G37: =G28*100/G30 -> 9.7464344 | H37: =H28*100/H30 -> 9.749931 | I37: =I28*100/I30 -> 9.749931 | J37: =J28*100/J30 -> 9.749931 | BZ37: =AVERAGE(BX37:BY37) -> #DIV/0!
D38: N | G38: =G29*100/G30 -> 0.43832959 | H38: =H29*100/H30 -> 0.43848684 | I38: =I29*100/I30 -> 0.43848684 | J38: =J29*100/J30 -> 0.43848684 | BZ38: =AVERAGE(BX38:BY38) -> #DIV/0!
D39: S | G39: =G20*100/G30 -> 5.9740404 | H39: =H20*100/H30 -> 5.9291743 | I39: =I20*100/I30 -> 5.9291743 | J39: =J20*100/J30 -> 5.9291743 | BZ39: =AVERAGE(BX39:BY39) -> #DIV/0!
D40: H/C | G40: =G37/G36 -> 0.11618594 | H40: =H37/H36 -> 0.11618594 | I40: =I37/I36 -> 0.11618594 | J40: =J37/J36 -> 0.11618594 | BZ40: =AVERAGE(BX40:BY40) -> #DIV/0!
D41: ICP | E41: ASTM D7691 UOP 389 | F41: PPMw | BZ41: =AVERAGE(BX41:BY41) -> #DIV/0!
D42: Nickle (Ni) | G42: 61.59 | H42: 64.7 | I42: 64.7 | J42: 64.7 | K42: 19.865 | L42: 20.99 | M42: 22.606667 | N42: 21.64 | O42: 3.88 | P42: 4.75 | Q42: 6 | R42: 6.81 | S42: 7.655 | T42: 8.31 | U42: 9.31 | V42: 9.21 | W42: 9.6 | AN42: 19.36 | AO42: 20.37 | AR42: 20.99 | AU42: 23.72 | AV42: 22.2 | AW42: 21.9 | AX42: =AVERAGE(AU42:AW42) -> 22.606667 | AY42: 21.59 | BA42: 21.69 | BB42: =AVERAGE(AY42:BA42) -> 21.64 | BD42: 9.72 | BE42: 3.88 | BX42: 7.95 | BY42: 7.36 | BZ42: =AVERAGE(BX42:BY42) -> 7.655 | CA42: 8.31
D43: Vanadium (V) | G43: 200.01 | H43: 205.8 | I43: 205.8 | J43: 205.8 | K43: 25.19 | L43: 29.8 | M43: 35.97 | N43: 35.74 | O43: 0.71 | P43: 0.82 | Q43: 1.21 | R43: 1.7 | S43: 2.655 | T43: 2.76 | U43: 3.4 | V43: 3.36 | W43: 3.74 | AN43: 23.2 | AO43: 27.18 | AR43: 29.8 | AU43: 34.91 | AV43: 37.1 | AW43: 35.9 | AX43: =AVERAGE(AU43:AW43) -> 35.97 | AY43: 36.31 | BA43: 35.17 | BB43: =AVERAGE(AY43:BA43) -> 35.74 | BD43: 11.1 | BE43: 0.71 | BX43: 2.03 | BY43: 3.28 | BZ43: =AVERAGE(BX43:BY43) -> 2.655 | CA43: 2.76
D44: Sodium (Na) | G44: 37.16 | H44: 39.17 | I44: 39.17 | J44: 39.17 | K44: 56.54 | L44: 25.4 | M44: 15.803333 | N44: 13.555 | O44: 12.01 | P44: 28.21 | Q44: 10.6 | R44: 13.66 | S44: 14.865 | T44: 9.66 | U44: 10.45 | V44: 12.83 | W44: 15.23 | AN44: 78.36 | AO44: 34.72 | AR44: 25.4 | AU44: 20.21 | AV44: 13.9 | AW44: 13.3 | AX44: =AVERAGE(AU44:AW44) -> 15.803333 | AY44: 13.19 | BA44: 13.92 | BB44: =AVERAGE(AY44:BA44) -> 13.555 | BD44: 18.66 | BE44: 12.01 | BX44: 13.26 | BY44: 16.47 | BZ44: =AVERAGE(BX44:BY44) -> 14.865 | CA44: 9.66
D45: Calcium (Ca) | G45: 5.4 | H45: 30.27 | I45: 30.27 | J45: 30.27 | K45: 27.53 | L45: 10.39 | M45: 5.0366667 | N45: 3.915 | O45: 2.78 | P45: 9.98 | Q45: 1.57 | R45: 1.61 | S45: 1.735 | T45: 0 | U45: 2.45 | V45: 5.01 | W45: 4.44 | AN45: 39.55 | AO45: 15.51 | AR45: 10.39 | AU45: 7.91 | AV45: 4.3 | AW45: 2.9 | AX45: =AVERAGE(AU45:AW45) -> 5.0366667 | AY45: 4.1 | BA45: 3.73 | BB45: =AVERAGE(AY45:BA45) -> 3.915 | BD45: 5.88 | BE45: 2.78 | BX45: 0.81 | BY45: 2.66 | BZ45: =AVERAGE(BX45:BY45) -> 1.735 | CA45: 0
D46: Iron (Fe) | G46: 16.28 | H46: 20.13 | I46: 20.13 | J46: 20.13 | K46: 21.76 | L46: 14.34 | M46: 14.23 | N46: 6.38 | O46: 1.6 | P46: 1.42 | Q46: 1.21 | R46: 1.88 | S46: 1.58 | T46: 1.3 | U46: 1.19 | V46: 1.32 | W46: 1.62 | AN46: 28.06 | AO46: 15.46 | AR46: 14.34 | AU46: 22.69 | AV46: 11.8 | AW46: 8.2 | AX46: =AVERAGE(AU46:AW46) -> 14.23 | AY46: 7.12 | BA46: 5.64 | BB46: =AVERAGE(AY46:BA46) -> 6.38 | BD46: 2.5 | BE46: 1.6 | BX46: 1.32 | BY46: 1.84 | BZ46: =AVERAGE(BX46:BY46) -> 1.58 | CA46: 1.3
D47: Ni | G47: - | H47: - | I47: - | J47: - | K47: =100-(K42*100/$G$42) -> 67.746387 | L47: =100-(L42*100/$G$42) -> 65.919792 | M47: =100-(M42*100/$G$42) -> 63.294907 | N47: =100-(N42*100/$G$42) -> 64.864426 | O47: =100-(O42*100/$H$42) -> 94.003091 | P47: =100-(P42*100/$H$42) -> 92.658423 | Q47: =100-(Q42*100/$H$42) -> 90.72643 | R47: =100-(R42*100/$H$42) -> 89.474498 | S47: =100-(S42*100/$H$42) -> 88.16847 | T47: =100-(T42*100/$H$42) -> 87.156105 | U47: =100-(U42*100/$H$42) -> 85.61051 | V47: =100-(V42*100/$H$42) -> 85.76507 | W47: =100-(W42*100/$H$42) -> 85.162287 | X47: =100-(X42*100/$I$42) -> 100 | Y47: =100-(Y42*100/$I$42) -> 100 | Z47: =100-(Z42*100/$I$42) -> 100 | AA47: =100-(AA42*100/$I$42) -> 100 | AB47: =100-(AB42*100/$I$42) -> 100 | AC47: =100-(AC42*100/$I$42) -> 100 | AD47: =100-(AD42*100/$J$42) -> 100 | AE47: =100-(AE42*100/$J$42) -> 100 | AF47: =100-(AF42*100/$J$42) -> 100 | AG47: =100-(AG42*100/$J$42) -> 100 | AH47: =100-(AH42*100/$J$42) -> 100 | AI47: =100-(AI42*100/$J$42) -> 100 | AJ47: =100-(AJ42*100/$J$42) -> 100 | AK47: =100-(AK42*100/$J$42) -> 100 | AL47: =100-(AL42*100/$J$42) -> 100 | AN47: =100-(AN42*100/$G$42) -> 68.566326 | AO47: =100-(AO42*100/$G$42) -> 66.926449 | AR47: =100-(AR42*100/$G$42) -> 65.919792 | AU47: =100-(AU42*100/$G$42) -> 61.487254 | BD47: 84.976816 | BE47: 94.003091 | BX47: =100-(BX42*100/$H$42) -> 87.712519 | BY47: =100-(BY42*100/$H$42) -> 88.62442 | BZ47: =AVERAGE(BX47:BY47) -> 88.16847 | CA47: =100-(CA42*100/$H$42) -> 87.156105
D48: V | E48: HDM Conversion | F48: % | G48: - | H48: - | I48: - | J48: - | K48: =100-(K43*100/$G$43) -> 87.40563 | L48: =100-(L43*100/$G$43) -> 85.100745 | M48: =100-(M43*100/$G$43) -> 82.015899 | N48: =100-(N43*100/$G$43) -> 82.130893 | O48: =100-(O43*100/$H$43) -> 99.655005 | P48: =100-(P43*100/$H$43) -> 99.601555 | Q48: =100-(Q43*100/$H$43) -> 99.412051 | R48: =100-(R43*100/$H$43) -> 99.173955 | S48: =100-(S43*100/$H$43) -> 98.709913 | T48: =100-(T43*100/$H$43) -> 98.658892 | U48: =100-(U43*100/$H$43) -> 98.347911 | V48: =100-(V43*100/$H$43) -> 98.367347 | W48: =100-(W43*100/$H$43) -> 98.182702 | X48: =100-(X43*100/$I$43) -> 100 | Y48: =100-(Y43*100/$I$43) -> 100 | Z48: =100-(Z43*100/$I$43) -> 100 | AA48: =100-(AA43*100/$I$43) -> 100 | AB48: =100-(AB43*100/$I$43) -> 100 | AC48: =100-(AC43*100/$I$43) -> 100 | AD48: =100-(AD43*100/$J$43) -> 100 | AE48: =100-(AE43*100/$J$43) -> 100 | AF48: =100-(AF43*100/$J$43) -> 100 | AG48: =100-(AG43*100/$J$43) -> 100 | AH48: =100-(AH43*100/$J$43) -> 100 | AI48: =100-(AI43*100/$J$43) -> 100 | AJ48: =100-(AJ43*100/$J$43) -> 100 | AK48: =100-(AK43*100/$J$43) -> 100 | AL48: =100-(AL43*100/$J$43) -> 100 | AN48: =100-(AN43*100/$G$43) -> 88.40058 | AO48: =100-(AO43*100/$G$43) -> 86.410679 | AR48: =100-(AR43*100/$G$43) -> 85.100745 | AU48: =100-(AU43*100/$G$43) -> 82.545873 | BD48: 94.606414 | BE48: 99.655005 | BX48: =100-(BX43*100/$H$43) -> 99.013605 | BY48: =100-(BY43*100/$H$43) -> 98.40622 | BZ48: =AVERAGE(BX48:BY48) -> 98.709913 | CA48: =100-(CA43*100/$H$43) -> 98.658892
D49: Ni+V | G49: - | H49: - | I49: - | J49: - | K49: =100-((K42+K43)*100/($G$42+$G$43)) -> 82.777141 | L49: =100-((L42+L43)*100/($G$42+$G$43)) -> 80.584862 | M49: =100-((M42+M43)*100/($G$42+$G$43)) -> 77.608308 | N49: =100-((N42+N43)*100/($G$42+$G$43)) -> 78.065749 | O49: =100-((O42+O43)*100/($H$42+$H$43)) -> 98.303142 | P49: =100-((P42+P43)*100/($H$42+$H$43)) -> 97.94085 | Q49: =100-((Q42+Q43)*100/($H$42+$H$43)) -> 97.334566 | R49: =100-((R42+R43)*100/($H$42+$H$43)) -> 96.853974 | S49: =100-((S42+S43)*100/($H$42+$H$43)) -> 96.18854 | T49: =100-((T42+T43)*100/($H$42+$H$43)) -> 95.907579 | U49: =100-((U42+U43)*100/($H$42+$H$43)) -> 95.301294 | V49: =100-((V42+V43)*100/($H$42+$H$43)) -> 95.35305 | W49: =100-((W42+W43)*100/($H$42+$H$43)) -> 95.068392 | X49: =100-((X42+X43)*100/($I$42+$I$43)) -> 100 | Y49: =100-((Y42+Y43)*100/($I$42+$I$43)) -> 100 | Z49: =100-((Z42+Z43)*100/($I$42+$I$43)) -> 100 | AA49: =100-((AA42+AA43)*100/($I$42+$I$43)) -> 100 | AB49: =100-((AB42+AB43)*100/($I$42+$I$43)) -> 100 | AC49: =100-((AC42+AC43)*100/($I$42+$I$43)) -> 100 | AD49: =100-((AD42+AD43)*100/($J$42+$J$43)) -> 100 | AE49: =100-((AE42+AE43)*100/($J$42+$J$43)) -> 100 | AF49: =100-((AF42+AF43)*100/($J$42+$J$43)) -> 100 | AG49: =100-((AG42+AG43)*100/($J$42+$J$43)) -> 100 | AH49: =100-((AH42+AH43)*100/($J$42+$J$43)) -> 100 | AI49: =100-((AI42+AI43)*100/($J$42+$J$43)) -> 100 | AJ49: =100-((AJ42+AJ43)*100/($J$42+$J$43)) -> 100 | AK49: =100-((AK42+AK43)*100/($J$42+$J$43)) -> 100 | AL49: =100-((AL42+AL43)*100/($J$42+$J$43)) -> 100 | AN49: =100-((AN42+AN43)*100/($G$42+$G$43)) -> 83.730887 | AO49: =100-((AO42+AO43)*100/($G$42+$G$43)) -> 81.823394 | AR49: =100-((AR42+AR43)*100/($G$42+$G$43)) -> 80.584862 | AU49: =100-((AU42+AU43)*100/($G$42+$G$43)) -> 77.58792 | BD49: 92.303142 | BE49: 98.303142 | BX49: =100-((BX42+BX43)*100/($H$42+$H$43)) -> 96.310536 | BY49: =100-((BY42+BY43)*100/($H$42+$H$43)) -> 96.066543 | BZ49: =AVERAGE(BX49:BY49) -> 96.18854 | CA49: =100-((CA42+CA43)*100/($H$42+$H$43)) -> 95.907579
D50: Simdist | E50: ASTM D2887 ASTM D7169 | F50: deg.C | BZ50: =AVERAGE(BX50:BY50) -> #DIV/0!
D51: IBP | G51: ='HPS LTO DAILY '!G10 -> 312.8 | H51: 352.9 | I51: 352.9 | J51: 352.9 | K51: ='HPS LTO DAILY '!H10 -> 153.4 | L51: ='HPS LTO DAILY '!I10 -> 140.2 | M51: ='HPS LTO DAILY '!J10 -> 158.7 | N51: ='HPS LTO DAILY '!K10 -> 156 | O51: ='HPS LTO DAILY '!L10 -> 114.8 | P51: ='HPS LTO DAILY '!M10 -> 130.7 | Q51: ='HPS LTO DAILY '!N10 -> 130.1 | R51: ='HPS LTO DAILY '!O10 -> 131.8 | ... AC51: ='HPS LTO DAILY '!Z10 -> 0 | AD51: ='HPS LTO DAILY '!AI10 -> 0 | AE51: ='HPS LTO DAILY '!AJ10 -> 0 | AF51: ='HPS LTO DAILY '!AK10 -> 4.5 | AG51: ='HPS LTO DAILY '!AL10 -> 105 | AH51: ='HPS LTO DAILY '!AM10 -> 0 | AI51: ='HPS LTO DAILY '!AN10 -> 0 | AJ51: ='HPS LTO DAILY '!AO10 -> 0 | AK51: ='HPS LTO DAILY '!AP10 -> 0 | AL51: ='HPS LTO DAILY '!AQ10 -> 0 | AU51: ='HPS LTO DAILY '!AR10 -> 0 | BD51: 114.8 | BE51: 0 | BX51: ='HPS LTO DAILY '!BU10 -> 0 | BY51: ='HPS LTO DAILY '!BV10 -> 0 | BZ51: =AVERAGE(BX51:BY51) -> 0 | CA51: ='[1]HPS LTO DAILY '!BX10 -> 0
D52: 5 | G52: ='HPS LTO DAILY '!G15 -> 468.2 | H52: 510.4 | I52: 510.4 | J52: 510.4 | K52: ='HPS LTO DAILY '!H15 -> 301.5 | L52: ='HPS LTO DAILY '!I15 -> 290.8 | M52: ='HPS LTO DAILY '!J15 -> 295.8 | N52: ='HPS LTO DAILY '!K15 -> 283.3 | O52: ='HPS LTO DAILY '!L15 -> 209.6 | P52: ='HPS LTO DAILY '!M15 -> 208.3 | Q52: ='HPS LTO DAILY '!N15 -> 209.4 | R52: ='HPS LTO DAILY '!O15 -> 212.7 | ... AC52: ='HPS LTO DAILY '!Z15 -> 0 | AD52: ='HPS LTO DAILY '!AI15 -> 0 | AE52: ='HPS LTO DAILY '!AJ15 -> 16 | AF52: ='HPS LTO DAILY '!AK15 -> 0 | AG52: ='HPS LTO DAILY '!AL15 -> 0 | AH52: ='HPS LTO DAILY '!AM15 -> 0 | AI52: ='HPS LTO DAILY '!AN15 -> 0 | AJ52: ='HPS LTO DAILY '!AO15 -> 0 | AK52: ='HPS LTO DAILY '!AP15 -> 0 | AL52: ='HPS LTO DAILY '!AQ15 -> 0 | AU52: ='HPS LTO DAILY '!AR15 -> 0 | BD52: 209.6 | BE52: 0 | BX52: ='HPS LTO DAILY '!BU15 -> 0 | BY52: ='HPS LTO DAILY '!BV15 -> 0 | BZ52: =AVERAGE(BX52:BY52) -> 0 | CA52: ='[1]HPS LTO DAILY '!BX15 -> 0
D53: 10 | G53: ='HPS LTO DAILY '!G20 -> 535.8 | H53: 551 | I53: 551 | J53: 551 | K53: ='HPS LTO DAILY '!H20 -> 367.4 | L53: ='HPS LTO DAILY '!I20 -> 359.3 | M53: ='HPS LTO DAILY '!J20 -> 365.9 | N53: ='HPS LTO DAILY '!K20 -> 352.6 | O53: ='HPS LTO DAILY '!L20 -> 252.5 | P53: ='HPS LTO DAILY '!M20 -> 249.7 | Q53: ='HPS LTO DAILY '!N20 -> 251.4 | R53: ='HPS LTO DAILY '!O20 -> 255.4 | ... AC53: ='HPS LTO DAILY '!Z20 -> 0 | AD53: ='HPS LTO DAILY '!AI20 -> 0 | AE53: ='HPS LTO DAILY '!AJ20 -> 15.7 | AF53: ='HPS LTO DAILY '!AK20 -> 0 | AG53: ='HPS LTO DAILY '!AL20 -> 0 | AH53: ='HPS LTO DAILY '!AM20 -> 0 | AI53: ='HPS LTO DAILY '!AN20 -> 0 | AJ53: ='HPS LTO DAILY '!AO20 -> 0 | AK53: ='HPS LTO DAILY '!AP20 -> 0 | AL53: ='HPS LTO DAILY '!AQ20 -> 0 | AU53: ='HPS LTO DAILY '!AR20 -> 0 | BD53: 252.5 | BE53: 0 | BX53: ='HPS LTO DAILY '!BU20 -> 0 | BY53: ='HPS LTO DAILY '!BV20 -> 0 | BZ53: =AVERAGE(BX53:BY53) -> 0 | CA53: ='[1]HPS LTO DAILY '!BX20 -> 0
D54: 15 | G54: ='HPS LTO DAILY '!G25 -> 559.6 | H54: 572.9 | I54: 572.9 | J54: 572.9 | K54: ='HPS LTO DAILY '!H25 -> 407.7 | L54: ='HPS LTO DAILY '!I25 -> 403 | M54: ='HPS LTO DAILY '!J25 -> 411.9 | N54: ='HPS LTO DAILY '!K25 -> 398.3 | O54: ='HPS LTO DAILY '!L25 -> 289.9 | P54: ='HPS LTO DAILY '!M25 -> 284.8 | Q54: ='HPS LTO DAILY '!N25 -> 288.2 | R54: ='HPS LTO DAILY '!O25 -> 291.6 | ... AC54: ='HPS LTO DAILY '!Z25 -> 0 | AD54: ='HPS LTO DAILY '!AI25 -> 0 | AE54: ='HPS LTO DAILY '!AJ25 -> 15 | AF54: ='HPS LTO DAILY '!AK25 -> 0 | AG54: ='HPS LTO DAILY '!AL25 -> 0 | AH54: ='HPS LTO DAILY '!AM25 -> 0 | AI54: ='HPS LTO DAILY '!AN25 -> 0 | AJ54: ='HPS LTO DAILY '!AO25 -> 0 | AK54: ='HPS LTO DAILY '!AP25 -> 0 | AL54: ='HPS LTO DAILY '!AQ25 -> 0 | AU54: ='HPS LTO DAILY '!AR25 -> 0 | BD54: 289.9 | BE54: 0 | BX54: ='HPS LTO DAILY '!BU25 -> 0 | BY54: ='HPS LTO DAILY '!BV25 -> 0 | BZ54: =AVERAGE(BX54:BY54) -> 0 | CA54: ='[1]HPS LTO DAILY '!BX25 -> 0
D55: 20 | G55: ='HPS LTO DAILY '!G30 -> 575.6 | H55: 590.9 | I55: 590.9 | J55: 590.9 | K55: ='HPS LTO DAILY '!H30 -> 440.4 | L55: ='HPS LTO DAILY '!I30 -> 438.9 | M55: ='HPS LTO DAILY '!J30 -> 449.8 | N55: ='HPS LTO DAILY '!K30 -> 436.5 | O55: ='HPS LTO DAILY '!L30 -> 322.3 | P55: ='HPS LTO DAILY '!M30 -> 314.4 | Q55: ='HPS LTO DAILY '!N30 -> 318.1 | R55: ='HPS LTO DAILY '!O30 -> 322.4 | ... AC55: ='HPS LTO DAILY '!Z30 -> 0 | AD55: ='HPS LTO DAILY '!AI30 -> 0 | AE55: ='HPS LTO DAILY '!AJ30 -> 0 | AF55: ='HPS LTO DAILY '!AK30 -> 0 | AG55: ='HPS LTO DAILY '!AL30 -> 0 | AH55: ='HPS LTO DAILY '!AM30 -> 0 | AI55: ='HPS LTO DAILY '!AN30 -> 0 | AJ55: ='HPS LTO DAILY '!AO30 -> 0 | AK55: ='HPS LTO DAILY '!AP30 -> 0 | AL55: ='HPS LTO DAILY '!AQ30 -> 0 | AU55: ='HPS LTO DAILY '!AR30 -> 0 | BD55: 322.3 | BE55: 0 | BX55: ='HPS LTO DAILY '!BU30 -> 0 | BY55: ='HPS LTO DAILY '!BV30 -> 0 | BZ55: =AVERAGE(BX55:BY55) -> 0 | CA55: ='[1]HPS LTO DAILY '!BX30 -> 0
D56: 30 | G56: ='HPS LTO DAILY '!G40 -> 604.1 | H56: 626.9 | I56: 626.9 | J56: 626.9 | K56: ='HPS LTO DAILY '!H40 -> 499.9 | L56: ='HPS LTO DAILY '!I40 -> 500.9 | M56: ='HPS LTO DAILY '!J40 -> 512.3 | N56: ='HPS LTO DAILY '!K40 -> 499.3 | O56: ='HPS LTO DAILY '!L40 -> 377.2 | P56: ='HPS LTO DAILY '!M40 -> 363.5 | Q56: ='HPS LTO DAILY '!N40 -> 366.9 | R56: ='HPS LTO DAILY '!O40 -> 371.7 | ... AC56: ='HPS LTO DAILY '!Z40 -> 0 | AD56: ='HPS LTO DAILY '!AI40 -> 0 | AE56: ='HPS LTO DAILY '!AJ40 -> 0 | AF56: ='HPS LTO DAILY '!AK40 -> 0 | AG56: ='HPS LTO DAILY '!AL40 -> 0 | AH56: ='HPS LTO DAILY '!AM40 -> 0 | AI56: ='HPS LTO DAILY '!AN40 -> 0 | AJ56: ='HPS LTO DAILY '!AO40 -> 0 | AK56: ='HPS LTO DAILY '!AP40 -> 0 | AL56: ='HPS LTO DAILY '!AQ40 -> 0 | AU56: ='HPS LTO DAILY '!AR40 -> 0 | BD56: 377.2 | BE56: 0 | BX56: ='HPS LTO DAILY '!BU40 -> 0 | BY56: ='HPS LTO DAILY '!BV40 -> 0 | BZ56: =AVERAGE(BX56:BY56) -> 0 | CA56: ='[1]HPS LTO DAILY '!BX40 -> 0
D57: 40 | G57: ='HPS LTO DAILY '!G50 -> 633.5 | H57: 670.4 | I57: 670.4 | J57: 670.4 | K57: ='HPS LTO DAILY '!H50 -> 545.8 | L57: ='HPS LTO DAILY '!I50 -> 546.2 | M57: ='HPS LTO DAILY '!J50 -> 555.4 | N57: ='HPS LTO DAILY '!K50 -> 542.3 | O57: ='HPS LTO DAILY '!L50 -> 425.8 | P57: ='HPS LTO DAILY '!M50 -> 408.4 | Q57: ='HPS LTO DAILY '!N50 -> 412.7 | R57: ='HPS LTO DAILY '!O50 -> 418.4 | ... AC57: ='HPS LTO DAILY '!Z50 -> 0 | AD57: ='HPS LTO DAILY '!AI50 -> 0 | AE57: ='HPS LTO DAILY '!AJ50 -> 0 | AF57: ='HPS LTO DAILY '!AK50 -> 0 | AG57: ='HPS LTO DAILY '!AL50 -> 0 | AH57: ='HPS LTO DAILY '!AM50 -> 0 | AI57: ='HPS LTO DAILY '!AN50 -> 0 | AJ57: ='HPS LTO DAILY '!AO50 -> 0 | AK57: ='HPS LTO DAILY '!AP50 -> 0 | AL57: ='HPS LTO DAILY '!AQ50 -> 0 | AU57: ='HPS LTO DAILY '!AR50 -> 0 | BD57: 425.8 | BE57: 0 | BX57: ='HPS LTO DAILY '!BU50 -> 0 | BY57: ='HPS LTO DAILY '!BV50 -> 0 | BZ57: =AVERAGE(BX57:BY57) -> 0 | CA57: ='[1]HPS LTO DAILY '!BX50 -> 0
D58: 50 | G58: ='HPS LTO DAILY '!G60 -> 667.3 | H58: - | I58: - | J58: - | K58: ='HPS LTO DAILY '!H60 -> 581.4 | L58: ='HPS LTO DAILY '!I60 -> 581 | M58: ='HPS LTO DAILY '!J60 -> 587.4 | N58: ='HPS LTO DAILY '!K60 -> 574.1 | O58: ='HPS LTO DAILY '!L60 -> 474.3 | P58: ='HPS LTO DAILY '!M60 -> 451.5 | Q58: ='HPS LTO DAILY '!N60 -> 456.7 | R58: ='HPS LTO DAILY '!O60 -> 462.9 | ... AC58: ='HPS LTO DAILY '!Z60 -> 0 | AD58: ='HPS LTO DAILY '!AI60 -> 0 | AE58: ='HPS LTO DAILY '!AJ60 -> 0 | AF58: ='HPS LTO DAILY '!AK60 -> 0 | AG58: ='HPS LTO DAILY '!AL60 -> 0 | AH58: ='HPS LTO DAILY '!AM60 -> 0 | AI58: ='HPS LTO DAILY '!AN60 -> 0 | AJ58: ='HPS LTO DAILY '!AO60 -> 0 | AK58: ='HPS LTO DAILY '!AP60 -> 0 | AL58: ='HPS LTO DAILY '!AQ60 -> 0 | AU58: ='HPS LTO DAILY '!AR60 -> 0 | BD58: 474.3 | BE58: 0 | BX58: ='HPS LTO DAILY '!BU60 -> 0 | BY58: ='HPS LTO DAILY '!BV60 -> 0 | BZ58: =AVERAGE(BX58:BY58) -> 0 | CA58: ='[1]HPS LTO DAILY '!BX60 -> 0
D59: 60 | G59: ='HPS LTO DAILY '!G70 -> - | H59: - | I59: - | J59: - | K59: ='HPS LTO DAILY '!H70 -> 615.9 | L59: ='HPS LTO DAILY '!I70 -> 613.7 | M59: ='HPS LTO DAILY '!J70 -> 620.8 | N59: ='HPS LTO DAILY '!K70 -> 602.7 | O59: ='HPS LTO DAILY '!L70 -> 522.9 | P59: ='HPS LTO DAILY '!M70 -> 495.5 | Q59: ='HPS LTO DAILY '!N70 -> 500.9 | R59: ='HPS LTO DAILY '!O70 -> 507.4 | ... AC59: ='HPS LTO DAILY '!Z70 -> 0 | AD59: ='HPS LTO DAILY '!AI70 -> 0 | AE59: ='HPS LTO DAILY '!AJ70 -> 0 | AF59: ='HPS LTO DAILY '!AK70 -> 0 | AG59: ='HPS LTO DAILY '!AL70 -> 0 | AH59: ='HPS LTO DAILY '!AM70 -> 0 | AI59: ='HPS LTO DAILY '!AN70 -> 0 | AJ59: ='HPS LTO DAILY '!AO70 -> 0 | AK59: ='HPS LTO DAILY '!AP70 -> 0 | AL59: ='HPS LTO DAILY '!AQ70 -> 0 | AU59: ='HPS LTO DAILY '!AR70 -> 0 | BD59: 522.9 | BE59: 0 | BX59: ='HPS LTO DAILY '!BU70 -> 0 | BY59: ='HPS LTO DAILY '!BV70 -> 0 | BZ59: =AVERAGE(BX59:BY59) -> 0 | CA59: ='[1]HPS LTO DAILY '!BX70 -> 0
D60: 70 | G60: ='HPS LTO DAILY '!G80 -> - | H60: - | I60: - | J60: - | K60: ='HPS LTO DAILY '!H80 -> 658.9 | L60: ='HPS LTO DAILY '!I80 -> 653.3 | M60: ='HPS LTO DAILY '!J80 -> 663.1 | N60: ='HPS LTO DAILY '!K80 -> 635.8 | O60: ='HPS LTO DAILY '!L80 -> 570.6 | P60: ='HPS LTO DAILY '!M80 -> 538.1 | Q60: ='HPS LTO DAILY '!N80 -> 542.8 | R60: ='HPS LTO DAILY '!O80 -> 549.9 | ... AC60: ='HPS LTO DAILY '!Z80 -> 0 | AD60: ='HPS LTO DAILY '!AI80 -> 0 | AE60: ='HPS LTO DAILY '!AJ80 -> 0 | AF60: ='HPS LTO DAILY '!AK80 -> 0 | AG60: ='HPS LTO DAILY '!AL80 -> 0 | AH60: ='HPS LTO DAILY '!AM80 -> 0 | AI60: ='HPS LTO DAILY '!AN80 -> 0 | AJ60: ='HPS LTO DAILY '!AO80 -> 0 | AK60: ='HPS LTO DAILY '!AP80 -> 0 | AL60: ='HPS LTO DAILY '!AQ80 -> 0 | AU60: ='HPS LTO DAILY '!AR80 -> 0 | BD60: 570.6 | BE60: 0 | BX60: ='HPS LTO DAILY '!BU80 -> 0 | BY60: ='HPS LTO DAILY '!BV80 -> 0 | BZ60: =AVERAGE(BX60:BY60) -> 0 | CA60: ='[1]HPS LTO DAILY '!BX80 -> 0
D61: 80 | G61: ='HPS LTO DAILY '!G90 -> - | H61: - | I61: - | J61: - | K61: ='HPS LTO DAILY '!H90 -> - | L61: ='HPS LTO DAILY '!I90 -> - | M61: ='HPS LTO DAILY '!J90 -> - | N61: ='HPS LTO DAILY '!K90 -> 693.6 | O61: ='HPS LTO DAILY '!L90 -> 627.2 | P61: ='HPS LTO DAILY '!M90 -> 580 | Q61: ='HPS LTO DAILY '!N90 -> 585.1 | R61: ='HPS LTO DAILY '!O90 -> 592.9 | ... AC61: ='HPS LTO DAILY '!Z90 -> 0 | AD61: ='HPS LTO DAILY '!AI90 -> 0 | AE61: ='HPS LTO DAILY '!AJ90 -> 0 | AF61: ='HPS LTO DAILY '!AK90 -> 0 | AG61: ='HPS LTO DAILY '!AL90 -> 0 | AH61: ='HPS LTO DAILY '!AM90 -> 0 | AI61: ='HPS LTO DAILY '!AN90 -> 0 | AJ61: ='HPS LTO DAILY '!AO90 -> 0 | AK61: ='HPS LTO DAILY '!AP90 -> 0 | AL61: ='HPS LTO DAILY '!AQ90 -> 0 | AU61: ='HPS LTO DAILY '!AR90 -> 0 | BD61: 627.2 | BE61: 0 | BX61: ='HPS LTO DAILY '!BU90 -> 0 | BY61: ='HPS LTO DAILY '!BV90 -> 0 | BZ61: =AVERAGE(BX61:BY61) -> 0 | CA61: ='[1]HPS LTO DAILY '!BX90 -> 0
D62: 90 | G62: ='HPS LTO DAILY '!G100 -> - | H62: - | I62: - | J62: - | K62: ='HPS LTO DAILY '!H100 -> - | L62: ='HPS LTO DAILY '!I100 -> - | M62: ='HPS LTO DAILY '!J100 -> - | N62: ='HPS LTO DAILY '!K100 -> - | O62: ='HPS LTO DAILY '!L100 -> - | P62: ='HPS LTO DAILY '!M100 -> 632.4 | Q62: ='HPS LTO DAILY '!N100 -> 639.4 | R62: ='HPS LTO DAILY '!O100 -> 653.5 | ... AC62: ='HPS LTO DAILY '!Z100 -> 0 | AD62: ='HPS LTO DAILY '!AI100 -> 0 | AE62: ='HPS LTO DAILY '!AJ100 -> 0 | AF62: ='HPS LTO DAILY '!AK100 -> 0 | AG62: ='HPS LTO DAILY '!AL100 -> 0 | AH62: ='HPS LTO DAILY '!AM100 -> 0 | AI62: ='HPS LTO DAILY '!AN100 -> 0 | AJ62: ='HPS LTO DAILY '!AO100 -> 0 | AK62: ='HPS LTO DAILY '!AP100 -> 0 | AL62: ='HPS LTO DAILY '!AQ100 -> 0 | AU62: ='HPS LTO DAILY '!AR100 -> 0 | BD62: - | BE62: 0 | BX62: ='HPS LTO DAILY '!BU100 -> 0 | BY62: ='HPS LTO DAILY '!BV100 -> 0 | BZ62: =AVERAGE(BX62:BY62) -> 0 | CA62: ='[1]HPS LTO DAILY '!BX100 -> 0
D63: 95 | G63: ='HPS LTO DAILY '!G105 -> - | H63: - | I63: - | J63: - | K63: ='HPS LTO DAILY '!H105 -> - | L63: ='HPS LTO DAILY '!I105 -> - | M63: ='HPS LTO DAILY '!J105 -> - | N63: ='HPS LTO DAILY '!K105 -> - | O63: ='HPS LTO DAILY '!L105 -> - | P63: ='HPS LTO DAILY '!M105 -> 675.6 | Q63: ='HPS LTO DAILY '!N105 -> 688 | R63: ='HPS LTO DAILY '!O105 -> 715.6 | ... AC63: ='HPS LTO DAILY '!Z105 -> 0 | AD63: ='HPS LTO DAILY '!AI105 -> 0 | AE63: ='HPS LTO DAILY '!AJ105 -> 0 | AF63: ='HPS LTO DAILY '!AK105 -> 0 | AG63: ='HPS LTO DAILY '!AL105 -> 0 | AH63: ='HPS LTO DAILY '!AM105 -> 0 | AI63: ='HPS LTO DAILY '!AN105 -> 0 | AJ63: ='HPS LTO DAILY '!AO105 -> 0 | AK63: ='HPS LTO DAILY '!AP105 -> 0 | AL63: ='HPS LTO DAILY '!AQ105 -> 0 | AU63: ='HPS LTO DAILY '!AR105 -> 0 | BD63: - | BE63: 0 | BX63: ='HPS LTO DAILY '!BU105 -> 0 | BY63: ='HPS LTO DAILY '!BV105 -> 0 | BZ63: =AVERAGE(BX63:BY63) -> 0 | CA63: ='[1]HPS LTO DAILY '!BX105 -> 0
D64: FBP | E64: Conversion | G64: ='HPS LTO DAILY '!G110 -> - | K64: ='HPS LTO DAILY '!H110 -> - | L64: ='HPS LTO DAILY '!I110 -> - | M64: ='HPS LTO DAILY '!J110 -> - | N64: ='HPS LTO DAILY '!K110 -> - | O64: ='HPS LTO DAILY '!L110 -> - | P64: ='HPS LTO DAILY '!M110 -> - | Q64: ='HPS LTO DAILY '!N110 -> - | R64: ='HPS LTO DAILY '!O110 -> - | ... AC64: ='HPS LTO DAILY '!Z110 -> 0 | AD64: ='HPS LTO DAILY '!AI110 -> 0 | AE64: ='HPS LTO DAILY '!AJ110 -> 0 | AF64: ='HPS LTO DAILY '!AK110 -> 0 | AG64: ='HPS LTO DAILY '!AL110 -> 0 | AH64: ='HPS LTO DAILY '!AM110 -> 0 | AI64: ='HPS LTO DAILY '!AN110 -> 0 | AJ64: ='HPS LTO DAILY '!AO110 -> 0 | AK64: ='HPS LTO DAILY '!AP110 -> 0 | AL64: ='HPS LTO DAILY '!AQ110 -> 0 | AU64: ='HPS LTO DAILY '!AR110 -> 0 | BD64: - | BE64: 0 | BF64: D5 recheck | BG64: D5 | BP64: 1am | BX64: ='HPS LTO DAILY '!BU110 -> 0 | BY64: ='HPS LTO DAILY '!BV110 -> 0 | BZ64: =AVERAGE(BX64:BY64) -> 0 | CA64: ='[1]HPS LTO DAILY '!BX110 -> 0
D65: CUT POINTS | O65: 0.5uL | P65: 0.5uL | Q65: 0.5uL | R65: 0.5uL | S65: 0.5uL | T65: 0.5uL | U65: 0.5uL | BF65: 0.2 | BG65: 0.5uL | BK65: 0.5uL | BP65: Mainlab | BQ65: 0.5uL | BR65: 0.2uL | BS65: 0.5uL | BU65: 0.5uL | BV65: 0.5uL | BX65: 0.5uL | BY65: 0.5uL | BZ65: =AVERAGE(BX65:BY65) -> #DIV/0!
D66: IBP-90 | E66: ASTM D2887 ASTM D7169 | F66: %wt | G66: 0 | H66: 0 | I66: 0 | J66: 0 | K66: 0.116 | L66: 0.146 | M66: 0.073666667 | N66: =AZ66 -> 0.051 | O66: 0.034 | P66: 0.044 | Q66: 0.048 | R66: 0.031 | S66: 0.022 | T66: 0.031 | U66: 0.052 | V66: 0.03 | W66: 0.078 | AN66: 0.12 | AO66: 0.112 | AQ66: 0.136 | AR66: 0.156 | AS66: =AVERAGE(AQ66:AR66) -> 0.146 | AU66: 0.112 | AV66: 0.073 | AW66: 0.036 | AX66: =AVERAGE(AU66:AW66) -> 0.073666667 | AY66: 0.146 | AZ66: 0.051 | BD66: 0.088 | BE66: 0.208 | BF66: 0.078 | BG66: 0.034 | BH66: IBP-90 | BI66: 0.123 | BJ66: 0.185 | BK66: 0.044 | BL66: 0.171 | BM66: IBP-90 | BN66: 0.184 | BO66: 0.122 | BP66: 0.3 | BQ66: 0.048 | BR66: 0.138 | BS66: 0.031 | BU66: 0.013 | BV66: 0.053 | BX66: 0.013 | BY66: 0.031 | BZ66: =AVERAGE(BX66:BY66) -> 0.022 | CA66: 0.031
D67: 90-160 | G67: 0 | H67: 0 | I67: 0 | J67: 0 | K67: 0.508 | L67: 0.49 | M67: 0.462 | N67: =AZ67 -> 0.496 | O67: 1.42 | P67: 1.446 | Q67: 1.454 | R67: 1.411 | S67: 1.0025 | T67: 1.212 | U67: 1.112 | V67: 1.089 | W67: 1.095 | AN67: 0.523 | AO67: 0.493 | AQ67: 0.444 | AR67: 0.536 | AS67: =AVERAGE(AQ67:AR67) -> 0.49 | AU67: 0.462 | AV67: 0.467 | AW67: 0.457 | AX67: =AVERAGE(AU67:AW67) -> 0.462 | AY67: 0.466 | AZ67: 0.496 | BD67: 1.435 | BE67: 1.622 | BF67: 1.693 | BG67: 1.42 | BH67: 90-160 | BI67: 1.443 | BJ67: 1.38 | BK67: 1.446 | BL67: 1.268 | BM67: 90-160 | BN67: 1.317 | BO67: 1.33 | BP67: 1.7 | BQ67: 1.454 | BR67: 1.365 | BS67: 1.411 | BU67: 0.793 | BV67: 1.145 | BX67: 0.793 | BY67: 1.212 | BZ67: =AVERAGE(BX67:BY67) -> 1.0025 | CA67: 1.212
D68: 160-250 | G68: 0 | H68: 0 | I68: 0 | J68: 0 | K68: 2.4005 | L68: 2.302 | M68: 2.344 | N68: =AZ68 -> 2.733 | O68: 8.318 | P68: 8.582 | Q68: 8.332 | R68: 8.017 | S68: 7.4415 | T68: 7.629 | U68: 7.645 | V68: 7.537 | W68: 7.6 | AN68: 2.457 | AO68: 2.344 | AQ68: 2.22 | AR68: 2.384 | AS68: =AVERAGE(AQ68:AR68) -> 2.302 | AU68: 2.256 | AV68: 2.414 | AW68: 2.362 | AX68: =AVERAGE(AU68:AW68) -> 2.344 | AY68: 2.244 | AZ68: 2.733 | BD68: 6.256 | BE68: 7.901 | BF68: 8.323 | BG68: 8.318 | BH68: 160-250 | BI68: 7.996 | BJ68: 7.77 | BK68: 8.582 | BL68: 8.03 | BM68: 160-250 | BN68: 8.026 | BO68: 8.255 | BP68: 7.1 | BQ68: 8.332 | BR68: 7.767 | BS68: 8.017 | BU68: 7.254 | BV68: 7.615 | BX68: 7.254 | BY68: 7.629 | BZ68: =AVERAGE(BX68:BY68) -> 7.4415 | CA68: 7.629
D69: 250-360 | G69: 1.091 | H69: 0.677 | I69: 0 | J69: 0 | K69: 7.2175 | L69: 6.7215 | M69: 6.8943333 | N69: =AZ69 -> 7.441 | O69: 18.18 | P69: 19.139 | Q69: 18.54 | R69: 17.995 | S69: 17.7355 | T69: 17.899 | U69: 17.748 | V69: 17.891 | W69: 18.123 | AN69: 7.523 | AO69: 6.912 | AQ69: 6.471 | AR69: 6.972 | AS69: =AVERAGE(AQ69:AR69) -> 6.7215 | AU69: 7.142 | AV69: 6.929 | AW69: 6.612 | AX69: =AVERAGE(AU69:AW69) -> 6.8943333 | AY69: 6.612 | AZ69: 7.441 | BD69: 13.104 | BE69: 16.919 | BF69: 17.678 | BG69: 18.18 | BH69: 250-360 | BI69: 16.88 | BJ69: 17.213 | BK69: 19.139 | BL69: 17.402 | BM69: 250-360 | BN69: 17.27 | BO69: 18.8 | BP69: 17.2 | BQ69: 18.54 | BR69: 17.453 | BS69: 17.995 | BU69: 17.572 | BV69: 17.238 | BX69: 17.572 | BY69: 17.899 | BZ69: =AVERAGE(BX69:BY69) -> 17.7355 | CA69: 17.899
D70: 360-500 | G70: 5.247 | H70: 4.116 | I70: 0.6 | J70: 0.6 | K70: 22.606 | L70: 20.2555 | M70: 19.087667 | N70: =AZ70 -> 19.404 | O70: 30.225 | P70: 31.839 | Q70: 31.418 | R70: 30.901 | S70: 30.4305 | T70: 30.359 | U70: 30.876 | V70: 30.835 | W70: 31.282 | AN70: 23.699 | AO70: 21.513 | AQ70: 20.737 | AR70: 19.774 | AS70: =AVERAGE(AQ70:AR70) -> 20.2555 | AU70: 20.25 | AV70: 18.836 | AW70: 18.177 | AX70: =AVERAGE(AU70:AW70) -> 19.087667 | AY70: 18.079 | AZ70: 19.404 | BD70: 24.565 | BE70: 28.575 | BF70: 30.151 | BG70: 30.225 | BH70: 360-500 | BI70: 29.147 | BJ70: 28.645 | BK70: 31.839 | BL70: 29.406 | BM70: 360-500 | BN70: 29.655 | BO70: 30.792 | BP70: 29.5 | BQ70: 31.418 | BR70: 29.897 | BS70: 30.901 | BU70: 30.502 | BV70: 29.901 | BX70: 30.502 | BY70: 30.359 | BZ70: =AVERAGE(BX70:BY70) -> 30.4305 | CA70: 30.359
D71: 500-560 | G71: 8.571 | H71: 7.563 | I71: 11.2 | J71: 11.2 | K71: 13.8965 | L71: 13.5685 | M71: 14.078667 | N71: =AZ71 -> 14.951 | O71: 13.464 | P71: 14.0473 | Q71: 14.12 | R71: 13.981 | S71: 13.813 | T71: 13.754 | U71: 14.102 | V71: 13.953 | W71: =13.941 -> 13.941 | AN71: 14.175 | AO71: 13.618 | AQ71: 13.512 | AR71: 13.625 | AS71: =AVERAGE(AQ71:AR71) -> 13.5685 | AU71: 14.663 | AV71: 14.015 | AW71: 13.558 | AX71: =AVERAGE(AU71:AW71) -> 14.078667 | AY71: 13.635 | AZ71: 14.951 | BD71: 13.304 | BE71: 12.49 | BF71: 13.297 | BG71: 13.464 | BH71: 500-560 | BI71: 12.975 | BJ71: 12.532 | BK71: 14.0473 | BL71: 12.882 | BM71: 500-560 | BN71: 13.201 | BO71: 12.739 | BP71: 13.5 | BQ71: 14.12 | BR71: 13.487 | BS71: 13.981 | BU71: 13.872 | BV71: 13.653 | BX71: 13.872 | BY71: 13.754 | BZ71: =AVERAGE(BX71:BY71) -> 13.813 | CA71: 13.754
D72: 560+ | G72: =100-SUM(G66:G71) -> 85.091 | H72: =100-SUM(H66:H71) -> 87.644 | I72: =100-SUM(I66:I71) -> 88.2 | J72: =100-SUM(J66:J71) -> 88.2 | K72: =100-SUM(K66:K71) -> 53.2555 | L72: =100-SUM(L66:L71) -> 56.5165 | M72: 57.059667 | N72: =100-SUM(N66:N71) -> 54.924 | O72: =100-SUM(O66:O71) -> 28.359 | P72: =100-SUM(P66:P71) -> 24.9027 | Q72: =100-SUM(Q66:Q71) -> 26.088 | R72: =100-SUM(R66:R71) -> 27.664 | S72: 29.555 | T72: =100-SUM(T66:T71) -> 29.116 | U72: =100-SUM(U66:U71) -> 28.465 | V72: =100-SUM(V66:V71) -> 28.665 | W72: =100-SUM(W66:W71) -> 27.881 | X72: =100-SUM(X66:X71) -> 100 | Y72: =100-SUM(Y66:Y71) -> 100 | Z72: =100-SUM(Z66:Z71) -> 100 | AA72: =100-SUM(AA66:AA71) -> 100 | ... AL72: =100-SUM(AL66:AL71) -> 100 | AN72: =100-SUM(AN66:AN71) -> 51.503 | AO72: =100-SUM(AO66:AO71) -> 55.008 | AR72: =100-SUM(AR66:AR71) -> 56.553 | AU72: =100-SUM(AU66:AU71) -> 55.115 | AV72: =100-SUM(AV66:AV71) -> 57.266 | AW72: =100-SUM(AW66:AW71) -> 58.798 | AX72: =AVERAGE(AU72:AW72) -> 57.059667 | AY72: =100-SUM(AY66:AY71) -> 58.818 | AZ72: =100-SUM(AZ66:AZ71) -> 54.924 | BA72: =100-SUM(BA66:BA71) -> 100 | BD72: =100-SUM(BD66:BD71) -> 41.248 | BE72: =100-SUM(BE66:BE71) -> 32.285 | BF72: =100-SUM(BF66:BF71) -> 28.78 | BG72: =100-SUM(BG66:BG71) -> 28.359 | BH72: 560+ | BI72: =100-SUM(BI66:BI71) -> 31.436 | BJ72: 32.275 | BK72: =100-SUM(BK66:BK71) -> 24.9027 | BL72: =100-SUM(BL66:BL71) -> 30.841 | BM72: 560+ | BN72: =100-SUM(BN66:BN71) -> 30.347 | BO72: =100-SUM(BO66:BO71) -> 27.962 | BP72: =100-SUM(BP66:BP71) -> 30.7 | BQ72: =100-SUM(BQ66:BQ71) -> 26.088 | BR72: 29.893 | BS72: =100-SUM(BS66:BS71) -> 27.664 | BU72: =100-SUM(BU66:BU71) -> 29.994 | BV72: =100-SUM(BV66:BV71) -> 30.395 | BX72: 29.994 | BY72: =100-SUM(BY66:BY71) -> 29.116 | BZ72: =AVERAGE(BX72:BY72) -> 29.555 | CA72: =100-SUM(CA66:CA71) -> 29.116
D73: TOTAL | G73: =SUM(G66:G72) -> 100 | H73: =SUM(H66:H72) -> 100 | I73: =SUM(I66:I72) -> 100 | J73: =SUM(J66:J72) -> 100 | K73: =SUM(K66:K72) -> 100 | L73: =SUM(L66:L72) -> 100 | M73: =SUM(M66:M72) -> 100 | N73: =SUM(N66:N72) -> 100 | ... AL73: =SUM(AL66:AL72) -> 100 | AN73: =SUM(AN66:AN72) -> 100 | AO73: =SUM(AO66:AO72) -> 100 | AR73: =SUM(AR66:AR72) -> 100 | AU73: =SUM(AU66:AU72) -> 100 | AV73: =SUM(AV66:AV72) -> 100 | AW73: =SUM(AW66:AW72) -> 100 | AY73: =SUM(AY66:AY72) -> 100 | AZ73: =SUM(AZ66:AZ72) -> 100 | BA73: =SUM(BA66:BA72) -> 100 | BD73: 100 | BE73: 100 | BX73: =SUM(BX66:BX72) -> 100 | BY73: =SUM(BY66:BY72) -> 100 | BZ73: =AVERAGE(BX73:BY73) -> 100 | CA73: =SUM(CA66:CA72) -> 100
D74: SARA | E74: IP469 | F74: % | BG74: =(BD72+BG72)/2 -> 34.8035 | BZ74: =AVERAGE(BX74:BY74) -> #DIV/0!
D75: Saturates | G75: 2.7 | H75: 2.7 | I75: 2.7 | J75: 2.7 | BY75: =AVERAGE(BX72:BY72) -> 29.555 | BZ75: =AVERAGE(BX75:BY75) -> 29.555
D76: Aromatics | G76: 43.8 | H76: 43.8 | I76: 43.8 | J76: 43.8 | BZ76: =AVERAGE(BX76:BY76) -> #DIV/0!
D77: Resins | G77: 19.3 | H77: 19.3 | I77: 19.3 | J77: 19.3 | BZ77: =AVERAGE(BX77:BY77) -> #DIV/0!
D78: Asphaltenes | G78: 34.3 | H78: 34.3 | I78: 34.3 | J78: 34.3 | BZ78: =AVERAGE(BX78:BY78) -> #DIV/0!
D79: CII | G79: =(G78+G75)/(G76+G77) -> 0.58637084 | H79: =(H78+H75)/(H76+H77) -> 0.58637084 | I79: =(I78+I75)/(I76+I77) -> 0.58637084 | J79: =(J78+J75)/(J76+J77) -> 0.58637084 | K79: =(K78+K75)/(K76+K77) -> #DIV/0! | L79: =(L78+L75)/(L76+L77) -> #DIV/0! | M79: =(M78+M75)/(M76+M77) -> #DIV/0! | N79: =(N78+N75)/(N76+N77) -> #DIV/0! | ... AL79: =(AL78+AL75)/(AL76+AL77) -> #DIV/0! | AN79: =(AN78+AN75)/(AN76+AN77) -> #DIV/0! | AO79: =(AO78+AO75)/(AO76+AO77) -> #DIV/0! | AR79: =(AR78+AR75)/(AR76+AR77) -> #DIV/0! | AU79: =(AU78+AU75)/(AU76+AU77) -> #DIV/0! | BD79: #DIV/0! | BE79: #DIV/0! | BX79: =(BX78+BX75)/(BX76+BX77) -> #DIV/0! | BY79: =(BY78+BY75)/(BY76+BY77) -> #DIV/0! | BZ79: =AVERAGE(BX79:BY79) -> #DIV/0! | CA79: =(CA78+CA75)/(CA76+CA77) -> #DIV/0!
D80: Flocculation | E80: ASTM D6703 ASTM D7112 | F80: - | BZ80: =AVERAGE(BX80:BY80) -> #DIV/0!
D81: Pa | G81: 0.63 | H81: 0.63 | I81: 0.63 | J81: 0.63 | BZ81: =AVERAGE(BX81:BY81) -> #DIV/0!
D82: Po | G82: 0.9403 | H82: 0.9403 | I82: 0.9403 | J82: 0.9403 | BZ82: =AVERAGE(BX82:BY82) -> #DIV/0!
D83: P | G83: 2.6 | H83: 2.6 | I83: 2.6 | J83: 2.6 | BZ83: =AVERAGE(BX83:BY83) -> #DIV/0!
D84: FRmax | G84: 0.3622 | H84: 0.3622 | I84: 0.3622 | J84: 0.3622 | BZ84: =AVERAGE(BX84:BY84) -> #DIV/0!
D85: SBN | G85: 94 | H85: 94 | I85: 94 | J85: 94 | BZ85: =AVERAGE(BX85:BY85) -> #DIV/0!
D86: IN | G86: 36 | H86: 36 | I86: 36 | J86: 36 | BZ86: =AVERAGE(BX86:BY86) -> #DIV/0!
D87: C5 Insoluble | E87: ASTM D4055 | F87: %wt | G87: 23.743 | H87: 25.961 | I87: 25.961 | J87: 25.961 | K87: 9.218 | L87: 9.4525 | M87: 10.424 | N87: 10.622 | O87: 3.91 | P87: 4.22 | Q87: 4.94 | R87: 5.12 | S87: 5.68 | T87: 5.71 | U87: 5.96 | V87: 5.83 | W87: 6.07 | AN87: 8.512 | AO87: 9.218 | AQ87: 9.692 | AR87: 9.213 | AS87: =AVERAGE(AQ87:AR87) -> 9.4525 | BA87: 10.622 | BE87: 3.91 | BX87: 5.68 | BY87: 5.15 | BZ87: =AVERAGE(BX87:BY87) -> 5.415 | CA87: 5.71
D88: C7 Insoluble | E88: ASTM D3279 | F88: %wt | G88: 13.27 | H88: 12.764 | I88: 12.764 | J88: 12.764 | K88: 3.782 | L88: 4.164 | M88: 5.43 | N88: 5.372 | O88: 1.326 | P88: 1.46 | Q88: 1.46 | R88: 2.34 | S88: 2.9 | T88: 2.41 | U88: 2.94 | V88: 2.91 | W88: 2.52 | AN88: 3.16 | AO88: 3.782 | AQ88: 4.159 | AR88: 4.169 | AS88: =AVERAGE(AQ88:AR88) -> 4.164 | BA88: 5.372 | BE88: 1.326 | BX88: 2.9 | BY88: 2.06 | BZ88: =AVERAGE(BX88:BY88) -> 2.48 | CA88: 2.41
D89: CCR | E89: ASTM D4530 | F89: %wt | G89: 25.49 | H89: 25.57 | I89: 25.57 | J89: 25.57 | K89: 12.605 | L89: 14.2 | M89: 14.45 | N89: 14.5 | O89: 6.97 | P89: 7.2 | Q89: 7.88 | R89: 8.3 | S89: 8.65 | T89: 8.84 | U89: 9.11 | V89: 9.78 | W89: 9.5 | AN89: 11.88 | AO89: 13.33 | AQ89: 13.57 | AR89: 13.31 | AS89: =AVERAGE(AQ89:AR89) -> 13.44 | AU89: 14.19 | AV89: 14.53 | AW89: 14.62 | AX89: =AVERAGE(AU89:AW89) -> 14.446667 | AY89: 14.53 | BA89: 14.5 | BD89: 9.8 | BE89: 6.97 | BX89: 8.65 | BY89: 8.84 | BZ89: =AVERAGE(BX89:BY89) -> 8.745 | CA89: 8.84
D90: Total Sediment | E90: ASTM D4870 | F90: %wt | K90: 0 | L90: 0 | M90: 46.5 | N90: 47.66 | O90: 231.3 | P90: 687.38 | Q90: 521.02 | R90: 404.92 | S90: 305.33 | T90: 101.32 | U90: 379.52 | V90: 153.5 | W90: 130.42 | AN90: 0 | AO90: 48 | AR90: 0 | AV90: 20.11 | AW90: 46.52 | BA90: 47.66 | BD90: 0 | BE90: 231.33 | BX90: 305.33 | BY90: 27.8 | BZ90: =AVERAGE(BX90:BY90) -> 166.565 | CA90: 101.32
AQ91: D1.5 | AR91: D2 | BX91: 8.75 | BY91: 8.55 | BZ91: =AVERAGE(BX91:BY91) -> 8.65
D92: Properties | E92: Method | F92: Unit | G92: Low Gas | H92: Low Gas | I92: Low Gas | K92: Low Gas | L92: Low Gas | M92: Low Gas | N92: Low Gas | O92: Low Gas | P92: Low Gas | Q92: Low Gas | R92: Low Gas | S92: Low Gas | T92: Low Gas | U92: Low Gas | V92: Low Gas | W92: Low Gas | X92: Low Gas | Y92: Low Gas | Z92: Low Gas | AA92: Low Gas | AB92: Low Gas | AC92: Low Gas | AD92: Low Gas | AE92: Low Gas | AF92: Low Gas | AG92: Low Gas | AH92: Low Gas | AI92: Low Gas | AJ92: Low Gas | AK92: Low Gas | AL92: Low Gas | AN92: Low Gas | AO92: Low Gas | AQ92: Low Gas | AR92: Low Gas | BX92: Low Gas | BY92: Low Gas | BZ92: =AVERAGE(BX92:BY92) -> #DIV/0! | CA92: Low Gas
D93: Hydrogen | E93: ASTM D7833 | F93: %mol | G93: 0 | H93: 0 | I93: 0 | J93: 0 | K93: 18.73 | L93: 6.02 | M93: 2.51 | N93: 1.03 | O93: 1.29 | P93: 1.42 | Q93: 1.61 | R93: 0.96 | S93: 1.66 | T93: 1.29 | U93: 0 | V93: 0 | W93: 1.1 | AN93: 18.73 | AO93: 9.64 | AQ93: 9.64 | AR93: 2.4 | AS93: =AVERAGE(AQ93:AR93) -> 6.02 | BX93: 0.96 | BY93: 2.36 | BZ93: =AVERAGE(BX93:BY93) -> 1.66 | CA93: 1.29
D94: C1 | G94: 0 | H94: 0 | I94: 0 | J94: 0 | K94: 0.74 | L94: 0.075 | M94: 0.06 | N94: 0.03 | O94: 0.08 | P94: 0.17 | Q94: 0.18 | R94: 0.05 | S94: 0.14 | T94: 0.08 | U94: 0.03 | V94: 0.04 | W94: 0.14 | AN94: 0.74 | AO94: 0.09 | AQ94: 0.09 | AR94: 0.06 | AS94: =AVERAGE(AQ94:AR94) -> 0.075 | BX94: 0.05 | BY94: 0.23 | BZ94: =AVERAGE(BX94:BY94) -> 0.14 | CA94: 0.08
D95: C2 | G95: 0 | H95: 0 | I95: 0 | J95: 0 | K95: 0.54 | L95: 0.07 | M95: 0.11 | N95: 0.05 | O95: 0.14 | P95: 0.27 | Q95: 0.3 | R95: 0.1 | S95: 0.225 | T95: 0.14 | U95: 0.05 | V95: 0.06 | W95: 0.26 | AN95: 0.54 | AO95: 0.05 | AQ95: 0.05 | AR95: 0.09 | AS95: =AVERAGE(AQ95:AR95) -> 0.07 | BX95: 0.1 | BY95: 0.35 | BZ95: =AVERAGE(BX95:BY95) -> 0.225 | CA95: 0.14
D96: C3 | G96: 0 | H96: 0 | I96: 0 | J96: 0 | K96: 1.18 | L96: 0.09 | M96: 0.16 | N96: 0.08 | O96: 0.24 | P96: 0.41 | Q96: 0.45 | R96: 0.24 | S96: 0.38 | T96: 0.28 | U96: 0.09 | V96: 0.15 | W96: 0.47 | AN96: 1.18 | AO96: 0.05 | AQ96: 0.05 | AR96: 0.13 | AS96: =AVERAGE(AQ96:AR96) -> 0.09 | BX96: 0.24 | BY96: 0.52 | BZ96: =AVERAGE(BX96:BY96) -> 0.38 | CA96: 0.28
D97: C4(Total) | G97: 0 | H97: 0 | I97: 0 | J97: 0 | K97: 1.47 | L97: 0.15 | M97: 0.17 | N97: 0.11 | O97: 0.41 | P97: 0.46 | Q97: 0.5 | R97: 0.51 | S97: 0.545 | T97: 0.48 | U97: 0.2 | V97: 0.31 | W97: 0.68 | AN97: 1.47 | AO97: 0.12 | AQ97: 0.12 | AR97: 0.18 | AS97: =AVERAGE(AQ97:AR97) -> 0.15 | BX97: 0.51 | BY97: 0.58 | BZ97: =AVERAGE(BX97:BY97) -> 0.545 | CA97: 0.48
D98: C5 | G98: 0 | H98: 0 | I98: 0 | J98: 0 | K98: 0.94 | L98: 0.135 | M98: 0.11 | N98: 0.12 | O98: 0.49 | P98: 0.39 | Q98: 0.38 | R98: 0.69 | S98: 0.585 | T98: 0.5 | U98: 0.4 | V98: 0.48 | W98: 0.69 | AN98: 0.94 | AO98: 0.21 | AQ98: 0.21 | AR98: 0.06 | AS98: =AVERAGE(AQ98:AR98) -> 0.135 | BX98: 0.69 | BY98: 0.48 | BZ98: =AVERAGE(BX98:BY98) -> 0.585 | CA98: 0.5
D99: C6 Plus | G99: 0 | H99: 0 | I99: 0 | J99: 0 | K99: 0.42 | L99: 0.175 | M99: 0.12 | N99: 0.42 | O99: 0.92 | P99: 0.7 | Q99: 0.63 | R99: 0.45 | S99: 0.525 | T99: 0.53 | U99: 0.48 | V99: 0.82 | W99: 0.93 | AN99: 0.42 | AO99: 0.26 | AQ99: 0.26 | AR99: 0.09 | AS99: =AVERAGE(AQ99:AR99) -> 0.175 | BX99: 0.45 | BY99: 0.6 | BZ99: =AVERAGE(BX99:BY99) -> 0.525 | CA99: 0.53
D100: C4iso/C4 (Total) | G100: 0 | H100: 0 | I100: 0 | J100: 0 | K100: 0.19 | L100: 0.14 | M100: 0.18 | N100: 0.18 | O100: 0.15 | P100: 0.17 | Q100: 0.18 | R100: 0.14 | S100: 0.155 | T100: 0.17 | U100: 0.15 | V100: 0.16 | W100: 0.18 | AN100: 0.19 | AO100: 0.17 | AQ100: 0.17 | AR100: 0.11 | AS100: =AVERAGE(AQ100:AR100) -> 0.14 | BX100: 0.14 | BY100: 0.17 | BZ100: =AVERAGE(BX100:BY100) -> 0.155 | CA100: 0.17
...

Sheet HPS LTO DAILY 
D1: RHCU Pilot Plant Laboratory Worksheet
D2: Batch Name : | F2: MEBU2026'01
D3: Date :
D4: Note : | F4: Repeat Acceptance test
AX5: LS_D3 ART
H6: ABQ3358 (No.3&5) | AX6: 01WT% | AY6: 1 | AZ6: 170.44444
G7: FEED | H7: 1 | I7: 2 | J7: 3 | K7: 4 | L7: 5 | M7: 6 | N7: 7 | O7: 8 | P7: 9 | Q7: 10 | R7: 11 | S7: 12 | T7: 13 | U7: 14 | V7: 15 | W7: 16 | X7: 17 | Y7: 18 | Z7: 19 | AA7: 20 | AB7: 21 | AC7: 22 | AD7: 23 | AE7: 24 | AF7: 25 | AG7: 26 | AH7: 27 | AI7: 28 | AX7: 02WT% | AY7: 2 | AZ7: 197.11111
D8: HPS | G8: ABQ3358 | H8: {='Master Template'!F5:AG5} -> 46077 | I8: 46078 | J8: #VALUE! | K8: #VALUE! | L8: #VALUE! | M8: #VALUE! | N8: #VALUE! | O8: #VALUE! | P8: #VALUE! | Q8: #VALUE! | R8: #VALUE! | S8: 1 | T8: 1 | U8: 1 | V8: 1 | W8: 1 | X8: 1 | Y8: 1 | Z8: 1 | AA8: 1 | AB8: 1 | AC8: 1 | AD8: 0 | AE8: 0 | AF8: 0 | AG8: 0 | AH8: 0 | AI8: 0 | AX8: 03WT% | AY8: 3 | AZ8: 216.05556
D9: SIMDIST | E9: 500 | F9: 560 | G9: FEED | I9: D2 | J9: D3 | K9: D4 | L9: D5 | M9: D6 | N9: D7 | O9: D8 | P9: D9 | Q9: D9-2 | R9: D10 | S9: D12 | T9: D13 | AJ9: HPS API (Degree) | AK9: 4.5 | AL9: -5 | AX9: 04WT% | AY9: 4 | AZ9: 230.11111
D10: 0 | E10: 500 | F10: 560 | G10: 312.8 | H10: 153.4 | I10: 140.2 | J10: 158.7 | K10: 156 | L10: 114.8 | M10: 130.7 | N10: 130.1 | O10: 131.8 | P10: 149.3 | Q10: 135 | R10: 133.1 | S10: 136.2 | T10: 132.6 | AK10: 4.5 | AL10: 105 | AT10: 0 | AU10: 560 | AX10: 05WT% | AY10: 5 | AZ10: 243.72222
D11: 1 | E11: 500 | F11: 560 | G11: 351.4 | H11: 188.1 | I11: 179 | J11: 192.8 | K11: 188.3 | L11: 136.6 | M11: 148.3 | N11: 147.6 | O11: 150.6 | P11: 165.4 | Q11: 153.6 | R11: 152.3 | S11: 155.9 | T11: 154.1 | AJ11: 12.4 | AK11: 10.5 | AT11: 120 | AU11: 560 | AX11: 06WT% | AY11: 6 | AZ11: 254.66667
D12: 2 | E12: 500 | F12: 560 | G12: 389.4 | H12: 226.9 | I12: 220.7 | J12: 227.2 | K12: 222 | L12: 162.6 | M12: 169.4 | N12: 169.2 | O12: 173 | P12: 186.9 | Q12: 177.2 | R12: 176.4 | S12: 179.2 | T12: 177.9 | AJ12: 12.2 | AK12: 10.5 | AX12: 07WT% | AY12: 7 | AZ12: 265.83333
D13: 3 | E13: 500 | F13: 560 | G13: 417.2 | H13: 256 | I13: 247.3 | J13: 252.8 | K13: 244.3 | L13: 182.5 | M13: 185 | N13: 185.1 | O13: 187.1 | P13: 202.1 | Q13: 195 | R13: 194.2 | S13: 196.9 | T13: 195.8 | AJ13: 11.5 | AX13: 08WT% | AY13: 8 | AZ13: 275.55556
D14: 4 | E14: 500 | F14: 560 | G14: 443.3 | H14: 281.5 | I14: 269.8 | J14: 275.4 | K14: 264.9 | L14: 198.3 | M14: 198.7 | N14: 199.1 | O14: 200.7 | P14: 214.3 | Q14: 206.3 | R14: 205.5 | S14: 207.9 | T14: 207.2 | AJ14: 11.3 | AT14: 0 | AU14: 160 | AX14: 09WT% | AY14: 9 | AZ14: 285.94444
D15: 5 | E15: 500 | F15: 560 | G15: 468.2 | H15: 301.5 | I15: 290.8 | J15: 295.8 | K15: 283.3 | L15: 209.6 | M15: 208.3 | N15: 209.4 | O15: 212.7 | P15: 223.4 | Q15: 217.4 | R15: 216.9 | S15: 218.6 | T15: 218.2 | AJ15: 16 | AT15: 120 | AU15: 160 | AX15: 10WT% | AY15: 10 | AZ15: 293.94444
D16: 6 | E16: 500 | F16: 560 | G16: 490.8 | H16: 318.3 | I16: 307.5 | J16: 312.9 | K16: 299.9 | L16: 219.3 | M16: 218 | N16: 219 | O16: 221.5 | P16: 231.3 | Q16: 225.6 | R16: 225.3 | S16: 227.2 | T16: 226.7 | AJ16: 15.8 | AX16: 11WT% | AY16: 11 | AZ16: 301.94444
D17: 7 | E17: 500 | F17: 560 | G17: 507.6 | H17: 332.8 | I17: 322.5 | J17: 327.9 | K17: 314.6 | L17: 227.7 | M17: 225.5 | N17: 226.9 | O17: 229.7 | P17: 241.2 | Q17: 233.7 | R17: 233.4 | S17: 235.7 | T17: 235.3 | AJ17: 15.8 | AT17: 0 | AU17: 360 | AX17: 12WT% | AY17: 12 | AZ17: 309.33333
D18: 8 | E18: 500 | F18: 560 | G18: 519.5 | H18: 345.8 | I18: 336 | J18: 341.7 | K18: 328.2 | L18: 235.7 | M18: 232.6 | N18: 234.4 | O18: 238.2 | P18: 249.7 | Q18: 243.5 | R18: 243.3 | S18: 244.8 | T18: 244.2 | AJ18: 15.8 | AT18: 120 | AU18: 360 | AX18: 13WT% | AY18: 13 | AZ18: 316.44444
D19: 9 | E19: 500 | F19: 560 | G19: 528.6 | H19: 357 | I19: 348.4 | J19: 354.5 | K19: 340.8 | L19: 244.4 | M19: 241.6 | N19: 243.6 | O19: 247.1 | P19: 258.6 | Q19: 251.8 | R19: 251.2 | S19: 253.5 | T19: 252 | AJ19: 15.7 | AX19: 14WT% | AY19: 14 | AZ19: 323.94444
D20: 10 | E20: 500 | F20: 560 | G20: 535.8 | H20: 367.4 | I20: 359.3 | J20: 365.9 | K20: 352.6 | L20: 252.5 | M20: 249.7 | N20: 251.4 | O20: 255.4 | P20: 266.3 | Q20: 260.1 | R20: 259.2 | S20: 261.2 | T20: 258.8 | AJ20: 15.7 | AT20: 0 | AU20: 560 | AX20: 15WT% | AY20: 15 | AZ20: 330.77778
D21: 11 | E21: 500 | F21: 560 | G21: 541.1 | H21: 376.4 | I21: 369.5 | J21: 375.7 | K21: 363 | L21: 260.3 | M21: 257.5 | N21: 259.5 | O21: 263.1 | P21: 274.1 | Q21: 267.5 | R21: 266 | S21: 268.4 | T21: 264.9 | AJ21: 15.6 | AT21: 120 | AU21: 560 | AX21: 16WT% | AY21: 16 | AZ21: 338.05556
D22: 12 | E22: 500 | F22: 560 | G22: 546 | H22: 384.1 | I22: 378.5 | J22: 384.8 | K22: 372.7 | L22: 267.7 | M22: 264.7 | N22: 266.6 | O22: 270.1 | P22: 282 | Q22: 275.7 | R22: 273.7 | S22: 276.2 | T22: 271.7 | AJ22: 15 | AX22: 17WT% | AY22: 17 | AZ22: 344.66667
D23: 13 | E23: 500 | F23: 560 | G23: 551.1 | H23: 391.4 | I23: 386.6 | J23: 393.7 | K23: 381.3 | L23: 275.4 | M23: 271.2 | N23: 274.1 | O23: 277.6 | P23: 289 | Q23: 283 | R23: 281.3 | S23: 283.2 | T23: 278.6 | AJ23: 15.6 | AX23: 18WT% | AY23: 18 | AZ23: 351.44444
D24: 14 | E24: 500 | F24: 560 | G24: 555.7 | H24: 399.5 | I24: 394.8 | J24: 403 | K24: 389.4 | L24: 282.6 | M24: 278 | N24: 281.6 | O24: 284.8 | P24: 295.8 | Q24: 290.5 | R24: 288.3 | S24: 290.6 | T24: 285.1 | AJ24: 15.6 | AX24: 19WT% | AY24: 19 | AZ24: 357.22222
D25: 15 | E25: 500 | F25: 560 | G25: 559.6 | H25: 407.7 | I25: 403 | J25: 411.9 | K25: 398.3 | L25: 289.9 | M25: 284.8 | N25: 288.2 | O25: 291.6 | P25: 301.6 | Q25: 297.6 | R25: 294.8 | S25: 297.3 | T25: 291.5 | AJ25: 15 | AX25: 20WT% | AY25: 20 | AZ25: 363.72222
D26: 16 | E26: 500 | F26: 560 | G26: 563.2 | H26: 414.8 | I26: 411.5 | J26: 419.9 | K26: 407 | L26: 296.8 | M26: 291.2 | N26: 294.3 | O26: 298.1 | P26: 308.2 | Q26: 304.1 | R26: 300.8 | S26: 303.7 | T26: 297.4 | AJ26: 15.1 | AX26: 21WT% | AY26: 21 | AZ26: 369.5
D27: 17 | E27: 500 | F27: 560 | G27: 566.6 | H27: 421.2 | I27: 418.5 | J27: 427.2 | K27: 415 | L27: 303.4 | M27: 297.8 | N27: 300 | O27: 304.6 | P27: 314 | Q27: 310.7 | R27: 307.4 | S27: 310 | T27: 304.1 | AX27: 22WT% | AY27: 22 | AZ27: 375.66667
D28: 18 | E28: 500 | F28: 560 | G28: 569.7 | H28: 427.5 | I28: 425.2 | J28: 434.8 | K28: 422.2 | L28: 310.1 | M28: 303.2 | N28: 306.5 | O28: 310.9 | P28: 320.4 | Q28: 316.3 | R28: 313.2 | S28: 315.5 | T28: 310.5 | AX28: 23WT% | AY28: 23 | AZ28: 381.33333
D29: 19 | E29: 500 | F29: 560 | G29: 572.7 | H29: 433.9 | I29: 431.6 | J29: 442.4 | K29: 429 | L29: 315.8 | M29: 309.1 | N29: 312.8 | O29: 316.2 | P29: 326.8 | Q29: 322.7 | R29: 319.4 | S29: 321.7 | T29: 315.9 | AX29: 24WT% | AY29: 24 | AZ29: 387.44444
D30: 20 | E30: 500 | F30: 560 | G30: 575.6 | H30: 440.4 | I30: 438.9 | J30: 449.8 | K30: 436.5 | L30: 322.3 | M30: 314.4 | N30: 318.1 | O30: 322.4 | P30: 332 | Q30: 328.4 | R30: 325.8 | S30: 327.3 | T30: 322.1 | AX30: 25WT% | AY30: 25 | AZ30: 392.88889
D31: 21 | E31: 500 | F31: 560 | G31: 578.6 | H31: 446.9 | I31: 445.8 | J31: 456.7 | K31: 443.7 | L31: 328 | M31: 320.4 | N31: 324.1 | O31: 328 | P31: 337.9 | Q31: 334.6 | R31: 331.1 | S31: 333.2 | T31: 327.5 | AX31: 26WT% | AY31: 26 | AZ31: 398.72222
D32: 22 | E32: 500 | F32: 560 | G32: 581.5 | H32: 453.1 | I32: 452.2 | J32: 463.4 | K32: 450.7 | L32: 334.2 | M32: 326.2 | N32: 329.1 | O32: 333.7 | P32: 342.9 | Q32: 340.7 | R32: 337 | S32: 339 | T32: 333.7 | AX32: 27WT% | AY32: 27 | AZ32: 403.88889
D33: 23 | E33: 500 | F33: 560 | G33: 584.4 | H33: 458.9 | I33: 458.4 | J33: 470.3 | K33: 457.1 | L33: 339.9 | M33: 331 | N33: 334.8 | O33: 339.6 | P33: 348.2 | Q33: 345.7 | R33: 342.1 | S33: 343.9 | T33: 339.7 | AX33: 28WT% | AY33: 28 | AZ33: 409.44444
D34: 24 | E34: 500 | F34: 560 | G34: 587.3 | H34: 464.7 | I34: 464.7 | J34: 477.3 | K34: 463.4 | L34: 345.7 | M34: 336.5 | N34: 340.4 | O34: 344.4 | P34: 353.1 | Q34: 350.7 | R34: 347.5 | S34: 348.8 | T34: 344.7 | AX34: 29WT% | AY34: 29 | AZ34: 414.61111
D35: 25 | E35: 500 | F35: 560 | G35: 590.1 | H35: 471.1 | I35: 471.2 | J35: 483.9 | K35: 470 | L35: 351.5 | M35: 341.8 | N35: 345.2 | O35: 349.3 | P35: 357.1 | Q35: 355.1 | R35: 352.4 | S35: 353.2 | T35: 350.3 | AX35: 30WT% | AY35: 30 | AZ35: 420
D36: 26 | E36: 500 | F36: 560 | G36: 592.9 | H36: 477.3 | I36: 477.8 | J36: 489.9 | K36: 476.5 | L36: 356.4 | M36: 346.3 | N36: 349.8 | O36: 353.8 | P36: 361.8 | Q36: 359.7 | R36: 356.5 | S36: 357.6 | T36: 355.4 | AX36: 31WT% | AY36: 31 | AZ36: 424.94444
D37: 27 | E37: 500 | F37: 560 | G37: 595.7 | H37: 483.3 | I37: 483.9 | J37: 495.8 | K37: 482.8 | L37: 362 | M37: 350.8 | N37: 354.2 | O37: 358 | P37: 366.1 | Q37: 364.6 | R37: 361.1 | S37: 362.2 | T37: 360.5 | AX37: 32WT% | AY37: 32 | AZ37: 430.27778
D38: 28 | E38: 500 | F38: 560 | G38: 598.4 | H38: 488.9 | I38: 489.7 | J38: 501.6 | K38: 488.5 | L38: 367.1 | M38: 354.8 | N38: 358.3 | O38: 362.6 | P38: 370.9 | Q38: 369 | R38: 365.4 | S38: 366.4 | T38: 365.9 | AX38: 33WT% | AY38: 33 | AZ38: 435.33333
... D67: 57 | E67: 500 | F67: 560 | G67: 712.9 | H67: 604.9 | I67: 603.4 | J67: 610 | K67: 594 | L67: 508.7 | M67: 482.4 | N67: 487.9 | O67: 494.4 | P67: 504 | Q67: 504.6 | R67: 499.4 | S67: 498.3 | T67: 494.7 | AX67: 62WT% | AY67: 62 | AZ67: 566.27778
D68: 58 | E68: 500 | F68: 560 | G68: - | H68: 608.6 | I68: 606.9 | J68: 613.5 | K68: 596.8 | L68: 513.5 | M68: 486.8 | N68: 492.3 | O68: 498.7 | P68: 508.4 | Q68: 509.1 | R68: 503.8 | S68: 502.6 | T68: 499.2 | AX68: 63WT% | AY68: 63 | AZ68: 569.77778
D69: 59 | E69: 500 | F69: 560 | G69: - | H69: 612.2 | I69: 610.3 | J69: 617.1 | K69: 599.7 | L69: 518.2 | M69: 491.2 | N69: 496.6 | O69: 503.1 | P69: 512.7 | Q69: 513.5 | R69: 508.2 | S69: 507 | T69: 503.5 | AX69: 64WT% | AY69: 64 | AZ69: 573.22222
D70: 60 | E70: 500 | F70: 560 | G70: - | H70: 615.9 | I70: 613.7 | J70: 620.8 | K70: 602.7 | L70: 522.9 | M70: 495.5 | N70: 500.9 | O70: 507.4 | P70: 517 | Q70: 517.9 | R70: 512.6 | S70: 511.3 | T70: 508 | AX70: 65WT% | AY70: 65 | AZ70: 576.77778
D71: 61 | E71: 500 | F71: 560 | G71: - | H71: 619.7 | I71: 617.3 | J71: 624.6 | K71: 605.8 | L71: 527.9 | M71: 499.8 | N71: 505.1 | O71: 511.7 | P71: 521.4 | Q71: 522.3 | R71: 517 | S71: 515.6 | T71: 512.2 | AX71: 66WT% | AY71: 66 | AZ71: 580.33333
D72: 62 | E72: 500 | F72: 560 | G72: - | H72: 623.6 | I72: 621.1 | J72: 628.4 | K72: 608.9 | L72: 532.9 | M72: 504 | N72: 509.4 | O72: 516 | P72: 525.9 | Q72: 526.9 | R72: 521.4 | S72: 519.9 | T72: 516.3 | AX72: 67WT% | AY72: 67 | AZ72: 583.94444
D73: 63 | E73: 500 | F73: 560 | G73: - | H73: 627.6 | I73: 624.8 | J73: 632.1 | K73: 612 | L73: 537.3 | M73: 508.4 | N73: 513.7 | O73: 520.4 | P73: 530.3 | Q73: 531.4 | R73: 525.9 | S73: 524.3 | T73: 520.5 | AX73: 68WT% | AY73: 68 | AZ73: 587.33333
D74: 64 | E74: 500 | F74: 560 | G74: - | H74: 631.6 | I74: 628.7 | J74: 636 | K74: 615.2 | L74: 541.6 | M74: 512.6 | N74: 517.9 | O74: 524.7 | P74: 534.7 | Q74: 535.7 | R74: 530.4 | S74: 528.7 | T74: 525 | AX74: 69WT% | AY74: 69 | AZ74: 590.66667
D75: 65 | E75: 500 | F75: 560 | G75: - | H75: 635.6 | I75: 632.4 | J75: 640 | K75: 618.5 | L75: 546.1 | M75: 516.8 | N75: 522.2 | O75: 529.2 | P75: 538.6 | Q75: 539.6 | R75: 534.7 | S75: 533.2 | T75: 529.6 | AX75: 70WT% | AY75: 70 | AZ75: 594.16667
D76: 66 | E76: 500 | F76: 560 | G76: - | H76: 639.9 | I76: 636.2 | J76: 644.3 | K76: 622 | L76: 551.4 | M76: 521.1 | N76: 526.6 | O76: 533.7 | P76: 542.4 | Q76: 543.5 | R76: 538.6 | S76: 537.1 | T76: 534.2 | AX76: 71WT% | AY76: 71 | AZ76: 597.77778
D77: 67 | E77: 500 | F77: 560 | G77: - | H77: 644.5 | I77: 640.2 | J77: 648.8 | K77: 625.4 | L77: 556.6 | M77: 525.5 | N77: 531 | O77: 537.5 | P77: 546.5 | Q77: 548 | R77: 542.5 | S77: 540.9 | T77: 537.9 | AX77: 72WT% | AY77: 72 | AZ77: 601.5
D78: 68 | E78: 500 | F78: 560 | G78: - | H78: 649.1 | I78: 644.5 | J78: 653.2 | K78: 628.9 | L78: 561.3 | M78: 529.9 | N78: 535.2 | O78: 541.3 | P78: 551.3 | Q78: 552.8 | R78: 546.7 | S78: 544.8 | T78: 541.5 | AX78: 73WT% | AY78: 73 | AZ78: 605.33333
D79: 69 | E79: 500 | F79: 560 | G79: - | H79: 653.9 | I79: 648.9 | J79: 657.5 | K79: 632.3 | L79: 566.1 | M79: 534.3 | N79: 539 | O79: 545.2 | P79: 556.1 | Q79: 557.4 | R79: 551.5 | S79: 549.5 | T79: 545.1 | AX79: 74WT% | AY79: 74 | AZ79: 609.22222
... D85: 75 | E85: 500 | F85: 560 | G85: - | H85: 704.6 | I85: 682.1 | J85: 695.9 | K85: 656.2 | L85: 595.6 | M85: 559.5 | N85: 564.5 | O85: 571.2 | P85: 580.8 | Q85: 582.7 | R85: 577 | S85: 575 | T85: 571.7 | AX85: 80WT% | AY85: 80 | AZ85: 633.88889
D86: 76 | E86: 500 | F86: 560 | G86: - | H86: - | I86: 689 | J86: 703.9 | K86: 661.4 | L86: 601.2 | M86: 563.6 | N86: 568.5 | O86: 575.2 | P86: 585.2 | Q86: 587.1 | R86: 581.4 | S86: 579.3 | T86: 575.8 | AX86: 81WT% | AY86: 81 | AZ86: 638.44444
D87: 77 | E87: 500 | F87: 560 | G87: - | H87: - | I87: 695.7 | J87: 713.1 | K87: 667.6 | L87: 607.2 | M87: 567.7 | N87: 572.4 | O87: 579.5 | P87: 589.7 | Q87: 591.7 | R87: 585.9 | S87: 583.8 | T87: 580 | AX87: 82WT% | AY87: 82 | AZ87: 643.33333
D88: 78 | E88: 500 | F88: 560 | G88: - | H88: - | I88: 703.8 | J88: - | K88: 674 | L88: 613.3 | M88: 571.7 | N88: 576.5 | O88: 583.9 | P88: 594.2 | Q88: 596.3 | R88: 590.4 | S88: 588.3 | T88: 584.4 | AX88: 83WT% | AY88: 83 | AZ88: 648.66667
D89: 79 | E89: 500 | F89: 560 | G89: - | H89: - | I89: 713.1 | J89: - | K89: 682.9 | L89: 620 | M89: 575.7 | N89: 580.8 | O89: 588.4 | P89: 598.9 | Q89: 601.1 | R89: 595.1 | S89: 592.9 | T89: 588.8 | AX89: 84WT% | AY89: 84 | AZ89: 654.22222
D90: 80 | E90: 500 | F90: 560 | G90: - | H90: - | I90: - | J90: - | K90: 693.6 | L90: 627.2 | M90: 580 | N90: 585.1 | O90: 592.9 | P90: 603.9 | Q90: 606.3 | R90: 599.9 | S90: 597.6 | T90: 593.4 | AX90: 85WT% | AY90: 85 | AZ90: 659.88889
D91: 81 | E91: 500 | F91: 560 | G91: - | H91: - | I91: - | J91: - | K91: - | L91: 634.5 | M91: 584.5 | N91: 589.6 | O91: 597.6 | P91: 609.1 | Q91: 611.7 | R91: 605.1 | S91: 602.7 | T91: 598.1 | AX91: 86WT% | AY91: 86 | AZ91: 667.05556
D92: 82 | E92: 500 | F92: 560 | G92: - | H92: - | I92: - | J92: - | K92: - | L92: 642.8 | M92: 588.9 | N92: 594.1 | O92: 602.6 | P92: 614.5 | Q92: 617.4 | R92: 610.5 | S92: 608.1 | T92: 603.2 | AX92: 87WT% | AY92: 87 | AZ92: 674.27778
D93: 83 | E93: 500 | F93: 560 | G93: - | H93: - | I93: - | J93: - | K93: - | L93: 652 | M93: 593.5 | N93: 598.8 | O93: 607.9 | P93: 620.4 | Q93: 623.5 | R93: 616.1 | S93: 613.6 | T93: 608.5 | AX93: 88WT% | AY93: 88 | AZ93: 683.27778
D94: 84 | E94: 500 | F94: 560 | G94: - | H94: - | I94: - | J94: - | K94: - | L94: 662.7 | M94: 598.2 | N94: 603.8 | O94: 613.3 | P94: 626.4 | Q94: 629.6 | R94: 622.4 | S94: 619.6 | T94: 614 | AX94: 89WT% | AY94: 89 | AZ94: 692.83333
D95: 85 | E95: 500 | F95: 560 | G95: - | H95: - | I95: - | J95: - | K95: - | L95: 677.1 | M95: 603.2 | N95: 609 | O95: 619.2 | P95: 632.5 | Q95: 636 | R95: 628.5 | S95: 625.8 | T95: 619.9 | AX95: 90WT% | AY95: 90 | AZ95: 705.27778
D96: 86 | E96: 500 | F96: 560 | G96: - | H96: - | I96: - | J96: - | K96: - | L96: 695.1 | M96: 608.6 | N96: 614.4 | O96: 625.3 | P96: 639.3 | Q96: 643.2 | R96: 635 | S96: 632.3 | T96: 626.2 | AX96: 91WT% | AY96: 91 | AZ96: 726.05556
D97: 87 | E97: 500 | F97: 560 | G97: - | H97: - | I97: - | J97: - | K97: - | L97: - | M97: 614 | N97: 620.4 | O97: 631.5 | P97: 646.7 | Q97: 651 | R97: 642.3 | S97: 639.3 | T97: 632.6 | AX97: 92WT% | AY97: 92
D98: 88 | E98: 500 | F98: 560 | G98: - | H98: - | I98: - | J98: - | K98: - | L98: - | M98: 620 | N98: 626.4 | O98: 638.2 | P98: 654.3 | Q98: 659.1 | R98: 650.1 | S98: 647.2 | T98: 639.5 | AX98: 93WT% | AY98: 93
D99: 89 | E99: 500 | F99: 560 | G99: - | H99: - | I99: - | J99: - | K99: - | L99: - | M99: 626.1 | N99: 632.6 | O99: 645.7 | P99: 663.4 | Q99: 670.2 | R99: 658.3 | S99: 655.3 | T99: 647.3 | AX99: 94WT% | AY99: 94
D100: 90 | E100: 500 | F100: 560 | G100: - | H100: - | I100: - | J100: - | K100: - | L100: - | M100: 632.4 | N100: 639.4 | O100: 653.5 | P100: 674.2 | Q100: 682.2 | R100: 669.6 | S100: 665.6 | T100: 655.3 | AX100: 95WT% | AY100: 95
D101: 91 | E101: 500 | F101: 560 | G101: - | H101: - | I101: - | J101: - | K101: - | L101: - | M101: 639.3 | N101: 646.8 | O101: 662.4 | P101: 686.8 | Q101: 695 | R101: 681.9 | S101: 677.8 | T101: 665.3 | AX101: 96WT% | AY101: 96
D102: 92 | E102: 500 | F102: 560 | G102: - | H102: - | I102: - | J102: - | K102: - | L102: - | M102: 646.9 | N102: 654.6 | O102: 673.4 | P102: 700.2 | Q102: 711.1 | R102: 695.1 | S102: 692 | T102: 676.8 | AX102: 97WT% | AY102: 97
D103: 93 | E103: 500 | F103: 560 | G103: - | H103: - | I103: - | J103: - | K103: - | L103: - | M103: 654.8 | N103: 663.9 | O103: 686.1 | P103: 716.3 | Q103: - | R103: 712.1 | S103: 708.1 | T103: 690.3 | AX103: 98WT% | AY103: 98
D104: 94 | E104: 500 | F104: 560 | G104: - | H104: - | I104: - | J104: - | K104: - | L104: - | M104: 664.4 | N104: 674.9 | O104: 699.7 | P104: - | Q104: - | R104: - | T104: 704.3 | AX104: 99WT% | AY104: 99
D105: 95 | E105: 500 | F105: 560 | G105: - | H105: - | I105: - | J105: - | K105: - | L105: - | M105: 675.6 | N105: 688 | O105: 715.6 | P105: - | Q105: - | R105: - | T105: -
D106: 96 | E106: 500 | F106: 560 | G106: - | H106: - | I106: - | J106: - | K106: - | L106: - | M106: 688.9 | N106: 701.7 | O106: - | P106: - | Q106: - | R106: - | T106: -
D107: 97 | E107: 500 | F107: 560 | G107: - | H107: - | I107: - | J107: - | K107: - | L107: - | M107: 702.8 | N107: 718.8 | O107: - | P107: - | Q107: - | R107: - | T107: -
D108: 98 | E108: 500 | F108: 560 | G108: - | H108: - | I108: - | J108: - | K108: - | L108: - | M108: - | N108: - | O108: - | P108: - | Q108: - | R108: - | T108: -
D109: 99 | E109: 500 | F109: 560 | G109: - | H109: - | I109: - | J109: - | K109: - | L109: - | M109: - | N109: - | O109: - | P109: - | Q109: - | R109: - | T109: -
D110: 100 | E110: 500 | F110: 560 | G110: - | H110: - | I110: - | J110: - | K110: - | L110: - | M110: - | N110: - | O110: - | P110: - | Q110: - | R110: - | T110: -
H112: ABQ3358
H113: 1 | I113: 2 | J113: 3 | K113: 4 | L113: 5 | M113: 6 | N113: 7 | O113: 8 | P113: 9 | Q113: 10 | R113: 11 | S113: 12 | T113: 13 | U113: 14 | V113: 15 | W113: 16 | X113: 17 | Y113: 18 | Z113: 19 | AA113: 20 | AB113: 21 | AC113: 22 | AD113: 23 | AE113: 24 | AF113: 25 | AG113: 26 | AH113: 27 | AI113: 28
D114: LTO | I114: D1.5 | J114: 46086 | K114: 46087 | L114: 46088
D115: SIMDIST | Q115: D9-2 | R115: D10 | S115: D12 | T115: D13
D116: 0 | I116: 71.4 | J116: 39 | K116: 43.8 | L116: 69.4 | M116: 38.7 | N116: 70.2 | O116: 55.8 | P116: 69.1 | Q116: 75.8 | R116: 57.5 | S116: 60.4 | T116: 68.1
D117: 1 | I117: 88.1 | J117: 57.6 | K117: 60.6 | L117: 85.8 | M117: 57.5 | N117: 88.9 | O117: 69.3 | P117: 78.2 | Q117: 90.8 | R117: 69.8 | S117: 70.5 | T117: 82.3
D118: 2 | I118: 98.5 | J118: 69.5 | K118: 70 | L118: 98.2 | M118: 69.7 | N118: 99.8 | O118: 88.4 | P118: 93.4 | Q118: 102.6 | R118: 89.6 | S118: 90.4 | T118: 97.1
D119: 3 | I119: 99.2 | J119: 83.9 | K119: 85 | L119: 102.7 | M119: 84.4 | N119: 114 | O119: 98.7 | P119: 99.5 | Q119: 114.5 | R119: 99 | S119: 99.1 | T119: 101
D120: 4 | I120: 99.6 | J120: 88.6 | K120: 89.4 | L120: 112.6 | M120: 89.3 | N120: 118.4 | O120: 103.7 | P120: 105.8 | Q120: 118.8 | R120: 104.3 | S120: 104.8 | T120: 113.3
D121: 5 | I121: 99.9 | J121: 95.1 | K121: 96.1 | L121: 116.7 | M121: 97.5 | N121: 126.6 | O121: 114.8 | P121: 115.7 | Q121: 126.5 | R121: 115.5 | S121: 115.8 | T121: 117.3
D122: 6 | I122: 100.3 | J122: 99 | K122: 99.2 | L122: 119.7 | M122: 99.3 | N122: 127.6 | O122: 118.1 | P122: 118.5 | Q122: 127.8 | R122: 118.4 | S122: 118.8 | T122: 122.6
D123: 7 | I123: 104.2 | J123: 102.8 | K123: 102.5 | L123: 126.7 | M123: 103.2 | N123: 133.9 | O123: 124.2 | P123: 123.8 | Q123: 133.9 | R123: 125.3 | S123: 126.1 | T123: 127.1
D124: 8 | I124: 113.8 | J124: 106.3 | K124: 105.7 | L124: 127.6 | M124: 106.9 | N124: 138.7 | O124: 127.3 | P124: 127.3 | Q124: 138.7 | R124: 127.4 | S124: 127.5 | T124: 128.1
D125: 9 | I125: 117.1 | J125: 114.5 | K125: 114.1 | L125: 133.2 | M125: 115.3 | N125: 141.8 | O125: 128.8 | P125: 128.3 | Q125: 142 | R125: 129.4 | S125: 130.5 | T125: 134.2
D126: 10 | I126: 121.8 | J126: 117.2 | K126: 117 | L126: 135.9 | M126: 117.6 | N126: 144.2 | O126: 134.7 | P126: 133.9 | Q126: 144.6 | R126: 134.9 | S126: 135.2 | T126: 138.8
D127: 11 | I127: 127.2 | J127: 119.7 | K127: 119.2 | L127: 140.6 | M127: 120.1 | N127: 147 | O127: 139.4 | P127: 137.6 | Q127: 147.5 | R127: 140 | S127: 140.3 | T127: 141.8
... D216: 100 | I216: 479.3 | J216: 472 | K216: 471.4 | L216: 470.4 | M216: 454.1 | N216: 458.4 | O216: 456.5 | P216: 456.5 | Q216: 471.8 | R216: 461 | S216: 456.6 | T216: 456.9
H219: ABQ3358
H220: 1 | I220: 2 | J220: 3 | K220: 4 | L220: 5 | M220: 6 | N220: 7 | O220: 8 | P220: 9 | Q220: 10 | R220: 11 | S220: 12 | T220: 13 | U220: 14 | V220: 15 | W220: 16 | X220: 17 | Y220: 18 | Z220: 19 | AA220: 20 | AB220: 21 | AC220: 22 | AD220: 23 | AE220: 24 | AF220: 25 | AG220: 26 | AH220: 27 | AI220: 28
D221: ISV
D222: SIMDIST
D223: 0 | I223: 99.5
D224: 1 | I224: 104.7
...

Sheet Master Template
F2: VR | AM2: ISV | BL2: HPS: ABQ3358(Aging) | BP2: HPS | CO2: LTO | CS2: LTO | DS2: High Gas | DW2: High Gas | EV2: Low Gas | EZ2: Low Gas
F3: Aging-ABQ3358 | BL3: Aging-ABQ3358 | CO3: Aging-ABQ3358(Aging) | DS3: Aging-ABQ3358 | EV3: Aging- ABQ3358
C4: Pilot Plant Operation---> | F4: 46076 | G4: 46077 | H4: 04/03/2026 | I4: 05/03/2026 | J4: 07/03/2026 | K4: 08/03/2026 | L4: 09/03/2026 | M4: 10/03/2026 | N4: 13/03/2026 | O4: 14/03/2026 | P4: 15/03/2026
C5: Lab Date (Sample Day)--> | F5: =F4+1 -> 46077 | G5: =G4+1 -> 46078 | H5: =H4+1 -> #VALUE! | I5: =I4+1 -> #VALUE! | J5: =J4+1 -> #VALUE! | K5: =K4+1 -> #VALUE! | L5: =L4+1 -> #VALUE! | M5: =M4+1 -> #VALUE! | ... AA5: =AA4+1 -> 1
C6: Day on stream--> | F6: 1 | G6: 2 | H6: 3 | I6: 4 | J6: 5 | K6: 6 | L6: 7 | M6: 8 | N6: 9 | O6: 10 | P6: 11 | Q6: 12 | R6: 13 | S6: 14 | T6: 15 | U6: 16 | V6: 17 | W6: 18 | X6: 19 | Y6: 20 | Z6: 21 | AA6: 22 | AB6: 23 | AC6: 24 | AD6: 25 | AE6: 26 | AF6: 27 | AG6: 28 | AI6: 1 | AJ6: 2 | AK6: 3 | AL6: 4 | AM6: 5 | AN6: 6 | AO6: 7 | AP6: 8 | AQ6: 9 | AR6: 10 | AS6: 11 | AT6: 12 | AU6: 13 | AV6: 14 | AW6: 15 | AX6: 16 | AY6: 17 | AZ6: 18 | BA6: 19 | BB6: 20 | BC6: 21 | BD6: 22 | BE6: 23 | BF6: 24 | BG6: 25 | BH6: 26 | BI6: 27 | BJ6: 28 | BL6: 1 | BM6: 2 | BN6: 3 | BO6: 4 | BP6: 5 | BQ6: 6 | BR6: 7 | BS6: 8 | BT6: 9 | BU6: 10 | BV6: 11 | BW6: 12 | BX6: 13 | BY6: 14 | BZ6: 15 | CA6: 16 | CB6: 17 | CC6: 18 | CD6: 19 | CE6: 20 | CF6: 21 | CG6: 22 | CH6: 23 | CI6: 24 | CJ6: 25 | CK6: 26 | CL6: 27 | CM6: 28 | CO6: 1 | CP6: 2 | CQ6: 3 | CR6: 4 | CS6: 5 | CT6: 6 | CU6: 7 | CV6: 8 | CW6: 9 | CX6: 10 | CY6: 11 | CZ6: 12 | DA6: 13 | DB6: 14 | DC6: 15 | DD6: 16 | DE6: 17 | DF6: 18 | DG6: 19 | DH6: 20 | DI6: 21 | DJ6: 22 | DK6: 23 | DL6: 24 | DM6: 25 | DN6: 26 | DO6: 27 | DP6: 28 | DS6: 1 | DT6: 2 | DU6: 3 | DV6: 4 | DW6: 5 | DX6: 6 | DY6: 7 | DZ6: 8 | EA6: 9 | EB6: 10 | EC6: 11 | ED6: 12 | EE6: 13 | EF6: 14 | EG6: 15 | EH6: 16 | EI6: 17 | EJ6: 18 | EK6: 19 | EL6: 20 | EM6: 21 | EN6: 22 | EO6: 23 | EP6: 24 | EQ6: 25 | ER6: 26 | ES6: 27 | ET6: 28 | EV6: 1 | EW6: 2 | EX6: 3 | EY6: 4 | EZ6: 5 | FA6: 6 | FB6: 7 | FC6: 8 | FD6: 9 | FE6: 10 | FF6: 11 | FG6: 12 | FH6: 13 | FI6: 14 | FJ6: 15 | FK6: 16 | FL6: 17 | FM6: 18 | FN6: 19 | FO6: 20 | FP6: 21 | FQ6: 22 | FR6: 23 | FS6: 24 | FT6: 25 | FU6: 26 | FV6: 27 | FW6: 28
F7: %wt | J7: %wt | P7: %wt | AI7: %wt | AM7: %wt | AS7: %wt | BL7: %wt | BP7: %wt | BV7: %wt | CO7: %wt | CS7: %wt | CY7: %wt | DS7: %wt | DW7: %wt | EC7: %wt | EV7: %vol(mol) | EZ7: %vol(mol) | FF7: %vol(mol)
C8: IBP-90 | F8: {='HPS DAILY'!$G$66:$G$73} -> 0 | G8: {='HPS DAILY'!$G$66:$G$73} -> 0 | H8: {='HPS DAILY'!$G$66:$G$73} -> 0 | I8: {='HPS DAILY'!$G$66:$G$73} -> 0 | J8: {='HPS DAILY'!$H$66:$H$73} -> 0 | K8: {='HPS DAILY'!$H$66:$H$73} -> 0 | L8: {='HPS DAILY'!$H$66:$H$73} -> 0 | M8: {='HPS DAILY'!$H$66:$H$73} -> 0 | N8: {='HPS DAILY'!$H$66:$H$73} -> 0 | O8: {='HPS DAILY'!$H$66:$H$73} -> 0 | P8: {='HPS DAILY'!$H$66:$H$73} -> 0 | Q8: {='HPS DAILY'!$H$66:$H$73} -> 0 | ... W8: {='HPS DAILY'!$H$66:$H$73} -> 0 | X8: {='HPS DAILY'!$G$66:$G$73} -> 0 | Y8: {='HPS DAILY'!$G$66:$G$73} -> 0 | Z8: {='HPS DAILY'!$G$66:$G$73} -> 0 | AA8: {='HPS DAILY'!$G$66:$G$73} -> 0 | AB8: {='HPS DAILY'!$J$66:$J$73} -> 0 | AC8: {='HPS DAILY'!$J$66:$J$73} -> 0 | AD8: {='HPS DAILY'!$J$66:$J$73} -> 0 | AE8: {='HPS DAILY'!$J$66:$J$73} -> 0 | AF8: {='HPS DAILY'!$J$66:$J$73} -> 0 | AG8: {='HPS DAILY'!$J$66:$J$73} -> 0 | AI8: {=ISV!G65:G$72} -> 0 | AJ8: {=ISV!H65:H$72} -> 0.2 | AK8: {=ISV!I65:I$72} -> 0 | AL8: {=ISV!J65:J$72} -> 0 | AM8: {=ISV!K65:K$72} -> 0 | AN8: {=ISV!L65:L$72} -> 0 | AO8: {=ISV!M65:M$72} -> 0 | AP8: {=ISV!N65:N$72} -> 0 | ... BJ8: {=ISV!AH65:AH$72} -> 0 | BL8: {='HPS DAILY'!K$66:K$73} -> 0.116 | BM8: {='HPS DAILY'!L$66:L$73} -> 0.146 | BN8: {='HPS DAILY'!M$66:M$73} -> 0.073666667 | BO8: {='HPS DAILY'!N$66:N$73} -> 0.051 | BP8: {='HPS DAILY'!O$66:O$73} -> 0.034 | BQ8: {='HPS DAILY'!P$66:P$73} -> 0.044 | BR8: {='HPS DAILY'!Q$66:Q$73} -> 0.048 | BS8: {='HPS DAILY'!R$66:R$73} -> 0.031 | ... CM8: {='HPS DAILY'!AL$66:AL$73} -> 0 | CO8: {='LTO DAILY'!H$55:H$62} -> 0 | CP8: {='LTO DAILY'!I$55:I$62} -> 1.2 | CQ8: {='LTO DAILY'!J$55:J$62} -> 4.3 | CR8: {='LTO DAILY'!K$55:K$62} -> 4.1 | CS8: {='LTO DAILY'!L$55:L$62} -> 1.5 | CT8: {='LTO DAILY'!M$55:M$62} -> 4.2 | CU8: {='LTO DAILY'!N$55:N$62} -> 1.1 | CV8: {='LTO DAILY'!O$55:O$62} -> 2.2 | ... DP8: {='LTO DAILY'!AI$55:AI$62} -> 0 | DR8: H2 | DS8: {='HPS DAILY'!K106:K112} -> 59.08 | DT8: {='HPS DAILY'!L106:L112} -> 73.825 | DU8: {='HPS DAILY'!M106:M112} -> 72.11 | DV8: {='HPS DAILY'!N106:N112} -> 73.02 | DW8: {='HPS DAILY'!O106:O112} -> 49.76 | DX8: {='HPS DAILY'!P106:P112} -> 79.96 | DY8: {='HPS DAILY'!Q106:Q112} -> 51.72 | DZ8: {='HPS DAILY'!R106:R112} -> 51.87 | ... ET8: {='HPS DAILY'!AL106:AL112} -> 0 | EV8: {='HPS DAILY'!K$93:K$99} -> 18.73 | EW8: =EX8 -> 2.51 | EX8: {='HPS DAILY'!M$93:M$99} -> 2.51 | EY8: {='HPS DAILY'!N$93:N$99} -> 1.03 | EZ8: {='HPS DAILY'!O$93:O$99} -> 1.29 | FA8: {='HPS DAILY'!P$93:P$99} -> 1.42 | FB8: {='HPS DAILY'!Q$93:Q$99} -> 1.61 | FC8: {='HPS DAILY'!R$93:R$99} -> 0.96 | FD8: {='HPS DAILY'!S$93:S$99} -> 1.66 | FE8: {='HPS DAILY'!T$93:T$99} -> 1.29 | ... FW8: {='HPS DAILY'!AL$93:AL$99} -> 0 | FX8: H2
C9: 90-160 | F9: 0 | G9: 0 | H9: 0 | I9: 0 | J9: 0 | K9: 0 | L9: 0 | M9: 0 | N9: 0 | O9: 0 | P9: 0 | Q9: 0 | R9: 0 | S9: 0 | T9: 0 | U9: 0 | V9: 0 | W9: 0 | X9: 0 | Y9: 0 | Z9: 0 | AA9: 0 | AB9: 0 | AC9: 0 | AD9: 0 | AE9: 0 | AF9: 0 | AG9: 0 | AI9: 0 | AJ9: 12.389 | AK9: 0 | AL9: 0 | AM9: 0 | AN9: 0 | AO9: 0 | AP9: 0 | AQ9: 0 | AR9: 0 | AS9: 0 | AT9: 0 | AU9: 0 | AV9: 0 | AW9: 0 | AX9: 0 | AY9: 0 | AZ9: 0 | BA9: 0 | BB9: 0 | BC9: 0 | BD9: 0 | BE9: 0 | BF9: 0 | BG9: 0 | BH9: 0 | BI9: 0 | BJ9: 0 | BL9: 0.508 | BM9: 0.49 | BN9: 0.462 | BO9: 0.496 | BP9: 1.42 | BQ9: 1.446 | BR9: 1.454 | BS9: 1.411 | BT9: 1.0025 | BU9: 1.212 | BV9: 1.112 | BW9: 1.089 | BX9: 1.095 | BY9: 0 | BZ9: 0 | CA9: 0 | CB9: 0 | CC9: 0 | CD9: 0 | CE9: 0 | CF9: 0 | CG9: 0 | CH9: 0 | CI9: 0 | CJ9: 0 | CK9: 0 | CL9: 0 | CM9: 0 | CO9: 0 | CP9: 19.2 | CQ9: 18.7 | CR9: 20.1 | CS9: 17 | CT9: 19.8 | CU9: 14.5 | CV9: 16.6 | CW9: 15.125 | CX9: 16.4 | CY9: 14.7 | CZ9: 16.7 | DA9: 16.4 | DB9: 0 | DC9: 0 | DD9: 0 | DE9: 0 | DF9: 0 | DG9: 0 | DH9: 0 | DI9: 0 | DJ9: 0 | DK9: 0 | DL9: 0 | DM9: 0 | DN9: 0 | DO9: 0 | DP9: 0 | DR9: CH4 | DS9: 5.22 | DT9: 5.795 | DU9: 6.47 | DV9: 6.75 | DW9: 14.86 | DX9: 14.57 | DY9: 13.73 | DZ9: 13.88 | EA9: 13.88 | EB9: 13.33 | EC9: 13.77 | ED9: 13.56 | EE9: 13.7 | EF9: 0 | EG9: 0 | EH9: 0 | EI9: 0 | EJ9: 0 | EK9: 0 | EL9: 0 | EM9: 0 | EN9: 0 | EO9: 0 | EP9: 0 | EQ9: 0 | ER9: 0 | ES9: 0 | ET9: 0 | EV9: 0.74 | EW9: =EX9 -> 0.06 | EX9: 0.06 | EY9: 0.03 | EZ9: 0.08 | FA9: 0.17 | FB9: 0.18 | FC9: 0.05 | FD9: 0.14 | FE9: 0.08 | FF9: 0.03 | FG9: 0.04 | FH9: 0.14 | FI9: 0 | FJ9: 0 | FK9: 0 | FL9: 0 | FM9: 0 | FN9: 0 | FO9: 0 | FP9: 0 | FQ9: 0 | FR9: 0 | FS9: 0 | FT9: 0 | FU9: 0 | FV9: 0 | FW9: 0 | FX9: CH4
C10: 160-250 | F10: 0 | G10: 0 | H10: 0 | I10: 0 | J10: 0 | K10: 0 | L10: 0 | M10: 0 | N10: 0 | O10: 0 | P10: 0 | Q10: 0 | R10: 0 | S10: 0 | T10: 0 | U10: 0 | V10: 0 | W10: 0 | X10: 0 | Y10: 0 | Z10: 0 | AA10: 0 | AB10: 0 | AC10: 0 | AD10: 0 | AE10: 0 | AF10: 0 | AG10: 0 | AI10: 0 | AJ10: 1.609 | AK10: 0 | AL10: 0 | AM10: 0 | AN10: 0 | AO10: 0 | AP10: 0 | AQ10: 0 | AR10: 0 | AS10: 0 | AT10: 0 | AU10: 0 | AV10: 0 | AW10: 0 | AX10: 0 | AY10: 0 | AZ10: 0 | BA10: 0 | BB10: 0 | BC10: 0 | BD10: 0 | BE10: 0 | BF10: 0 | BG10: 0 | BH10: 0 | BI10: 0 | BJ10: 0 | BL10: 2.4005 | BM10: 2.302 | BN10: 2.344 | BO10: 2.733 | BP10: 8.318 | BQ10: 8.582 | BR10: 8.332 | BS10: 8.017 | BT10: 7.4415 | BU10: 7.629 | BV10: 7.645 | BW10: 7.537 | BX10: 7.6 | BY10: 0 | BZ10: 0 | CA10: 0 | CB10: 0 | CC10: 0 | CD10: 0 | CE10: 0 | CF10: 0 | CG10: 0 | CH10: 0 | CI10: 0 | CJ10: 0 | CK10: 0 | CL10: 0 | CM10: 0 | CO10: 0 | CP10: 35.5 | CQ10: 36.6 | CR10: 37.9 | CS10: 42.1 | CT10: 41.1 | CU10: 45.3 | CV10: 43.9 | CW10: 40.55 | CX10: 42.8 | CY10: 45.3 | CZ10: 44.3 | DA10: 44.6 | DB10: 0 | DC10: 0 | DD10: 0 | DE10: 0 | DF10: 0 | DG10: 0 | DH10: 0 | DI10: 0 | DJ10: 0 | DK10: 0 | DL10: 0 | DM10: 0 | DN10: 0 | DO10: 0 | DP10: 0 | DR10: C2H6 | DS10: 4.28 | DT10: 4.46 | DU10: 5.32 | DV10: 5.57 | DW10: 11.82 | DX10: 11.6 | DY10: 10.77 | DZ10: 11.05 | EA10: 11.05 | EB10: 10.86 | EC10: 10.98 | ED10: 10.78 | EE10: 10.76 | EF10: 0 | EG10: 0 | EH10: 0 | EI10: 0 | EJ10: 0 | EK10: 0 | EL10: 0 | EM10: 0 | EN10: 0 | EO10: 0 | EP10: 0 | EQ10: 0 | ER10: 0 | ES10: 0 | ET10: 0 | EV10: 0.54 | EW10: =EX10 -> 0.11 | EX10: 0.11 | EY10: 0.05 | EZ10: 0.14 | FA10: 0.27 | FB10: 0.3 | FC10: 0.1 | FD10: 0.225 | FE10: 0.14 | FF10: 0.05 | FG10: 0.06 | FH10: 0.26 | FI10: 0 | FJ10: 0 | FK10: 0 | FL10: 0 | FM10: 0 | FN10: 0 | FO10: 0 | FP10: 0 | FQ10: 0 | FR10: 0 | FS10: 0 | FT10: 0 | FU10: 0 | FV10: 0 | FW10: 0 | FX10: C2H6
C11: 250-360 | F11: 1.091 | G11: 1.091 | H11: 1.091 | I11: 1.091 | J11: 0.677 | K11: 0.677 | L11: 0.677 | M11: 0.677 | N11: 0.677 | O11: 0.677 | P11: 0.677 | Q11: 0.677 | R11: 0.677 | S11: 0.677 | T11: 0.677 | U11: 0.677 | V11: 0.677 | W11: 0.677 | X11: 1.091 | Y11: 1.091 | Z11: 1.091 | AA11: 1.091 | AB11: 0 | AC11: 0 | AD11: 0 | AE11: 0 | AF11: 0 | AG11: 0 | AI11: 0 | AJ11: 22.95 | AK11: 0 | AL11: 0 | AM11: 0 | AN11: 0 | AO11: 0 | AP11: 0 | AQ11: 0 | AR11: 0 | AS11: 0 | AT11: 0 | AU11: 0 | AV11: 0 | AW11: 0 | AX11: 0 | AY11: 0 | AZ11: 0 | BA11: 0 | BB11: 0 | BC11: 0 | BD11: 0 | BE11: 0 | BF11: 0 | BG11: 0 | BH11: 0 | BI11: 0 | BJ11: 0 | BL11: 7.2175 | BM11: 6.7215 | BN11: 6.8943333 | BO11: 7.441 | BP11: 18.18 | BQ11: 19.139 | BR11: 18.54 | BS11: 17.995 | BT11: 17.7355 | BU11: 17.899 | BV11: 17.748 | BW11: 17.891 | BX11: 18.123 | BY11: 0 | BZ11: 0 | CA11: 0 | CB11: 0 | CC11: 0 | CD11: 0 | CE11: 0 | CF11: 0 | CG11: 0 | CH11: 0 | CI11: 0 | CJ11: 0 | CK11: 0 | CL11: 0 | CM11: 0 | CO11: 0 | CP11: 30.2 | CQ11: 29.7 | CR11: 28.8 | CS11: 30.7 | CT11: 28.3 | CU11: 31.8 | CV11: 30.4 | CW11: 31.25 | CX11: 30.2 | CY11: 31.6 | CZ11: 30.2 | DA11: 30.5 | DB11: 0 | DC11: 0 | DD11: 0 | DE11: 0 | DF11: 0 | DG11: 0 | DH11: 0 | DI11: 0 | DJ11: 0 | DK11: 0 | DL11: 0 | DM11: 0 | DN11: 0 | DO11: 0 | DP11: 0 | DR11: C3H8 | DS11: 4.85 | DT11: 4.735 | DU11: 5.39 | DV11: 5.62 | DW11: 11.25 | DX11: 11.14 | DY11: 10.78 | DZ11: 10.92 | EA11: 10.92 | EB11: 11.39 | EC11: 10.93 | ED11: 10.78 | EE11: 10.74 | EF11: 0 | EG11: 0 | EH11: 0 | EI11: 0 | EJ11: 0 | EK11: 0 | EL11: 0 | EM11: 0 | EN11: 0 | EO11: 0 | EP11: 0 | EQ11: 0 | ER11: 0 | ES11: 0 | ET11: 0 | EV11: 1.18 | EW11: =EX11 -> 0.16 | EX11: 0.16 | EY11: 0.08 | EZ11: 0.24 | FA11: 0.41 | FB11: 0.45 | FC11: 0.24 | FD11: 0.38 | FE11: 0.28 | FF11: 0.09 | FG11: 0.15 | FH11: 0.47 | FI11: 0 | FJ11: 0 | FK11: 0 | FL11: 0 | FM11: 0 | FN11: 0 | FO11: 0 | FP11: 0 | FQ11: 0 | FR11: 0 | FS11: 0 | FT11: 0 | FU11: 0 | FV11: 0 | FW11: 0 | FX11: C3H8
C12: 360-500 | F12: 5.247 | G12: 5.247 | H12: 5.247 | I12: 5.247 | J12: 4.116 | K12: 4.116 | L12: 4.116 | M12: 4.116 | N12: 4.116 | O12: 4.116 | P12: 4.116 | Q12: 4.116 | R12: 4.116 | S12: 4.116 | T12: 4.116 | U12: 4.116 | V12: 4.116 | W12: 4.116 | X12: 5.247 | Y12: 5.247 | Z12: 5.247 | AA12: 5.247 | AB12: 0.6 | AC12: 0.6 | AD12: 0.6 | AE12: 0.6 | AF12: 0.6 | AG12: 0.6 | AI12: 0 | AJ12: 10.41 | AK12: 0 | AL12: 0 | AM12: 0 | AN12: 0 | AO12: 0 | AP12: 0 | AQ12: 0 | AR12: 0 | AS12: 0 | AT12: 0 | AU12: 0 | AV12: 0 | AW12: 0 | AX12: 0 | AY12: 0 | AZ12: 0 | BA12: 0 | BB12: 0 | BC12: 0 | BD12: 0 | BE12: 0 | BF12: 0 | BG12: 0 | BH12: 0 | BI12: 0 | BJ12: 0 | BL12: 22.606 | BM12: 20.2555 | BN12: 19.087667 | BO12: 19.404 | BP12: 30.225 | BQ12: 31.839 | BR12: 31.418 | BS12: 30.901 | BT12: 30.4305 | BU12: 30.359 | BV12: 30.876 | BW12: 30.835 | BX12: 31.282 | BY12: 0 | BZ12: 0 | CA12: 0 | CB12: 0 | CC12: 0 | CD12: 0 | CE12: 0 | CF12: 0 | CG12: 0 | CH12: 0 | CI12: 0 | CJ12: 0 | CK12: 0 | CL12: 0 | CM12: 0 | CO12: 0 | CP12: 13.8 | CQ12: 10.7 | CR12: 9.1 | CS12: 8.7 | CT12: 6.6 | CU12: 7.3 | CV12: 6.9 | CW12: 11.975 | CX12: 8.5 | CY12: 7.4 | CZ12: 6.9 | DA12: 6.9 | DB12: 0 | DC12: 0 | DD12: 0 | DE12: 0 | DF12: 0 | DG12: 0 | DH12: 0 | DI12: 0 | DJ12: 0 | DK12: 0 | DL12: 0 | DM12: 0 | DN12: 0 | DO12: 0 | DP12: 0 | DR12: C4H10(Total) | DS12: 5.85 | DT12: 5.215 | DU12: 4.27 | DV12: 4.41 | DW12: 7.12 | DX12: 7.35 | DY12: 7.37 | DZ12: 7.21 | EA12: 7.21 | EB12: 7.95 | EC12: 7.26 | ED12: 7.24 | EE12: 7.15 | EF12: 0 | EG12: 0 | EH12: 0 | EI12: 0 | EJ12: 0 | EK12: 0 | EL12: 0 | EM12: 0 | EN12: 0 | EO12: 0 | EP12: 0 | EQ12: 0 | ER12: 0 | ES12: 0 | ET12: 0 | EV12: 1.47 | EW12: =EX12 -> 0.17 | EX12: 0.17 | EY12: 0.11 | EZ12: 0.41 | FA12: 0.46 | FB12: 0.5 | FC12: 0.51 | FD12: 0.545 | FE12: 0.48 | FF12: 0.2 | FG12: 0.31 | FH12: 0.68 | FI12: 0 | FJ12: 0 | FK12: 0 | FL12: 0 | FM12: 0 | FN12: 0 | FO12: 0 | FP12: 0 | FQ12: 0 | FR12: 0 | FS12: 0 | FT12: 0 | FU12: 0 | FV12: 0 | FW12: 0 | FX12: C4H10(Total)
C13: 500-560 | F13: 8.571 | G13: 8.571 | H13: 8.571 | I13: 8.571 | J13: 7.563 | K13: 7.563 | L13: 7.563 | M13: 7.563 | N13: 7.563 | O13: 7.563 | P13: 7.563 | Q13: 7.563 | R13: 7.563 | S13: 7.563 | T13: 7.563 | U13: 7.563 | V13: 7.563 | W13: 7.563 | X13: 8.571 | Y13: 8.571 | Z13: 8.571 | AA13: 8.571 | AB13: 11.2 | AC13: 11.2 | AD13: 11.2 | AE13: 11.2 | AF13: 11.2 | AG13: 11.2 | AI13: 0 | AJ13: 9.7772 | AK13: 0 | AL13: 0 | AM13: 0 | AN13: 0 | AO13: 0 | AP13: 0 | AQ13: 0 | AR13: 0 | AS13: 0 | AT13: 0 | AU13: 0 | AV13: 0 | AW13: 0 | AX13: 0 | AY13: 0 | AZ13: 0 | BA13: 0 | BB13: 0 | BC13: 0 | BD13: 0 | BE13: 0 | BF13: 0 | BG13: 0 | BH13: 0 | BI13: 0 | BJ13: 0 | BL13: 13.8965 | BM13: 13.5685 | BN13: 14.078667 | BO13: 14.951 | BP13: 13.464 | BQ13: 14.0473 | BR13: 14.12 | BS13: 13.981 | BT13: 13.813 | BU13: 13.754 | BV13: 14.102 | BW13: 13.953 | BX13: 13.941 | BY13: 0 | BZ13: 0 | CA13: 0 | CB13: 0 | CC13: 0 | CD13: 0 | CE13: 0 | CF13: 0 | CG13: 0 | CH13: 0 | CI13: 0 | CJ13: 0 | CK13: 0 | CL13: 0 | CM13: 0 | CO13: 0 | CP13: 0.1 | CQ13: 0 | CR13: 0 | CS13: 0 | CT13: 0 | CU13: 0 | CV13: 0 | CW13: 0 | CX13: 0 | CY13: 0 | CZ13: 0 | DA13: 0 | DB13: 0 | DC13: 0 | DD13: 0 | DE13: 0 | DF13: 0 | DG13: 0 | DH13: 0 | DI13: 0 | DJ13: 0 | DK13: 0 | DL13: 0 | DM13: 0 | DN13: 0 | DO13: 0 | DP13: 0 | DR13: C5H12 | DS13: 3.11 | DT13: 2.185 | DU13: 3.06 | DV13: 3.07 | DW13: 3.05 | DX13: 3.53 | DY13: 3.65 | DZ13: 3.58 | EA13: 3.58 | EB13: 3.79 | EC13: 3.79 | ED13: 3.79 | EE13: 3.71 | EF13: 0 | EG13: 0 | EH13: 0 | EI13: 0 | EJ13: 0 | EK13: 0 | EL13: 0 | EM13: 0 | EN13: 0 | EO13: 0 | EP13: 0 | EQ13: 0 | ER13: 0 | ES13: 0 | ET13: 0 | EV13: 0.94 | EW13: =EX13 -> 0.11 | EX13: 0.11 | EY13: 0.12 | EZ13: 0.49 | FA13: 0.39 | FB13: 0.38 | FC13: 0.69 | FD13: 0.585 | FE13: 0.5 | FF13: 0.4 | FG13: 0.48 | FH13: 0.69 | FI13: 0 | FJ13: 0 | FK13: 0 | FL13: 0 | FM13: 0 | FN13: 0 | FO13: 0 | FP13: 0 | FQ13: 0 | FR13: 0 | FS13: 0 | FT13: 0 | FU13: 0 | FV13: 0 | FW13: 0 | FX13: C5H12
C14: 560 plus | F14: 85.091 | G14: 85.091 | H14: 85.091 | I14: 85.091 | J14: 87.644 | K14: 87.644 | L14: 87.644 | M14: 87.644 | N14: 87.644 | O14: 87.644 | P14: 87.644 | Q14: 87.644 | R14: 87.644 | S14: 87.644 | T14: 87.644 | U14: 87.644 | V14: 87.644 | W14: 87.644 | X14: 85.091 | Y14: 85.091 | Z14: 85.091 | AA14: 85.091 | AB14: 88.2 | AC14: 88.2 | AD14: 88.2 | AE14: 88.2 | AF14: 88.2 | AG14: 88.2 | AI14: 100 | AJ14: 42.6648 | AK14: 100 | AL14: 100 | AM14: 100 | AN14: 100 | AO14: 100 | AP14: 100 | AQ14: 100 | AR14: 100 | AS14: 100 | AT14: 100 | AU14: 100 | AV14: 100 | AW14: 100 | AX14: 100 | AY14: 100 | AZ14: 100 | BA14: 100 | BB14: 100 | BC14: 100 | BD14: 100 | BE14: 100 | BF14: 100 | BG14: 100 | BH14: 100 | BI14: 100 | BJ14: 100 | BL14: 53.2555 | BM14: 56.5165 | BN14: 57.059667 | BO14: 54.924 | BP14: 28.359 | BQ14: 24.9027 | BR14: 26.088 | BS14: 27.664 | BT14: 29.555 | BU14: 29.116 | BV14: 28.465 | BW14: 28.665 | BX14: 27.881 | BY14: 100 | BZ14: 100 | CA14: 100 | CB14: 100 | CC14: 100 | CD14: 100 | CE14: 100 | CF14: 100 | CG14: 100 | CH14: 100 | CI14: 100 | CJ14: 100 | CK14: 100 | CL14: 100 | CM14: 100 | CO14: 0 | CP14: 0 | CQ14: 0 | CR14: 0 | CS14: 0 | CT14: 0 | CU14: 0 | CV14: 0 | CW14: 0 | CX14: 0 | CY14: 0 | CZ14: 0 | DA14: 0 | DB14: 0 | DC14: 0 | DD14: 0 | DE14: 0 | DF14: 0 | DG14: 0 | DH14: 0 | DI14: 0 | DJ14: 0 | DK14: 0 | DL14: 0 | DM14: 0 | DN14: 0 | DO14: 0 | DP14: 0 | DR14: C6H14 plus | DS14: 2.37 | DT14: 4.205 | DU14: 2.98 | DV14: 1.42 | DW14: 1.97 | DX14: 1.71 | DY14: 1.76 | DZ14: 1.14 | EA14: 1.14 | EB14: 2.8 | EC14: 2.91 | ED14: 3.26 | EE14: 2.94 | EF14: 0 | EG14: 0 | EH14: 0 | EI14: 0 | EJ14: 0 | EK14: 0 | EL14: 0 | EM14: 0 | EN14: 0 | EO14: 0 | EP14: 0 | EQ14: 0 | ER14: 0 | ES14: 0 | ET14: 0 | EV14: 0.42 | EW14: =EX14 -> 0.12 | EX14: 0.12 | EY14: 0.42 | EZ14: 0.92 | FA14: 0.7 | FB14: 0.63 | FC14: 0.45 | FD14: 0.525 | FE14: 0.53 | FF14: 0.48 | FG14: 0.82 | FH14: 0.93 | FI14: 0 | FJ14: 0 | FK14: 0 | FL14: 0 | FM14: 0 | FN14: 0 | FO14: 0 | FP14: 0 | FQ14: 0 | FR14: 0 | FS14: 0 | FT14: 0 | FU14: 0 | FV14: 0 | FW14: 0 | FX14: C6H14 plus
C15: Total | F15: 100 | G15: 100 | H15: 100 | I15: 100 | J15: 100 | K15: 100 | L15: 100 | M15: 100 | N15: 100 | O15: 100 | P15: 100 | Q15: 100 | R15: 100 | S15: 100 | T15: 100 | U15: 100 | V15: 100 | W15: 100 | X15: 100 | Y15: 100 | Z15: 100 | AA15: 100 | AB15: 100 | AC15: 100 | AD15: 100 | AE15: 100 | AF15: 100 | AG15: 100 | AI15: 100 | AJ15: 100 | AK15: 100 | AL15: 100 | AM15: 100 | AN15: 100 | AO15: 100 | AP15: 100 | AQ15: 100 | AR15: 100 | AS15: 100 | AT15: 100 | AU15: 100 | AV15: 100 | AW15: 100 | AX15: 100 | AY15: 100 | AZ15: 100 | BA15: 100 | BB15: 100 | BC15: 100 | BD15: 100 | BE15: 100 | BF15: 100 | BG15: 100 | BH15: 100 | BI15: 100 | BJ15: 100 | BL15: 100 | BM15: 100 | BN15: 100 | BO15: 100 | BP15: 100 | BQ15: 100 | BR15: 100 | BS15: 100 | BT15: 100 | BU15: 100 | BV15: 100 | BW15: 100 | BX15: 100 | BY15: 100 | BZ15: 100 | CA15: 100 | CB15: 100 | CC15: 100 | CD15: 100 | CE15: 100 | CF15: 100 | CG15: 100 | CH15: 100 | CI15: 100 | CJ15: 100 | CK15: 100 | CL15: 100 | CM15: 100 | CO15: 0 | CP15: 100 | CQ15: 100 | CR15: 100 | CS15: 100 | CT15: 100 | CU15: 100 | CV15: 100 | CW15: 100 | CX15: 100 | CY15: 100 | CZ15: 100 | DA15: 100 | DB15: 0 | DC15: 0 | DD15: 0 | DE15: 0 | DF15: 0 | DG15: 0 | DH15: 0 | DI15: 0 | DJ15: 0 | DK15: 0 | DL15: 0 | DM15: 0 | DN15: 0 | DO15: 0 | DP15: 0
C16: 560 plus, TOP acceptance'Dec24 | K16: 26.91 | L16: 30.22 | M16: 29.99 | N16: 32.135 | O16: 33.8 | P16: 32.29 | BL16: 60.116 | BM16: 63.283 | BN16: 61.009 | BO16: 61.402 | BQ16: 26.91 | BR16: 30.22 | BS16: 29.99 | BT16: 32.135 | BU16: 33.8 | BV16: 32.29
C17: 560 plus, TOP acceptance'Dec26 | BL17: ='HPS DAILY'!K72 -> 53.2555 | BM17: ='HPS DAILY'!L72 -> 56.5165 | BN17: ='HPS DAILY'!M72 -> 57.059667 | BO17: ='HPS DAILY'!N72 -> 54.924 | BP17: ='HPS DAILY'!O72 -> 28.359 | BQ17: ='HPS DAILY'!P72 -> 24.9027 | BR17: ='HPS DAILY'!Q72 -> 26.088 | BS17: ='HPS DAILY'!R72 -> 27.664 | ... CG17: ='HPS DAILY'!AF72 -> 100
C18: 560 plus, ART, acceptance | F18: 56.4181 | G18: 55.5455 | H18: 55.6545 | I18: 55.7818 | J18: 23.1831 | K18: 25.9861 | L18: 25.9286 | M18: 27.0423 | N18: 29.4189 | O18: 29.72 | P18: 28.6528 | BL18: 56.4181 | BM18: 55.5455 | BN18: 55.6545 | BO18: 55.7818 | BP18: 23.1831 | BQ18: 25.9861 | BR18: 25.9286 | BS18: 27.0423 | BT18: 29.4189 | BU18: 29.72 | BV18: 28.6528 | DR18: Nitrogen | DS18: {='HPS DAILY'!K117:AA117} -> 0.14 | DT18: 0.19 | DU18: 0.4 | DV18: 0.15 | DW18: 0.17 | DX18: 0.15 | DY18: 0.22 | DZ18: 0.34 | EA18: 0.34 | EB18: 0.12 | EC18: 0.13 | ED18: 0.13 | EE18: 0.15 | EF18: 0 | EG18: 0 | EH18: 0 | EI18: 0 | EV18: {='HPS DAILY'!K104:AL104} -> 75.95 | EW18: 93.3 | EX18: 96.76 | EY18: 98.17 | EZ18: 96.44 | FA18: 96.17 | FB18: 95.96 | FC18: 97 | FD18: 95.94 | FE18: 96.7 | FF18: 98.74 | FG18: 98.14 | FH18: 95.73 | FI18: 0 | FJ18: 0 | FK18: 0 | FL18: 0 | FM18: 0 | FN18: 0 | FO18: 0 | FP18: 0 | FQ18: 0 | FR18: 0 | FS18: 0 | FT18: 0 | FU18: 0 | FV18: 0 | FW18: 0 | FX18: Nitrogen
C19: 560plus, MEBU25002 | F19: 59.673 | G19: 58.045 | H19: 59.301 | I19: 59.834 | BL19: 59.673 | BM19: 58.045 | BN19: 59.301 | BO19: 59.834
C20: Ni, ppm | F20: ='HPS DAILY'!$G$42 -> 61.59 | G20: ='HPS DAILY'!$G$42 -> 61.59 | H20: ='HPS DAILY'!$G$42 -> 61.59 | I20: ='HPS DAILY'!$G$42 -> 61.59 | J20: ='HPS DAILY'!$H$42 -> 64.7 | K20: ='HPS DAILY'!$H$42 -> 64.7 | L20: ='HPS DAILY'!$H$42 -> 64.7 | M20: ='HPS DAILY'!$H$42 -> 64.7 | N20: ='HPS DAILY'!$H$42 -> 64.7 | O20: ='HPS DAILY'!$H$42 -> 64.7 | P20: ='HPS DAILY'!$H$42 -> 64.7 | Q20: ='HPS DAILY'!$H$42 -> 64.7 | ... S20: ='HPS DAILY'!$H$42 -> 64.7 | T20: ='HPS DAILY'!$I$42 -> 64.7 | U20: ='HPS DAILY'!$I$42 -> 64.7 | V20: ='HPS DAILY'!$I$42 -> 64.7 | W20: ='HPS DAILY'!$I$42 -> 64.7 | X20: ='HPS DAILY'!$I$42 -> 64.7 | Y20: ='HPS DAILY'!$J$42 -> 64.7 | Z20: ='HPS DAILY'!$J$42 -> 64.7 | AA20: ='HPS DAILY'!$J$42 -> 64.7 | AB20: ='HPS DAILY'!$J$42 -> 64.7 | AC20: ='HPS DAILY'!$J$42 -> 64.7 | AD20: ='HPS DAILY'!$J$42 -> 64.7 | AE20: ='HPS DAILY'!$J$42 -> 64.7 | AF20: ='HPS DAILY'!$J$42 -> 64.7 | AG20: ='HPS DAILY'!$J$42 -> 64.7 | AI20: =ISV!G$41 -> 0 | AJ20: =ISV!H$41 -> 50.42 | AK20: =ISV!I$41 -> 0 | AL20: =ISV!J$41 -> 0 | AM20: =ISV!K$41 -> 94.75 | AN20: =ISV!L$41 -> 72.69 | AO20: =ISV!M$41 -> 0 | AP20: =ISV!N$41 -> 0 | ... BJ20: =ISV!AH$41 -> 0 | BL20: {='HPS DAILY'!K42:AL42} -> 19.865 | BM20: 20.99 | BN20: 22.606667 | BO20: 21.64 | BP20: 3.88 | BQ20: 4.75 | BR20: 6 | BS20: 6.81 | BT20: 7.655 | BU20: 8.31 | BV20: 9.31 | BW20: 9.21 | BX20: 9.6 | BY20: 0 | BZ20: 0 | CA20: 0 | CB20: 0 | CC20: 0 | CD20: 0 | CE20: 0 | CF20: 0 | CG20: 0 | CH20: 0 | CI20: 0 | CJ20: 0 | CK20: 0 | CL20: 0 | CM20: 0
C21: Ni, ppm, ART, Low and High | J21: 97.9 | K21: 97.9 | L21: 97.9 | M21: 97.9 | N21: 97.9 | O21: 97.9 | P21: 97.9 | Q21: 97.9 | R21: 97.9 | BL21: 19 | BM21: 20.5 | BN21: 21.5 | BO21: 21.9 | BP21: 8 | BQ21: 12 | BR21: 13 | BS21: 14.1 | BT21: 15.2 | BU21: 16.2 | BV21: 20.5 | BW21: 30 | BX21: 30.8 | BY21: 28 | BZ21: 30 | CA21: 30.7
C22: Ni, ppm, TOP, Acceptance'Dec24 | K22: 4.83 | L22: 6.31 | M22: 6.74 | N22: 7.68 | O22: 8.52 | P22: 9.16 | BQ22: 4.83 | BR22: 6.31 | BS22: 6.74 | BT22: 7.68 | BU22: 8.52 | BV22: 9.16
C23: Ni, ppm, ART, Acceptance | F23: 18.8 | G23: 19.9 | H23: 20.9 | I23: 21.1 | J23: 3.81 | K23: 5.45 | L23: 6.54 | M23: 7.49 | N23: 8.34 | O23: 8.68 | P23: 9.19 | BL23: 18.8 | BM23: 19.9 | BN23: 20.9 | BO23: 21.1 | BP23: 3.81 | BQ23: 5.45 | BR23: 6.54 | BS23: 7.49 | BT23: 8.34 | BU23: 8.68 | BV23: 9.19
C24: V, ppm | F24: ='HPS DAILY'!$G$43 -> 200.01 | G24: ='HPS DAILY'!$G$43 -> 200.01 | H24: ='HPS DAILY'!$G$43 -> 200.01 | I24: ='HPS DAILY'!$G$43 -> 200.01 | J24: ='HPS DAILY'!$H$43 -> 205.8 | K24: ='HPS DAILY'!$H$43 -> 205.8 | L24: ='HPS DAILY'!$H$43 -> 205.8 | M24: ='HPS DAILY'!$H$43 -> 205.8 | N24: ='HPS DAILY'!$H$43 -> 205.8 | O24: ='HPS DAILY'!$H$43 -> 205.8 | P24: ='HPS DAILY'!$H$43 -> 205.8 | Q24: ='HPS DAILY'!$H$43 -> 205.8 | ... S24: ='HPS DAILY'!$H$43 -> 205.8 | T24: ='HPS DAILY'!$I$43 -> 205.8 | U24: ='HPS DAILY'!$I$43 -> 205.8 | V24: ='HPS DAILY'!$I$43 -> 205.8 | W24: ='HPS DAILY'!$I$43 -> 205.8 | X24: ='HPS DAILY'!$I$43 -> 205.8 | Y24: ='HPS DAILY'!$J$43 -> 205.8 | Z24: ='HPS DAILY'!$J$43 -> 205.8 | AA24: ='HPS DAILY'!$J$43 -> 205.8 | AB24: ='HPS DAILY'!$J$43 -> 205.8 | AC24: ='HPS DAILY'!$J$43 -> 205.8 | AD24: ='HPS DAILY'!$J$43 -> 205.8 | AE24: ='HPS DAILY'!$J$43 -> 205.8 | AF24: ='HPS DAILY'!$J$43 -> 205.8 | AG24: ='HPS DAILY'!$J$43 -> 205.8 | AI24: =ISV!G$42 -> 0 | AJ24: =ISV!H$42 -> 96.82 | AK24: =ISV!I$42 -> 0 | AL24: =ISV!J$42 -> 0 | AM24: =ISV!K$42 -> 148.41 | AN24: =ISV!L$42 -> 110.34 | AO24: =ISV!M$42 -> 0 | AP24: =ISV!N$42 -> 0 | ... BJ24: =ISV!AH$42 -> 0 | BL24: {='HPS DAILY'!K43:AL43} -> 25.19 | BM24: 29.8 | BN24: 35.97 | BO24: 35.74 | BP24: 0.71 | BQ24: 0.82 | BR24: 1.21 | BS24: 1.7 | BT24: 2.655 | BU24: 2.76 | BV24: 3.4 | BW24: 3.36 | BX24: 3.74 | BY24: 0 | BZ24: 0 | CA24: 0 | CB24: 0 | CC24: 0 | CD24: 0 | CE24: 0 | CF24: 0 | CG24: 0 | CH24: 0 | CI24: 0 | CJ24: 0 | CK24: 0 | CL24: 0 | CM24: 0
C25: V, ppm, ART, Low and High | J25: 266 | K25: 266 | L25: 266 | M25: 266 | N25: 266 | O25: 266 | P25: 266 | Q25: 266 | R25: 266 | BL25: 24.5 | BM25: 29 | BN25: 32.5 | BO25: 34.1 | BP25: 4 | BQ25: 5 | BR25: 6 | BS25: 6.5 | BT25: 7.5 | BU25: 8.8 | BV25: 13 | BW25: 25 | BX25: 27 | BY25: 23 | BZ25: 24 | CA25: 27.4
C26: V, ppm, TOP, Acceptance'Dec24 | K26: 0.91 | L26: 1.61 | M26: 1.76 | N26: 2.18 | O26: 2.52 | P26: 2.81 | BQ26: 0.91 | BR26: 1.61 | BS26: 1.76 | BT26: 2.18 | BU26: 2.52 | BV26: 2.81
C27: V, ppm, ART, Acceptance | F27: 25.2 | G27: 28.6 | H27: 32.2 | I27: 34.5 | J27: 0.737 | K27: 1.27 | L27: 1.89 | M27: 2.44 | N27: 2.99 | O27: 3.26 | P27: 3.91 | BL27: 25.2 | BM27: 28.6 | BN27: 32.2 | BO27: 34.5 | BP27: 0.737 | BQ27: 1.27 | BR27: 1.89 | BS27: 2.44 | BT27: 2.99 | BU27: 3.26 | BV27: 3.91
C28: Fe, ppm | F28: ='HPS DAILY'!$G$46 -> 16.28 | G28: ='HPS DAILY'!$G$46 -> 16.28 | H28: ='HPS DAILY'!$G$46 -> 16.28 | I28: ='HPS DAILY'!$G$46 -> 16.28 | J28: ='HPS DAILY'!$H$46 -> 20.13 | K28: ='HPS DAILY'!$H$46 -> 20.13 | L28: ='HPS DAILY'!$H$46 -> 20.13 | M28: ='HPS DAILY'!$H$46 -> 20.13 | N28: ='HPS DAILY'!$H$46 -> 20.13 | O28: ='HPS DAILY'!$H$46 -> 20.13 | P28: ='HPS DAILY'!$H$46 -> 20.13 | Q28: ='HPS DAILY'!$H$46 -> 20.13 | ... S28: ='HPS DAILY'!$H$46 -> 20.13 | T28: ='HPS DAILY'!$I$46 -> 20.13 | U28: ='HPS DAILY'!$I$46 -> 20.13 | V28: ='HPS DAILY'!$I$46 -> 20.13 | W28: ='HPS DAILY'!$I$46 -> 20.13 | X28: ='HPS DAILY'!$I$46 -> 20.13 | Y28: ='HPS DAILY'!$J$46 -> 20.13 | Z28: ='HPS DAILY'!$J$46 -> 20.13 | AA28: ='HPS DAILY'!$J$46 -> 20.13 | AB28: ='HPS DAILY'!$J$46 -> 20.13 | AC28: ='HPS DAILY'!$J$46 -> 20.13 | AD28: ='HPS DAILY'!$J$46 -> 20.13 | AE28: ='HPS DAILY'!$J$46 -> 20.13 | AF28: ='HPS DAILY'!$J$46 -> 20.13 | AG28: ='HPS DAILY'!$J$46 -> 20.13 | AI28: =ISV!G$45 -> 0 | AJ28: =ISV!H$45 -> 42.65 | AK28: =ISV!I$45 -> 0 | AL28: =ISV!J$45 -> 0 | AM28: =ISV!K$45 -> 217 | AN28: =ISV!L$45 -> 110.95 | AO28: =ISV!M$45 -> 0 | AP28: =ISV!N$45 -> 0 | ... BJ28: =ISV!AH$45 -> 0 | BL28: {='HPS DAILY'!K46:AA46} -> 21.76 | BM28: 14.34 | BN28: 14.23 | BO28: 6.38 | BP28: 1.6 | BQ28: 1.42 | BR28: 1.21 | BS28: 1.88 | BT28: 1.58 | BU28: 1.3 | BV28: 1.19 | BW28: 1.32 | BX28: 1.62 | BY28: 0 | BZ28: 0 | CA28: 0 | CB28: 0
BP29: HPS: Low Sed | BV29: HPS: High Sed
C30: N, wt% (ASTM D5762) | F30: ='HPS DAILY'!$G$25 -> 0.393063 | G30: ='HPS DAILY'!$G$25 -> 0.393063 | H30: ='HPS DAILY'!$G$25 -> 0.393063 | I30: ='HPS DAILY'!$G$25 -> 0.393063 | J30: ='HPS DAILY'!$H$25 -> 0.404195 | K30: ='HPS DAILY'!$H$25 -> 0.404195 | L30: ='HPS DAILY'!$H$25 -> 0.404195 | M30: ='HPS DAILY'!$H$25 -> 0.404195 | N30: ='HPS DAILY'!$H$25 -> 0.404195 | O30: ='HPS DAILY'!$H$25 -> 0.404195 | P30: ='HPS DAILY'!$H$25 -> 0.404195 | Q30: ='HPS DAILY'!$H$25 -> 0.404195 | ... S30: ='HPS DAILY'!$H$25 -> 0.404195 | T30: ='HPS DAILY'!$I$25 -> 0.404195 | U30: ='HPS DAILY'!$I$25 -> 0.404195 | V30: ='HPS DAILY'!$I$25 -> 0.404195 | W30: ='HPS DAILY'!$I$25 -> 0.404195 | X30: ='HPS DAILY'!$I$25 -> 0.404195 | Y30: ='HPS DAILY'!$J$25 -> 0.404195 | Z30: ='HPS DAILY'!$J$25 -> 0.404195 | AA30: ='HPS DAILY'!$J$25 -> 0.404195 | AB30: ='HPS DAILY'!$J$25 -> 0.404195 | AC30: ='HPS DAILY'!$J$25 -> 0.404195 | AD30: ='HPS DAILY'!$J$25 -> 0.404195 | AE30: ='HPS DAILY'!$J$25 -> 0.404195 | AF30: ='HPS DAILY'!$J$25 -> 0.404195 | AG30: ='HPS DAILY'!$J$25 -> 0.404195 | AI30: =ISV!G$24 -> 0 | AJ30: =ISV!H$24 -> 0 | AK30: =ISV!I$24 -> 0 | AL30: =ISV!J$24 -> 0 | AM30: =ISV!K$24 -> 0.3469 | AN30: =ISV!L$24 -> 0 | AO30: =ISV!M$24 -> 0 | AP30: =ISV!N$24 -> 0 | ... BJ30: =ISV!AH$24 -> 0 | BL30: {='HPS DAILY'!K25:AL25} -> 0.2817 | BM30: 0.2944995 | BN30: 0.309758 | BO30: 0.301815 | BP30: 0.2417 | BQ30: 0.255772 | BR30: 0.266455 | BS30: 0.2562 | BT30: 0.261051 | BU30: 0.2543 | BV30: 0.2775885 | BW30: 0.259316 | BX30: 0.266955 | BY30: 0 | BZ30: 0 | CA30: 0 | CB30: 0 | CC30: 0 | CD30: 0 | CE30: 0 | CF30: 0 | CG30: 0 | CH30: 0 | CI30: 0 | CJ30: 0 | CK30: 0 | CL30: 0 | CM30: 0 | CO30: {='LTO DAILY'!H23:AI23} -> 0 | CP30: 0.045827 | CQ30: 0.0492 | CR30: 0.054366 | CS30: 0.055852 | CT30: 0.047465 | CU30: 0.05488 | CV30: 0.05478 | CW30: 0.0558371 | CX30: 0.057294 | CY30: 0.061199 | CZ30: 0.060389 | DA30: 0.061706 | DB30: 0 | DC30: 0 | DD30: 0 | DE30: 0 | DF30: 0 | DG30: 0 | DH30: 0 | DI30: 0 | DJ30: 0 | DK30: 0 | DL30: 0 | DM30: 0 | DN30: 0 | DO30: 0 | DP30: 0
C31: N, wt% (ASTM D5762), ART, Low and High | J31: 0.61 | K31: 0.61 | L31: 0.61 | M31: 0.61 | N31: 0.61 | O31: 0.61 | P31: 0.61 | Q31: 0.61 | R31: 0.61 | S31: 0.61 | BL31: 0.34 | BM31: 0.35 | BN31: 0.365 | BO31: 0.356 | BP31: 0.326 | BQ31: 0.42 | BR31: 0.435 | BS31: 0.45 | BT31: 0.451 | BU31: 0.4521 | BV31: 0.485 | BW31: 0.518 | BX31: 0.52 | BY31: 0.5125 | BZ31: 0.524 | CA31: 0.5248 | CO31: 0.045 | CP31: 0.05 | CQ31: 0.055 | CR31: 0.06 | CS31: 0.055 | CT31: 0.062 | CU31: 0.072 | CV31: 0.075 | CW31: 0.078 | CX31: 0.0777 | CY31: 0.0777 | CZ31: 0.088 | DA31: 0.089 | DB31: 0.089 | DC31: 0.089 | DD31: 0.0885
C32: N, ppm, TOP, Acceptance'Dec24 | K32: 0.215878 | L32: 0.227188 | M32: 0.236633 | N32: 0.250962 | O32: 0.258309 | P32: 0.267549 | BQ32: 0.215878 | BR32: 0.227188 | BS32: 0.236633 | BT32: 0.250962 | BU32: 0.258309 | BV32: 0.267549 | CT32: 0.073492 | CU32: 0.078723 | CV32: 0.065492 | CW32: 0.068977 | CX32: 0.06836 | CY32: 0.07056
C33: N, ppm, ART, Acceptance | F33: =3307/1000 -> 3.307 | G33: =3330/10000 -> 0.333 | H33: =3507/10000 -> 0.3507 | I33: =3482/10000 -> 0.3482 | J33: =2589/10000 -> 0.2589 | K33: =2861/10000 -> 0.2861 | L33: =2938/10000 -> 0.2938 | M33: =2995/10000 -> 0.2995 | N33: =3014/10000 -> 0.3014 | O33: =3033/10000 -> 0.3033 | P33: =3040/10000 -> 0.304 | BL33: 3.307 | BM33: 0.333 | BN33: 0.3507 | BO33: 0.3482 | BP33: 0.2589 | BQ33: 0.2861 | BR33: 0.2938 | BS33: 0.2995 | BT33: 0.3014 | BU33: 0.3033 | BV33: 0.304 | CO33: =423/10000 -> 0.0423 | CP33: =486/10000 -> 0.0486 | CQ33: 523 | CR33: 523 | CS33: 418 | CT33: =405/10000 -> 0.0405 | CU33: =413/10000 -> 0.0413 | CV33: =460/10000 -> 0.046 | CW33: =487/10000 -> 0.0487 | CX33: =492/10000 -> 0.0492 | CY33: =498/10000 -> 0.0498
C34: S, wt% (ASTM D4294) | F34: ='HPS DAILY'!$G$20 -> 5.975 | G34: ='HPS DAILY'!$G$20 -> 5.975 | H34: ='HPS DAILY'!$G$20 -> 5.975 | I34: ='HPS DAILY'!$G$20 -> 5.975 | J34: ='HPS DAILY'!$H$20 -> 5.928 | K34: ='HPS DAILY'!$H$20 -> 5.928 | L34: ='HPS DAILY'!$H$20 -> 5.928 | M34: ='HPS DAILY'!$H$20 -> 5.928 | N34: ='HPS DAILY'!$H$20 -> 5.928 | O34: ='HPS DAILY'!$H$20 -> 5.928 | P34: ='HPS DAILY'!$H$20 -> 5.928 | Q34: ='HPS DAILY'!$H$20 -> 5.928 | ... S34: ='HPS DAILY'!$H$20 -> 5.928 | T34: ='HPS DAILY'!$I$20 -> 5.928 | U34: ='HPS DAILY'!$I$20 -> 5.928 | V34: ='HPS DAILY'!$I$20 -> 5.928 | W34: ='HPS DAILY'!$I$20 -> 5.928 | X34: ='HPS DAILY'!$I$20 -> 5.928 | Y34: ='HPS DAILY'!$J$20 -> 5.928 | Z34: ='HPS DAILY'!$J$20 -> 5.928 | AA34: ='HPS DAILY'!$J$20 -> 5.928 | AB34: ='HPS DAILY'!$J$20 -> 5.928 | AC34: ='HPS DAILY'!$J$20 -> 5.928 | AD34: ='HPS DAILY'!$J$20 -> 5.928 | AE34: ='HPS DAILY'!$J$20 -> 5.928 | AF34: ='HPS DAILY'!$J$20 -> 5.928 | AG34: ='HPS DAILY'!$J$20 -> 5.928 | AI34: =ISV!G$19 -> 0 | AJ34: =ISV!H$19 -> 3.638 | AK34: =ISV!I$19 -> 0 | AL34: =ISV!J$19 -> 0 | AM34: =ISV!K$19 -> 4.25 | AN34: =ISV!L$19 -> 3.539 | AO34: =ISV!M$19 -> 0 | AP34: =ISV!N$19 -> 0 | ... BJ34: =ISV!AH$19 -> 0 | BL34: {='HPS DAILY'!K20:AL20} -> 1.9585 | BM34: 2.0885 | BN34: 2.28 | BO34: 2.245 | BP34: 0.867 | BQ34: 0.941 | BR34: 1.037 | BS34: 1.121 | BT34: 1.17 | BU34: 1.214 | BV34: 1.267 | BW34: 1.291 | BX34: 1.315 | BY34: 0 | BZ34: 0 | CA34: 0 | CB34: 0 | CC34: 0 | CD34: 0 | CE34: 0 | CF34: 0 | CG34: 0 | CH34: 0 | CI34: 0 | CJ34: 0 | CK34: 0 | CL34: 0 | CM34: 0 | CO34: {='LTO DAILY'!H18:AI18} -> 0 | CP34: 0.164 | CQ34: 0.172 | CR34: 0.157 | CS34: 0.13277 | CT34: 0.09042 | CU34: 0.103 | CV34: 0.108 | CW34: 0.165665 | CX34: 0.14561 | CY34: 0.1367 | CZ34: 0.12447 | DA34: 0.12303 | DB34: 0 | DC34: 0 | DD34: 0 | DE34: 0 | DF34: 0 | DG34: 0 | DH34: 0 | DI34: 0 | DJ34: 0 | DK34: 0 | DL34: 0 | DM34: 0 | DN34: 0 | DO34: 0 | DP34: 0
C35: S, wt% (ASTM D4294), ART, Low and High | J35: 5.84 | K35: 5.84 | L35: 5.84 | M35: 5.84 | N35: 5.84 | O35: 5.84 | P35: 5.84 | Q35: 5.84 | R35: 5.84 | S35: 5.84 | BL35: 2.15 | BM35: 2.2 | BN35: 2.25 | BO35: 2.36 | BP35: 1.01 | BQ35: 0.99 | BR35: 1.09 | BS35: 1.1 | BT35: 1.12 | BU35: 1.14 | BV35: 1.095 | BW35: 1 | BX35: 0.99 | BY35: 0.95 | BZ35: 1 | CA35: 1.01 | CO35: 0.12 | CP35: 0.14 | CQ35: 0.155 | CR35: 0.1661 | CS35: 0.119 | CT35: 0.081 | CU35: 0.084 | CV35: 0.083 | CW35: 0.084 | CX35: 0.085 | CY35: 0.086 | CZ35: 0.0855 | DA35: 0.085 | DB35: 0.0865 | DC35: 0.087 | DD35: 0.0864
C36: S, wt%, TOP, Acceptance'Dec24 | K36: 0.975 | L36: 1.09 | M36: 1.155 | N36: 1.246 | O36: 1.306 | P36: 1.338 | BQ36: 0.975 | BR36: 1.09 | BS36: 1.155 | BT36: 1.246 | BU36: 1.306 | BV36: 1.338 | CT36: 0.1149 | CU36: 0.113 | CV36: 0.0934 | CW36: 0.259 | CX36: 0.2507 | CY36: 0.2867
C37: S, wt%, ART Acceptance | F37: 2.1057 | G37: 2.165 | H37: 2.2507 | I37: 2.2642 | J37: 0.8383 | K37: 1.0039 | L37: 1.0893 | M37: 1.1439 | N37: 1.2069 | O37: 1.2118 | P37: 1.2533 | BL37: 2.1057 | BM37: 2.165 | BN37: 2.2507 | BO37: 2.2642 | BP37: 0.8383 | BQ37: 1.0039 | BR37: 1.0893 | BS37: 1.1439 | BT37: 1.2069 | BU37: 1.2118 | BV37: 1.2533 | CO37: =2160/10000 -> 0.216 | CP37: =1680/10000 -> 0.168 | CQ37: =1880/10000 -> 0.188 | CR37: =1780/10000 -> 0.178 | CS37: =1100/10000 -> 0.11 | CT37: =861/10000 -> 0.0861 | CU37: =945/10000 -> 0.0945 | CV37: =1040/10000 -> 0.104 | CW37: =1100/10000 -> 0.11 | CX37: =1130/10000 -> 0.113 | CY37: =1170/10000 -> 0.117
C38: C5 Asphaltene, wt% | F38: ='HPS DAILY'!$G$87 -> 23.743 | G38: ='HPS DAILY'!$G$87 -> 23.743 | H38: ='HPS DAILY'!$G$87 -> 23.743 | I38: ='HPS DAILY'!$G$87 -> 23.743 | J38: =K38 -> 25.961 | K38: ='HPS DAILY'!$H$87 -> 25.961 | L38: ='HPS DAILY'!$H$87 -> 25.961 | M38: ='HPS DAILY'!$H$87 -> 25.961 | N38: ='HPS DAILY'!$H$87 -> 25.961 | O38: ='HPS DAILY'!$H$87 -> 25.961 | P38: ='HPS DAILY'!$H$87 -> 25.961 | Q38: ='HPS DAILY'!$H$87 -> 25.961 | R38: ='HPS DAILY'!$H$87 -> 25.961 | S38: ='HPS DAILY'!$H$87 -> 25.961 | T38: ='HPS DAILY'!$I$87 -> 25.961 | U38: ='HPS DAILY'!$I$87 -> 25.961 | V38: ='HPS DAILY'!$I$87 -> 25.961 | W38: ='HPS DAILY'!$I$87 -> 25.961 | X38: ='HPS DAILY'!$I$87 -> 25.961 | Y38: ='HPS DAILY'!$J$87 -> 25.961 | Z38: ='HPS DAILY'!$J$87 -> 25.961 | AA38: ='HPS DAILY'!$J$87 -> 25.961 | AB38: ='HPS DAILY'!$J$87 -> 25.961 | AC38: ='HPS DAILY'!$J$87 -> 25.961 | AD38: ='HPS DAILY'!$J$87 -> 25.961 | AE38: ='HPS DAILY'!$J$87 -> 25.961 | AF38: ='HPS DAILY'!$J$87 -> 25.961 | AG38: ='HPS DAILY'!$J$87 -> 25.961 | AI38: =ISV!G$86 -> 0 | AJ38: =ISV!H$86 -> 0 | AK38: =ISV!I$86 -> 0 | AL38: =ISV!J$86 -> 0 | AM38: =ISV!K$86 -> 0 | AN38: =ISV!L$86 -> 0 | AO38: =ISV!M$86 -> 0 | AP38: =ISV!N$86 -> 0 | ... BJ38: =ISV!AH$86 -> 0 | BL38: {='HPS DAILY'!K87:AA87} -> 9.218 | BM38: 9.4525 | BN38: 10.424 | BO38: 10.622 | BP38: 3.91 | BQ38: 4.22 | BR38: 4.94 | BS38: 5.12 | BT38: 5.68 | BU38: 5.71 | BV38: 5.96 | BW38: 5.83 | BX38: 6.07 | BY38: 0 | BZ38: 0 | CA38: 0 | CB38: 0
C39: C5 Asphaltene, wt%, ART, Low and High | J39: 34.97 | K39: 34.97 | L39: 34.97 | M39: 34.97 | N39: 34.97 | O39: 34.97 | P39: 34.97 | Q39: 34.97 | R39: 34.97 | S39: 34.97
C40: C5, wt%, TOP, Acceptance'Dec24
C41: C5, wt%, ART Acceptance
C42: C7 Asphaltene, wt% | F42: ='HPS DAILY'!$G$88 -> 13.27 | G42: ='HPS DAILY'!$G$88 -> 13.27 | H42: ='HPS DAILY'!$G$88 -> 13.27 | I42: ='HPS DAILY'!$G$88 -> 13.27 | J42: ='HPS DAILY'!$H$88 -> 12.764 | K42: ='HPS DAILY'!$H$88 -> 12.764 | L42: ='HPS DAILY'!$H$88 -> 12.764 | M42: ='HPS DAILY'!$H$88 -> 12.764 | N42: ='HPS DAILY'!$H$88 -> 12.764 | O42: ='HPS DAILY'!$H$88 -> 12.764 | P42: ='HPS DAILY'!$H$88 -> 12.764 | Q42: ='HPS DAILY'!$H$88 -> 12.764 | ... S42: ='HPS DAILY'!$H$88 -> 12.764 | T42: ='HPS DAILY'!$I$88 -> 12.764 | U42: ='HPS DAILY'!$I$88 -> 12.764 | V42: ='HPS DAILY'!$I$88 -> 12.764 | W42: ='HPS DAILY'!$I$88 -> 12.764 | X42: ='HPS DAILY'!$I$88 -> 12.764 | Y42: ='HPS DAILY'!$J$88 -> 12.764 | Z42: ='HPS DAILY'!$J$88 -> 12.764 | AA42: ='HPS DAILY'!$J$88 -> 12.764 | AB42: ='HPS DAILY'!$J$88 -> 12.764 | AC42: ='HPS DAILY'!$J$88 -> 12.764 | AD42: ='HPS DAILY'!$J$88 -> 12.764 | AE42: ='HPS DAILY'!$J$88 -> 12.764 | AF42: ='HPS DAILY'!$J$88 -> 12.764 | AG42: ='HPS DAILY'!$J$88 -> 12.764 | AI42: =ISV!G$87 -> 0 | AJ42: =ISV!H$87 -> 0 | AK42: =ISV!I$87 -> 0 | AL42: =ISV!J$87 -> 0 | AM42: =ISV!K$87 -> 0 | AN42: =ISV!L$87 -> 0 | AO42: =ISV!M$87 -> 0 | AP42: =ISV!N$87 -> 0 | ... BJ42: =ISV!AH$87 -> 0 | BL42: {='HPS DAILY'!K88:AA88} -> 3.782 | BM42: 4.164 | BN42: 5.43 | BO42: 5.372 | BP42: 1.326 | BQ42: 1.46 | BR42: 1.46 | BS42: 2.34 | BT42: 2.9 | BU42: 2.41 | BV42: 2.94 | BW42: 2.91 | BX42: 2.52 | BY42: 0 | BZ42: 0 | CA42: 0 | CB42: 0
C43: C7 Asphaltene, wt%, ART, Low and High | J43: 20.25 | K43: 20.25 | L43: 20.25 | M43: 20.25 | N43: 20.25 | O43: 20.25 | P43: 20.25 | Q43: 20.25 | R43: 20.25 | S43: 20.25 | BL43: 5.1 | BM43: 5.9 | BO43: 6.47 | BQ43: 4.2 | BS43: 4.4 | BT43: 5 | BU43: 5.09 | BV43: 5.7 | BX43: 6.1 | BZ43: 7.5 | CA43: 7.49
C44: C7 Asphaltene, wt%, Acceptance'Dec24 | K44: 1.6 | L44: 1.5 | M44: 1.8 | N44: 2.1 | O44: 2.3 | P44: 2.7 | BQ44: 1.6 | BR44: 1.5 | BS44: 1.8 | BT44: 2.1 | BU44: 2.3 | BV44: 2.7
C45: C7 Asphaltene, wt%, ART, Acceptance | F45: 6.55 | G45: 6.92 | H45: 7.67 | I45: 7.11 | J45: 2.81 | K45: 3.34 | L45: 3.89 | M45: 4.29 | N45: 4.61 | O45: 3.86 | P45: 4.2 | BL45: 6.55 | BM45: 6.92 | BN45: 7.67 | BO45: 7.11 | BP45: 2.81 | BQ45: 3.34 | BR45: 3.89 | BS45: 4.29 | BT45: 4.61 | BU45: 3.86 | BV45: 4.2
C46: MCRT, wt% | F46: ='HPS DAILY'!$G$89 -> 25.49 | G46: ='HPS DAILY'!$G$89 -> 25.49 | H46: ='HPS DAILY'!$G$89 -> 25.49 | I46: ='HPS DAILY'!$G$89 -> 25.49 | J46: ='HPS DAILY'!$H$89 -> 25.57 | K46: ='HPS DAILY'!$H$89 -> 25.57 | L46: ='HPS DAILY'!$H$89 -> 25.57 | M46: ='HPS DAILY'!$H$89 -> 25.57 | N46: ='HPS DAILY'!$H$89 -> 25.57 | O46: ='HPS DAILY'!$H$89 -> 25.57 | P46: ='HPS DAILY'!$H$89 -> 25.57 | Q46: ='HPS DAILY'!$H$89 -> 25.57 | R46: ='HPS DAILY'!$H$89 -> 25.57 | S46: ='HPS DAILY'!$I$89 -> 25.57 | T46: ='HPS DAILY'!$I$89 -> 25.57 | U46: ='HPS DAILY'!$I$89 -> 25.57 | V46: ='HPS DAILY'!$I$89 -> 25.57 | W46: ='HPS DAILY'!$I$89 -> 25.57 | X46: ='HPS DAILY'!$I$89 -> 25.57 | Y46: ='HPS DAILY'!$J$89 -> 25.57 | Z46: ='HPS DAILY'!$J$89 -> 25.57 | AA46: ='HPS DAILY'!$J$89 -> 25.57 | AB46: ='HPS DAILY'!$J$89 -> 25.57 | AC46: ='HPS DAILY'!$J$89 -> 25.57 | AD46: ='HPS DAILY'!$J$89 -> 25.57 | AE46: ='HPS DAILY'!$J$89 -> 25.57 | AF46: ='HPS DAILY'!$J$89 -> 25.57 | AG46: ='HPS DAILY'!$J$89 -> 25.57 | AI46: =ISV!G$88 -> 0 | AJ46: =ISV!H$88 -> 17.68 | AK46: =ISV!I$88 -> 0 | AL46: =ISV!J$88 -> 0 | AM46: =ISV!K$88 -> 20.8 | AN46: =ISV!L$88 -> 0 | AO46: =ISV!M$88 -> 0 | AP46: =ISV!N$88 -> 0 | ... BJ46: =ISV!AH$88 -> 0 | BL46: ='HPS DAILY'!K$89 -> 12.605 | BM46: ='HPS DAILY'!L$89 -> 14.2 | BN46: ='HPS DAILY'!M$89 -> 14.45 | BO46: ='HPS DAILY'!N$89 -> 14.5 | BP46: ='HPS DAILY'!O$89 -> 6.97 | BQ46: ='HPS DAILY'!P$89 -> 7.2 | BR46: ='HPS DAILY'!Q$89 -> 7.88 | BS46: ='HPS DAILY'!R$89 -> 8.3 | ... CM46: ='HPS DAILY'!AL$89 -> 0
C47: MCRT, wt%, ART, Low and High | J47: 26.89 | K47: 26.89 | L47: 26.89 | M47: 26.89 | N47: 26.89 | O47: 26.89 | P47: 26.89 | Q47: 26.89 | R47: 26.89 | BL47: 14.2 | BM47: 14.5 | BN47: 15 | BO47: 15.23 | BP47: 10 | BQ47: 10.5 | BR47: 11.6 | BS47: 11.6 | BT47: 12 | BU47: 12.27 | BV47: 13.2 | BW47: 12.5 | BX47: 12.6 | BY47: 12.8 | BZ47: 13 | CA47: 12.43
C48: MCRT, wt%, TOP, Acceptance'Dec24 | K48: 7.51 | L48: 8.22745 | M48: 8.8036 | N48: 9.2672 | O48: 9.29115 | P48: 9.2228 | BQ48: 7.51 | BR48: 8.22745 | BS48: 8.8036 | BT48: 9.2672 | BU48: 9.29115 | BV48: 9.2228
C49: MCRT, wt%, ART, Acceptance | F49: 13.93 | G49: 14.22 | H49: 14.51 | I49: 14.71 | J49: 7.68 | K49: 8.52 | L49: 9.11 | M49: 9.27 | N49: 9.46 | O49: 9.79 | P49: 9.89 | BL49: 13.93 | BM49: 14.22 | BN49: 14.51 | BO49: 14.71 | BP49: 7.68 | BQ49: 8.52 | BR49: 9.11 | BS49: 9.27 | BT49: 9.46 | BU49: 9.79 | BV49: 9.89
C50: C, wt% (ASTM D5291) | F50: {='HPS DAILY'!$G$27:$G$29} -> 83.9 | G50: {='HPS DAILY'!$G$27:$G$29} -> 83.9 | H50: {='HPS DAILY'!$G$27:$G$29} -> 83.9 | I50: {='HPS DAILY'!$G$27:$G$29} -> 83.9 | J50: ='HPS DAILY'!$H$27 -> 83.9 | K50: ='HPS DAILY'!$H$27 -> 83.9 | L50: ='HPS DAILY'!$H$27 -> 83.9 | M50: ='HPS DAILY'!$H$27 -> 83.9 | N50: ='HPS DAILY'!$H$27 -> 83.9 | O50: ='HPS DAILY'!$H$27 -> 83.9 | P50: ='HPS DAILY'!$I$27 -> 83.9 | Q50: ='HPS DAILY'!$I$27 -> 83.9 | R50: ='HPS DAILY'!$I$27 -> 83.9 | S50: ='HPS DAILY'!$I$27 -> 83.9 | T50: ='HPS DAILY'!$I$27 -> 83.9 | U50: ='HPS DAILY'!$I$27 -> 83.9 | V50: ='HPS DAILY'!$I$27 -> 83.9 | W50: ='HPS DAILY'!$I$27 -> 83.9 | ... AG50: ='HPS DAILY'!$I$27 -> 83.9 | AI50: =ISV!G$26 -> 0 | AJ50: =ISV!H$26 -> 0 | AK50: =ISV!I$26 -> 0 | AL50: =ISV!J$26 -> 0 | AM50: =ISV!K$26 -> 86.31 | AN50: =ISV!L$26 -> 86.45 | AO50: =ISV!M$26 -> 0 | AP50: =ISV!N$26 -> 0 | ... BJ50: =ISV!AH$26 -> 0 | BL50: ='HPS DAILY'!K$27 -> 87.68 | BM50: ='HPS DAILY'!L$27 -> 86.89 | BN50: ='HPS DAILY'!M$27 -> 88.44 | BO50: ='HPS DAILY'!N$27 -> 88.09 | BP50: ='HPS DAILY'!O$27 -> 88.54 | BQ50: ='HPS DAILY'!P$27 -> 88.37 | BR50: ='HPS DAILY'!Q$27 -> 89.16 | BS50: ='HPS DAILY'!R$27 -> 89.59 | ... CM50: ='HPS DAILY'!AL$27 -> 0
C51: H, wt% (ASTM D5291) | F51: 9.748 | G51: 9.748 | H51: 9.748 | I51: 9.748 | J51: ='HPS DAILY'!$H$28 -> 9.748 | K51: ='HPS DAILY'!$H$28 -> 9.748 | L51: ='HPS DAILY'!$H$28 -> 9.748 | M51: ='HPS DAILY'!$H$28 -> 9.748 | N51: ='HPS DAILY'!$H$28 -> 9.748 | O51: ='HPS DAILY'!$H$28 -> 9.748 | P51: ='HPS DAILY'!$I$28 -> 9.748 | Q51: ='HPS DAILY'!$I$28 -> 9.748 | R51: ='HPS DAILY'!$I$28 -> 9.748 | S51: ='HPS DAILY'!$I$28 -> 9.748 | T51: ='HPS DAILY'!$I$28 -> 9.748 | U51: ='HPS DAILY'!$I$28 -> 9.748 | V51: ='HPS DAILY'!$I$28 -> 9.748 | W51: ='HPS DAILY'!$I$28 -> 9.748 | ... AG51: ='HPS DAILY'!$I$28 -> 9.748 | AI51: =ISV!G$26 -> 0 | AJ51: =ISV!H$26 -> 0 | AK51: =ISV!I$26 -> 0 | AL51: =ISV!J$26 -> 0 | AM51: =ISV!K$26 -> 86.31 | AN51: =ISV!L$26 -> 86.45 | AO51: =ISV!M$26 -> 0 | AP51: =ISV!N$26 -> 0 | ... BJ51: =ISV!AH$26 -> 0 | BL51: ='HPS DAILY'!K$28 -> 11.09 | BM51: ='HPS DAILY'!L$28 -> 10.74 | BN51: ='HPS DAILY'!M$28 -> 10.97 | BO51: ='HPS DAILY'!N$28 -> 10.92 | BP51: ='HPS DAILY'!O$28 -> 11.46 | BQ51: ='HPS DAILY'!P$28 -> 11.4 | BR51: ='HPS DAILY'!Q$28 -> 11.25 | BS51: ='HPS DAILY'!R$28 -> 11.16 | ... CM51: ='HPS DAILY'!AL$28 -> 0
C52: N, wt% (ASTM D5291) | F52: 0.4384 | G52: 0.4384 | H52: 0.4384 | I52: 0.4384 | J52: ='HPS DAILY'!$H$29 -> 0.4384 | K52: ='HPS DAILY'!$H$29 -> 0.4384 | L52: ='HPS DAILY'!$H$29 -> 0.4384 | M52: ='HPS DAILY'!$H$29 -> 0.4384 | N52: ='HPS DAILY'!$H$29 -> 0.4384 | O52: ='HPS DAILY'!$H$29 -> 0.4384 | P52: ='HPS DAILY'!$I$29 -> 0.4384 | Q52: ='HPS DAILY'!$I$29 -> 0.4384 | R52: ='HPS DAILY'!$I$29 -> 0.4384 | S52: ='HPS DAILY'!$I$29 -> 0.4384 | T52: ='HPS DAILY'!$I$29 -> 0.4384 | U52: ='HPS DAILY'!$I$29 -> 0.4384 | V52: ='HPS DAILY'!$I$29 -> 0.4384 | W52: ='HPS DAILY'!$I$29 -> 0.4384 | ... AG52: ='HPS DAILY'!$I$29 -> 0.4384 | AI52: =ISV!G$28 -> 0 | AJ52: =ISV!H$28 -> 0 | AK52: =ISV!I$28 -> 0 | AL52: =ISV!J$28 -> 0 | AM52: =ISV!K$28 -> 0.4134 | AN52: =ISV!L$28 -> 0.3469 | AO52: =ISV!M$28 -> 0 | AP52: =ISV!N$28 -> 0 | ... BJ52: =ISV!AH$28 -> 0 | BL52: ='HPS DAILY'!K$29 -> 0.2988 | BM52: ='HPS DAILY'!L$28 -> 10.74 | BN52: ='HPS DAILY'!M$28 -> 10.97 | BO52: ='HPS DAILY'!N$28 -> 10.92 | BP52: ='HPS DAILY'!O$28 -> 11.46 | BQ52: ='HPS DAILY'!P$28 -> 11.4 | BR52: ='HPS DAILY'!Q$28 -> 11.25 | BS52: ='HPS DAILY'!R$28 -> 11.16 | BT52: ='HPS DAILY'!S$28 -> 11.17 | ... CM52: ='HPS DAILY'!AL$28 -> 0
C53: S, wt% (ASTM D4294) | F53: =$F$34 -> 5.975 | G53: =$F$34 -> 5.975 | H53: =$F$34 -> 5.975 | I53: =$F$34 -> 5.975 | J53: ='HPS DAILY'!$H$20 -> 5.928 | K53: ='HPS DAILY'!$H$20 -> 5.928 | L53: ='HPS DAILY'!$H$20 -> 5.928 | M53: ='HPS DAILY'!$H$20 -> 5.928 | N53: ='HPS DAILY'!$H$20 -> 5.928 | O53: ='HPS DAILY'!$H$20 -> 5.928 | P53: ='HPS DAILY'!$I$20 -> 5.928 | Q53: ='HPS DAILY'!$I$20 -> 5.928 | R53: ='HPS DAILY'!$I$20 -> 5.928 | S53: ='HPS DAILY'!$I$20 -> 5.928 | T53: ='HPS DAILY'!$I$20 -> 5.928 | U53: ='HPS DAILY'!$I$20 -> 5.928 | V53: ='HPS DAILY'!$I$20 -> 5.928 | W53: ='HPS DAILY'!$I$20 -> 5.928 | ... AG53: ='HPS DAILY'!$I$20 -> 5.928 | AI53: =ISV!G$19 -> 0 | AJ53: =ISV!H$19 -> 3.638 | AK53: =ISV!I$19 -> 0 | AL53: =ISV!J$19 -> 0 | AM53: =ISV!K$19 -> 4.25 | AN53: =ISV!L$19 -> 3.539 | AO53: =ISV!M$19 -> 0 | AP53: =ISV!N$19 -> 0 | ... BJ53: =ISV!AH$19 -> 0 | BL53: ='HPS DAILY'!K$20 -> 1.9585 | BM53: ='HPS DAILY'!L$20 -> 2.0885 | BN53: ='HPS DAILY'!M$20 -> 2.28 | BO53: ='HPS DAILY'!N$20 -> 2.245 | BP53: ='HPS DAILY'!O$20 -> 0.867 | BQ53: ='HPS DAILY'!P$20 -> 0.941 | BR53: ='HPS DAILY'!Q$20 -> 1.037 | BS53: ='HPS DAILY'!R$20 -> 1.121 | ... CM53: ='HPS DAILY'!AL$20 -> 0
C55: CN, wt% | F55: {='HPS DAILY'!$G$31:$G$32} -> 83.886525 | G55: {='HPS DAILY'!$G$31:$G$32} -> 83.886525 | H55: {='HPS DAILY'!$G$31:$G$32} -> 83.886525 | I55: {='HPS DAILY'!$G$31:$G$32} -> 83.886525 | J55: ='HPS DAILY'!$H$31 -> 83.91662 | K55: ='HPS DAILY'!$H$31 -> 83.91662 | L55: ='HPS DAILY'!$H$31 -> 83.91662 | M55: ='HPS DAILY'!$H$31 -> 83.91662 | N55: ='HPS DAILY'!$H$31 -> 83.91662 | O55: ='HPS DAILY'!$H$31 -> 83.91662 | P55: ='HPS DAILY'!$H$31 -> 83.91662 | Q55: ='HPS DAILY'!$H$31 -> 83.91662 | ... S55: ='HPS DAILY'!$H$31 -> 83.91662 | T55: ='HPS DAILY'!$I$31 -> 83.91662 | U55: ='HPS DAILY'!$I$31 -> 83.91662 | V55: ='HPS DAILY'!$I$31 -> 83.91662 | W55: ='HPS DAILY'!$I$31 -> 83.91662 | X55: ='HPS DAILY'!$I$31 -> 83.91662 | Y55: ='HPS DAILY'!$J$31 -> 83.91662 | Z55: ='HPS DAILY'!$J$31 -> 83.91662 | AA55: ='HPS DAILY'!$J$31 -> 83.91662 | AB55: ='HPS DAILY'!$J$31 -> 83.91662 | AC55: ='HPS DAILY'!$J$31 -> 83.91662 | AD55: ='HPS DAILY'!$J$31 -> 83.91662 | AE55: ='HPS DAILY'!$J$31 -> 83.91662 | AF55: ='HPS DAILY'!$J$31 -> 83.91662 | AG55: ='HPS DAILY'!$J$31 -> 83.91662 | AI55: =ISV!G$30 -> #DIV/0! | AJ55: =ISV!H$30 -> #DIV/0! | AK55: =ISV!I$30 -> #DIV/0! | AL55: =ISV!J$30 -> #DIV/0! | AM55: =ISV!K$30 -> 85.356652 | AN55: =ISV!L$30 -> 85.969431 | AO55: =ISV!M$30 -> #DIV/0! | AP55: =ISV!N$30 -> #DIV/0! | ... BJ55: =ISV!AH$30 -> #DIV/0! | BL55: ='HPS DAILY'!K$31 -> 86.803115 | BM55: ='HPS DAILY'!L$31 -> 86.878706 | BN55: ='HPS DAILY'!M$31 -> 86.706088 | BO55: ='HPS DAILY'!N$31 -> 86.739625 | BP55: ='HPS DAILY'!O$31 -> 87.569121 | BQ55: ='HPS DAILY'!P$31 -> 87.523844 | BR55: ='HPS DAILY'!Q$31 -> 87.658019 | BS55: ='HPS DAILY'!R$31 -> 87.723936 | ... CM55: ='HPS DAILY'!AL$31 -> #DIV/0! | CO55: {='LTO DAILY'!H29:AI29} -> #DIV/0! | CP55: 86.436586 | CQ55: 86.317998 | CR55: 86.48045 | CS55: 86.766042 | CT55: 86.440473 | CU55: 86.862996 | CV55: 86.587575 | CW55: 86.846653 | CX55: 86.662852 | CY55: 86.475795 | CZ55: 86.678348 | DA55: 86.712616 | DB55: #DIV/0! | DC55: #DIV/0! | DD55: #DIV/0! | DE55: #DIV/0! | DF55: #DIV/0! | DG55: #DIV/0! | DH55: #DIV/0! | DI55: #DIV/0! | DJ55: #DIV/0! | DK55: #DIV/0! | DL55: #DIV/0! | DM55: #DIV/0! | DN55: #DIV/0! | DO55: #DIV/0! | DP55: #DIV/0!
C56: HN, wt% | F56: 9.7464344 | G56: 9.7464344 | H56: 9.7464344 | I56: 9.7464344 | J56: ='HPS DAILY'!$H$32 -> 9.749931 | K56: ='HPS DAILY'!$H$32 -> 9.749931 | L56: ='HPS DAILY'!$H$32 -> 9.749931 | M56: ='HPS DAILY'!$H$32 -> 9.749931 | N56: ='HPS DAILY'!$H$32 -> 9.749931 | O56: ='HPS DAILY'!$H$32 -> 9.749931 | P56: ='HPS DAILY'!$H$32 -> 9.749931 | Q56: ='HPS DAILY'!$H$32 -> 9.749931 | ... S56: ='HPS DAILY'!$H$32 -> 9.749931 | T56: ='HPS DAILY'!$I$32 -> 9.749931 | U56: ='HPS DAILY'!$I$32 -> 9.749931 | V56: ='HPS DAILY'!$I$32 -> 9.749931 | W56: ='HPS DAILY'!$I$32 -> 9.749931 | X56: ='HPS DAILY'!$I$32 -> 9.749931 | Y56: ='HPS DAILY'!$J$32 -> 9.749931 | Z56: ='HPS DAILY'!$J$32 -> 9.749931 | AA56: ='HPS DAILY'!$J$32 -> 9.749931 | AB56: ='HPS DAILY'!$J$32 -> 9.749931 | AC56: ='HPS DAILY'!$J$32 -> 9.749931 | AD56: ='HPS DAILY'!$J$32 -> 9.749931 | AE56: ='HPS DAILY'!$J$32 -> 9.749931 | AF56: ='HPS DAILY'!$J$32 -> 9.749931 | AG56: ='HPS DAILY'!$J$32 -> 9.749931 | AI56: =ISV!G$31 -> #DIV/0! | AJ56: =ISV!H$31 -> #DIV/0! | AK56: =ISV!I$31 -> #DIV/0! | AL56: =ISV!J$31 -> #DIV/0! | AM56: =ISV!K$31 -> 10.097224 | AN56: =ISV!L$31 -> 10.511242 | AO56: =ISV!M$31 -> #DIV/0! | AP56: =ISV!N$31 -> #DIV/0! | ... BJ56: =ISV!AH$31 -> #DIV/0! | BL56: ='HPS DAILY'!K$32 -> 10.979089 | BM56: ='HPS DAILY'!L$32 -> 10.738604 | BN56: ='HPS DAILY'!M$32 -> 10.754927 | BO56: ='HPS DAILY'!N$32 -> 10.752602 | BP56: ='HPS DAILY'!O$32 -> 11.334336 | BQ56: ='HPS DAILY'!P$32 -> 11.290843 | BR56: ='HPS DAILY'!Q$32 -> 11.060484 | BS56: ='HPS DAILY'!R$32 -> 10.927549 | ... CM56: ='HPS DAILY'!AL$32 -> #DIV/0! | CO56: {='LTO DAILY'!H30:AI30} -> #DIV/0! | CP56: 13.353376 | CQ56: 13.462713 | CR56: 13.308525 | CS56: 13.046253 | CT56: 13.422434 | CU56: 12.980327 | CV56: 13.250974 | CW56: 12.935132 | CX56: 13.136139 | CY56: 13.324887 | CZ56: 13.138488 | DA56: 13.105082 | DB56: #DIV/0! | DC56: #DIV/0! | DD56: #DIV/0! | DE56: #DIV/0! | DF56: #DIV/0! | DG56: #DIV/0! | DH56: #DIV/0! | DI56: #DIV/0! | DJ56: #DIV/0! | DK56: #DIV/0! | DL56: #DIV/0! | DM56: #DIV/0! | DN56: #DIV/0! | DO56: #DIV/0! | DP56: #DIV/0!
C57: SN, wt | F57: ='HPS DAILY'!$G$34 -> 5.9740404 | G57: ='HPS DAILY'!$G$34 -> 5.9740404 | H57: ='HPS DAILY'!$G$34 -> 5.9740404 | I57: ='HPS DAILY'!$G$34 -> 5.9740404 | J57: ='HPS DAILY'!$H$34 -> 5.9291743 | K57: ='HPS DAILY'!$H$34 -> 5.9291743 | L57: ='HPS DAILY'!$H$34 -> 5.9291743 | M57: ='HPS DAILY'!$H$34 -> 5.9291743 | N57: ='HPS DAILY'!$H$34 -> 5.9291743 | O57: ='HPS DAILY'!$H$34 -> 5.9291743 | P57: ='HPS DAILY'!$H$34 -> 5.9291743 | Q57: ='HPS DAILY'!$H$34 -> 5.9291743 | ... S57: ='HPS DAILY'!$H$34 -> 5.9291743 | T57: ='HPS DAILY'!$I$34 -> 5.9291743 | U57: ='HPS DAILY'!$I$34 -> 5.9291743 | V57: ='HPS DAILY'!$I$34 -> 5.9291743 | W57: ='HPS DAILY'!$I$34 -> 5.9291743 | X57: ='HPS DAILY'!$I$34 -> 5.9291743 | Y57: ='HPS DAILY'!$J$34 -> 5.9291743 | Z57: ='HPS DAILY'!$J$34 -> 5.9291743 | AA57: ='HPS DAILY'!$J$34 -> 5.9291743 | AB57: ='HPS DAILY'!$J$34 -> 5.9291743 | AC57: ='HPS DAILY'!$J$34 -> 5.9291743 | AD57: ='HPS DAILY'!$J$34 -> 5.9291743 | AE57: ='HPS DAILY'!$J$34 -> 5.9291743 | AF57: ='HPS DAILY'!$J$34 -> 5.9291743 | AG57: ='HPS DAILY'!$J$34 -> 5.9291743
C58: HN/CN | AB58: =AB$56/AB$55 -> 0.11618594 | AC58: =AC$56/AC$55 -> 0.11618594 | AD58: =AD$56/AD$55 -> 0.11618594 | AE58: =AE$56/AE$55 -> 0.11618594 | AF58: =AF$56/AF$55 -> 0.11618594 | AG58: =AG$56/AG$55 -> 0.11618594 | EV58: Breakdown Flow rate, Low gas (L/h) | EZ58: Breakdown Flow rate, Low gas (L/h) | FF58: Breakdown Flow rate, Low gas (L/h)
DR59: H2 | FX59: H2
DR60: CH4 | EV60: =EV$73*EV$9/100 -> 0.08103 | EW60: =EW$73*EW$9/100 -> 0.032165 | EX60: =EX$73*EX$9/100 -> 0.00575 | EY60: =EY$73*EY$9/100 -> 0.00278125 | EZ60: =EZ$73*EZ$9/100 -> 0.064233043 | FA60: =FA$73*FA$9/100 -> 0.18239583 | FB60: =FB$73*FB$9/100 -> 0.19129765 | FC60: =FC$73*FC$9/100 -> 0.05864375 | ... FK60: =FK$73*FK$9/100 -> 0 | FX60: CH4
DR61: C2H6 | EV61: =EV$73*EV$10/100 -> 0.05913 | EW61: =EW$73*EW$10/100 -> 0.058969167 | EX61: =EX$73*EX$10/100 -> 0.010541667 | EY61: =EY$73*EY$10/100 -> 0.0046354167 | EZ61: =EZ$73*EZ$10/100 -> 0.11240783 | FA61: =FA$73*FA$10/100 -> 0.2896875 | FB61: =FB$73*FB$10/100 -> 0.31882941 | FC61: =FC$73*FC$10/100 -> 0.1172875 | ... FK61: =FK$73*FK$10/100 -> 0 | FX61: C2H6
DR62: C3H8 | EV62: =EV$73*EV$11/100 -> 0.12921 | EW62: =EW$73*EW$11/100 -> 0.085773333 | EX62: =EX$73*EX$11/100 -> 0.015333333 | EY62: =EY$73*EY$11/100 -> 0.0074166667 | EZ62: =EZ$73*EZ$11/100 -> 0.19269913 | FA62: =FA$73*FA$11/100 -> 0.43989583 | FB62: =FB$73*FB$11/100 -> 0.47824412 | FC62: =FC$73*FC$11/100 -> 0.28149 | ... FK62: =FK$73*FK$11/100 -> 0 | FX62: C3H8
DR63: C4H10(Total) | EV63: =EV$73*EV$12/100 -> 0.160965 | EW63: =EW$73*EW$12/100 -> 0.091134167 | EX63: =EX$73*EX$12/100 -> 0.016291667 | EY63: =EY$73*EY$12/100 -> 0.010197917 | EZ63: =EZ$73*EZ$12/100 -> 0.32919435 | FA63: =FA$73*FA$12/100 -> 0.49354167 | FB63: =FB$73*FB$12/100 -> 0.53138235 | FC63: =FC$73*FC$12/100 -> 0.59816625 | ... FK63: =FK$73*FK$12/100 -> 0 | FX63: C4H10(Total)
DR64: C5H12 | EV64: =EV$73*EV$13/100 -> 0.10293 | EW64: =EW$73*EW$13/100 -> 0.058969167 | EX64: =EX$73*EX$13/100 -> 0.010541667 | EY64: =EY$73*EY$13/100 -> 0.011125 | EZ64: =EZ$73*EZ$13/100 -> 0.39342739 | FA64: =FA$73*FA$13/100 -> 0.4184375 | FB64: =FB$73*FB$13/100 -> 0.40385059 | FC64: =FC$73*FC$13/100 -> 0.80928375 | ... FK64: =FK$73*FK$13/100 -> 0 | FX64: C5H12
DR65: C6H14 | EV65: =EV$73*EV$14/100 -> 0.04599 | EW65: =EW$73*EW$14/100 -> 0.06433 | EX65: =EX$73*EX$14/100 -> 0.0115 | EY65: =EY$73*EY$14/100 -> 0.0389375 | EZ65: =EZ$73*EZ$14/100 -> 0.73868 | FA65: =FA$73*FA$14/100 -> 0.75104167 | FB65: =FB$73*FB$14/100 -> 0.66954176 | FC65: =FC$73*FC$14/100 -> 0.52779375 | ... FK65: =FK$73*FK$14/100 -> 0 | FX65: C6H14
C66: Lab Date---> | F66: 46077 | G66: 46078 | H66: 46079 | I66: 46080 | J66: 46081 | K66: 46082 | L66: 46083 | M66: 46084 | N66: 46085 | O66: 46086 | P66: 46087 | Q66: 46088 | R66: 46089 | S66: 46090 | T66: 46091 | U66: 46092 | V66: 46093 | W66: 46094 | X66: 46095 | Y66: 46096 | Z66: 46097 | AA66: 46098 | AB66: 46008 | AC66: 46009 | AD66: 46010
C67: Flow Information | F67: VR | J67: VR | P67: VR | AI67: ISV | AM67: ISV | AS67: ISV | BL67: HPS | BP67: HPS | BV67: HPS | CO67: LTO | CS67: LTO | CY67: LTO | DS67: High gas (g/h) | DW67: High gas (g/h) | EC67: High gas (g/h) | EV67: Low gas | EZ67: Low gas | FF67: Low gas
C68: Accumulative mass to Rx1 (Acc Mass_23.5 hrs), g | F68: =2797+2669 -> 5466 | G68: =2885+2686 -> 5571 | H68: =2722+2823 -> 5545 | I68: 5422
C69: VR rate Rx1, g/h | F69: =F$68/23.5 -> 232.59574 | G69: =G68/24 -> 232.125 | H69: =H68/(23.4) -> 236.96581 | I69: =I68/23.5 -> 230.7234 | BS69: 1732/12 | BT69: 3444
C70: Accumulative mass to Rx2 (Acc Mass_23.5 hrs), g | F70: =1198+1113 -> 2311 | G70: =1149+1100 -> 2249 | H70: =1064+1095 -> 2159 | I70: 2186 | CS70: 45990 | CT70: 45991 | CU70: 45992
C71: VR rate Rx2, g/h | F71: =F70/23.5 -> 98.340426 | G71: =G70/24 -> 93.708333 | H71: =H70/(23.4) -> 92.264957 | I71: =I70/23.5 -> 93.021277 | J71: D5 | K71: D6 | L71: D7 | M71: D8 | N71: D9 | O71: D10 | P71: D11 | Q71: D12 | R71: D13 | S71: D14 | T71: D15 | U71: D16 | V71: D17 | W71: D18 | X71: D19 | Y71: D20 | Z71: D21 | AA71: D22 | AB71: D23 | AC71: D24 | AD71: D25 | AE71: D26 | AF71: D27 | AG71: D28 | AM71: D5 | AN71: D6 | AO71: D7 | AP71: D8 | AQ71: D9 | AR71: D10 | AS71: D11 | AT71: D12 | AU71: D13 | AV71: D14 | AW71: D15 | AX71: D16 | AY71: D17 | AZ71: D18 | BA71: D19 | BB71: D20 | BC71: D21 | BD71: D22 | BE71: D23 | BF71: D24 | BG71: D25 | BH71: D26 | BI71: D27 | BJ71: D28 | BL71: D1 | BP71: D5 | BQ71: D6 | BR71: D7 | BS71: D8 | BT71: D9 | BU71: D10 | BV71: D11 | BW71: D12 | BX71: D13 | BY71: D14 | BZ71: D15 | CA71: D16 | CB71: D17 | CC71: D18 | CD71: D19 | CE71: D20 | CF71: D21 | CG71: D22 | CH71: D23 | CI71: D24 | CJ71: D25 | CK71: D26 | CL71: D27 | CM71: D28 | CO71: D1 | CP71: D2 | CQ71: D3 | CR71: D4 | CS71: D5 | CT71: D6 | CU71: D7 | CV71: D8 | CW71: D9 | CX71: D10 | CY71: D11 | CZ71: D12 | DA71: D13 | DS71: D1 | DT71: D2 | DU71: D3 | DV71: D4 | DW71: D5 | DX71: D6 | DY71: D7 | DZ71: D8 | EA71: D9 | EB71: D10 | EC71: D11 | ED71: D12 | EE71: D13 | EV71: D1 | EW71: D2 | EX71: D3 | EY71: D4 | EZ71: D5 | FA71: D6 | FB71: D7 | FC71: D8 | FD71: D9 | FE71: D10 | FF71: D11 | FG71: D12 | FH71: D13
C72: Accumulative mass (Acc Mass_23.5 hrs), g | F72: =F68+F70 -> 7777 | G72: =G68+G70 -> 7820 | H72: =H68+H70 -> 7704 | I72: =I68+I71 -> 5515.0213 | J72: 2324 | K72: 4291 | L72: 2987 | M72: 4219 | N72: =2350+1485 -> 3835 | O72: 4348 | P72: 4352 | Q72: 4295 | R72: 4291 | AJ72: 19 | AM72: 45 | AN72: 36.228 | AS72: 27.11 | BL72: =3620+3564 -> 7184 | BM72: =(3320+3350) -> 6670 | BN72: 7042 | BO72: =2044+1464+3456 -> 6964 | BP72: 1760 | BQ72: 2576 | BR72: 2610 | BS72: 3456 | BT72: =2024+1170 -> 3194 | BU72: 3546 | BV72: 3556 | BW72: 3468 | BX72: 3510 | CP72: 338 | CQ72: 192 | CR72: 272 | CS72: 392 | CT72: 446 | CU72: 372 | CV72: 390 | CW72: =218+160 -> 378 | CX72: 436 | CY72: 348 | CZ72: 396 | DA72: 360 | DS72: 753 | DT72: =1308.5+249.9 -> 1558.4 | DU72: 489.4 | DV72: 491.1 | DW72: 315.7 | DX72: 344 | DY72: 347.7 | DZ72: 363.4 | EA72: =215.5+133.2 -> 348.7 | EB72: 361.6 | EC72: 374.4 | ED72: 373.8 | EE72: 373.5 | EU72: Litre | EV72: 131.4 | EW72: =223.8+1062.8 -> 1286.6 | EX72: 230 | EY72: 222.5 | EZ72: 1846.7 | FA72: 2575 | FB72: 1806.7 | FC72: 2814.9 | FD72: =1055.9+918.3 -> 1974.2 | FE72: 2714.3 | FF72: 2390 | FG72: 2553.8 | FH72: 2067.9
C73: Total rate, g/h (23.5hrs) | F73: =F72/23.5 -> 330.93617 | G73: =G$69+G$71 -> 325.83333 | H73: =H$69+H$71 -> 329.23077 | I73: 325.39 | J73: =J72/12 -> 193.66667 | K73: =K72/23 -> 186.56522 | L73: =L$72/16 -> 186.6875 | M73: =M$72/23 -> 183.43478 | N73: =N$72/21 -> 182.61905 | O73: =O72/23 -> 189.04348 | P73: =P72/23 -> 189.21739 | Q73: =Q72/23 -> 186.73913 | R73: =R72/23 -> 186.56522 | AI73: =AI$72/23.5 -> 0 | AJ73: =AJ72/12 -> 1.5833333 | AK73: =AK72/24 -> 0 | AM73: =AM72/23.5 -> 1.9148936 | AN73: =AN72/24 -> 1.5095 | AO73: =AO72/24 -> 0 | AP73: =AP72/24 -> 0 | AS73: =AS72/24 -> 1.1295833 | AT73: =AT72/24 -> 0 | AU73: =AU72/24 -> 0 | AV73: =AV72/24 -> 0 | BL73: =BL$72/23.5 -> 305.70213 | BM73: =BM72/24 -> 277.91667 | BN73: =BN72/24 -> 293.41667 | BO73: =BO72/24 -> 290.16667 | BP73: =BP72/12 -> 146.66667 | BQ73: =BQ72/18 -> 143.11111 | BR73: =BR72/17.7 -> 147.45763 | BS73: =BS72/24 -> 144 | BT73: =BT72/22.3 -> 143.2287 | BU73: =BU72/24 -> 147.75 | BV73: =BV72/24 -> 148.16667 | BW73: =BW72/24 -> 144.5 | BX73: =BX72/24 -> 146.25 | BY73: 143.5 | CB73: =CB$72/23.5 -> 0 | CC73: =CC$72/23.5 -> 0 | CD73: =CD$72/23.5 -> 0 | CE73: =CE$72/23.5 -> 0 | CF73: =CF$72/23.5 -> 0 | CG73: =CG$72/23.5 -> 0 | CH73: =CH$72/23.5 -> 0 | CI73: =CI$72/23.5 -> 0 | ... CM73: =CM$72/23.5 -> 0 | CO73: =CO$72/(11+8) -> 0 | CP73: =CP$72/24 -> 14.083333 | CQ73: =CQ$72/24 -> 8 | CR73: =CR72/24 -> 11.333333 | CS73: =CS$72/24 -> 16.333333 | CT73: =CT$72/24 -> 18.583333 | CU73: =CU$72/17 -> 21.882353 | CV73: =CV72/24 -> 16.25 | CW73: =CW$72/22.33 -> 16.9279 | CX73: =CX$72/24 -> 18.166667 | CY73: =CY72/24 -> 14.5 | CZ73: =CZ72/24 -> 16.5 | DA73: =DA72/24 -> 15 | DC73: =DC$72/(21-4) -> 0 | DD73: =DD$72/12 -> 0 | DE73: =DE$72/23.5 -> 0 | DF73: =DF$72/23.5 -> 0 | DG73: =DG$72/23.5 -> 0 | DH73: =DH$72/23.5 -> 0 | DI73: =DI$72/23.5 -> 0 | DJ73: =DJ$72/23.5 -> 0 | DK73: =DK$72/23.5 -> 0 | DL73: =DL$72/23.5 -> 0 | ... DP73: =DP$72/23.5 -> 0 | DS73: =DS$72/12 -> 62.75 | DT73: =DT$72/24 -> 64.933333 | DU73: =DU$72/24 -> 20.391667 | DV73: =DV$72/24 -> 20.4625 | DW73: =DW$72/23 -> 13.726087 | DX73: =DX$72/24 -> 14.333333 | DY73: =DY$72/23 -> 15.117391 | DZ73: =DZ$72/24 -> 15.141667 | EA73: =EA$72/24 -> 14.529167 | EB73: =EB$72/24 -> 15.066667 | EC73: =EC72/24 -> 15.6 | ED73: =ED72/24 -> 15.575 | EE73: =EE72/24 -> 15.5625 | EU73: L/hr | EV73: =EV$72/12 -> 10.95 | EW73: =EW$72/24 -> 53.608333 | EX73: =EX$72/24 -> 9.5833333 | EY73: =EY$72/24 -> 9.2708333 | EZ73: =EZ$72/23 -> 80.291304 | FA73: =FA$72/24 -> 107.29167 | FB73: =FB$72/17 -> 106.27647 | FC73: =FC$72/24 -> 117.2875 | FD73: =FD$72/24 -> 82.258333 | FE73: =FE$72/24 -> 113.09583 | FF73: =FF72/24 -> 99.583333 | FG73: =FG72/24 -> 106.40833 | FH73: =FH72/24 -> 86.1625
C74: rate, g/h, ART
C75: LTO Split, wt/wt Liquid product : LTO/(LTO+HPS) | F75: =CO$73*100/(CO$73+BL$73) -> 0 | G75: =CP$73*100/(CP$73+BM$73) -> 4.8230594 | H75: =CQ$73*100/(CQ$73+BN$73) -> 2.6541333 | I75: =CR$73*100/(CR$73+BO$73) -> 3.7589829 | J75: =CS$73*100/(CS$73+BP$73) -> 10.02045 | K75: =CT$73*100/(CT$73+BQ$73) -> 11.492871 | L75: =CU$73*100/(CU$73+BR$73) -> 12.922142 | M75: =CV$73*100/(CV$73+BS$73) -> 10.140406 | ... AG75: =DP$73*100/(DP$73+CM$73) -> #DIV/0! | BP75: 2024 | BQ75: 1760 | BW75: 153.8 | BY75: 161.64
C76: Density, g/ml | F76: ='HPS DAILY'!$G$11 -> 1.0542 | G76: ='HPS DAILY'!$G$11 -> 1.0542 | H76: ='HPS DAILY'!$G$11 -> 1.0542 | I76: ='HPS DAILY'!$G$11 -> 1.0542 | J76: ='HPS DAILY'!$G$11 -> 1.0542 | K76: ='HPS DAILY'!$G$11 -> 1.0542 | L76: ='HPS DAILY'!$G$11 -> 1.0542 | M76: ='HPS DAILY'!$G$11 -> 1.0542 | ... AA76: ='HPS DAILY'!$G$11 -> 1.0542 | AB76: 1.0454 | AC76: 1.0454 | AD76: 1.0454 | AE76: 1.0454 | AF76: 1.0454 | AG76: 1.0454 | BQ76: =AVERAGE(BQ73:BU73) -> 145.10949 | BW76: =AVERAGE(BV73:BZ73) -> 145.60417 | CT76: =AVERAGE(CT73:CX73) -> 18.362051 | CZ76: =AVERAGE(CY73:DC73) -> 11.5
C77: Volumetric Flow rate, ml | F77: =F$73/F$76 -> 313.92162 | G77: =G$73/G$76 -> 309.08114 | H77: =H$73/H$76 -> 312.3039 | I77: =I$73/I$76 -> 308.6606 | J77: =J$73/J$76 -> 183.70961 | K77: =K$73/K$76 -> 176.97327 | L77: =L$73/L$76 -> 177.08926 | M77: =M$73/M$76 -> 174.00378 | ... AG77: =AG$73/AG$76 -> 0 | CT77: =100*CT76/(CT76+BQ76) -> 11.232567 | CU77: %wt LTO | CZ77: =100*CZ76/(CZ76+BW76) -> 7.3199841 | DA77: %wt HPS
C78: MEBU LHSV, Actual, hr-1 | F78: =F$77/(3*186) -> 0.56258355 | G78: =G$77/(3*186) -> 0.55390885 | H78: =H$77/(3*186) -> 0.5596844 | I78: =I$77/(3*186) -> 0.55315519 | J78: =J$77/(3*186) -> 0.32922868 | K78: =K$77/(3*186) -> 0.31715639 | L78: =L$77/(3*186) -> 0.31736427 | M78: =M$77/(3*186) -> 0.31183473 | ... Q78: =Q$77/(3*186) -> 0.31745204 | R78: =R77/(3*186) -> 0.31715639 | S78: =S$77/(3*186) -> 0 | T78: =T$77/(3*186) -> 0 | U78: =U$77/(3*186) -> 0
C79: MEBU Target LHSV, hr-1 | F79: 0.55 | G79: 0.55 | H79: 0.55 | I79: 0.55 | J79: 0.33 | K79: 0.32 | L79: 0.32 | M79: 0.32 | N79: 0.32 | O79: 0.32 | P79: 0.32 | Q79: 0.32 | R79: 0.32 | S79: 0.32 | T79: 0.32 | U79: 0.32 | V79: 0.32 | W79: 0.32 | X79: 0.32 | Y79: 0.32 | Z79: 0.32 | AA79: 0.32
C80: ISV LHSV, hr-1 | F80: =F$77/137 -> 2.2913987 | G80: =G$77/137 -> 2.2560667 | H80: =H$77/137 -> 2.2795905 | I80: =I$77/137 -> 2.252997 | J80: =J$77/137 -> 1.340946 | K80: =K$77/137 -> 1.2917757 | L80: =L$77/137 -> 1.2926224 | M80: =M$77/137 -> 1.2701006 | ... U80: =U$77/137 -> 0
C81: MEBU LHSV, hr-1, ART, Acceptance | F81: 0.55 | G81: 0.54 | H81: 0.54 | I81: 0.55 | J81: 0.33 | K81: 0.32 | L81: 0.32 | M81: 0.32 | N81: 0.32 | O81: 0.32 | P81: 0.32 | Q81: 0.32 | R81: 0.32 | S81: 0.32 | T81: 0.32 | U81: 0.32 | V81: 0.32 | W81: 0.32 | X81: 0.32 | Y81: 0.32 | Z81: 0.32 | AA81: 0.32
C82: LCF LHSV, hr-1 | F82: 0.38 | G82: 0.38 | H82: 0.38 | I82: 0.38 | J82: 0.23 | K82: 0.23 | L82: 0.23 | M82: 0.23 | N82: 0.23 | O82: 0.23 | P82: 0.23 | Q82: 0.23 | R82: 0.23 | S82: 0.23 | T82: 0.23 | U82: 0.23 | V82: 0.23 | W82: 0.23 | X82: 0.23 | Y82: 0.23 | Z82: 0.23 | AA82: 0.23
C83: Pressure, barg
C84: Pressure, barg, ART | F84: 176.5 | G84: 176.5 | H84: 176.5 | I84: 176.5 | J84: 176.5 | K84: 176.5 | L84: 176.5 | M84: 176.5 | N84: 176.5 | O84: 176.5 | P84: 176.5 | Q84: 176.5 | R84: 176.5
C85: Temperature, degC | F85: 400/405/407 | G85: 400/405/407 | H85: 400/405/407 | I85: 400/405/407 | J85: 423.2 | K85: 423.6
C86: Temperature, degC, ART
C88: IBP-90, g/h | F88: =F8*F$73/100 -> 0 | G88: =G8*G$73/100 -> 0 | H88: =H8*H$73/100 -> 0 | I88: =I8*I$73/100 -> 0 | J88: =J8*J$73/100 -> 0 | K88: =K8*K$73/100 -> 0 | L88: =L8*L$73/100 -> 0 | M88: =M8*M$73/100 -> 0 | ... AG88: =AG8*AG$73/100 -> 0 | AI88: =AI8*AI$73/100 -> 0 | AJ88: =AJ8*AJ$73/100 -> 0.0031666667 | AK88: =AK8*AK$73/100 -> 0 | AL88: =AL8*AL$73/100 -> 0 | AM88: =AM8*AM$73/100 -> 0 | AN88: =AN8*AN$73/100 -> 0 | AO88: =AO8*AO$73/100 -> 0 | AP88: =AP8*AP$73/100 -> 0 | ... BJ88: =BJ8*BJ$73/100 -> 0 | BL88: =BL8*BL$73/100 -> 0.35461447 | BM88: =BM8*BM$73/100 -> 0.40575833 | BN88: =BN8*BN$73/100 -> 0.21615028 | BO88: =BO8*BO$73/100 -> 0.147985 | BP88: =BP8*BP$73/100 -> 0.049866667 | BQ88: =BQ8*BQ$73/100 -> 0.062968889 | BR88: =BR8*BR$73/100 -> 0.070779661 | BS88: =BS8*BS$73/100 -> 0.04464 | ... CM88: =CM8*CM$73/100 -> 0 | CO88: =CO$73*CO8/100 -> 0 | CP88: =CP$73*CP8/100 -> 0.169 | CQ88: =CQ$73*CQ8/100 -> 0.344 | CR88: =CR$73*CR8/100 -> 0.46466667 | CS88: =CS$73*CS8/100 -> 0.245 | CT88: =CT$73*CT8/100 -> 0.7805 | CU88: =CU$73*CU8/100 -> 0.24070588 | CV88: =CV$73*CV8/100 -> 0.3575 | ... DP88: =DP$73*DP8/100 -> 0 | FX88: H2
C89: 90-160, g/h | F89: =F9*F$73/100 -> 0 | G89: =G9*G$73/100 -> 0 | H89: =H9*H$73/100 -> 0 | I89: =I9*I$73/100 -> 0 | J89: =J9*J$73/100 -> 0 | K89: =K9*K$73/100 -> 0 | L89: =L9*L$73/100 -> 0 | M89: =M9*M$73/100 -> 0 | ... AG89: =AG9*AG$73/100 -> 0 | AI89: =AI9*AI$73/100 -> 0 | AJ89: =AJ9*AJ$73/100 -> 0.19615917 | AK89: =AK9*AK$73/100 -> 0 | AL89: =AL9*AL$73/100 -> 0 | AM89: =AM9*AM$73/100 -> 0 | AN89: =AN9*AN$73/100 -> 0 | AO89: =AO9*AO$73/100 -> 0 | AP89: =AP9*AP$73/100 -> 0 | ... BJ89: =BJ9*BJ$73/100 -> 0 | BL89: =BL9*BL$73/100 -> 1.5529668 | BM89: =BM9*BM$73/100 -> 1.3617917 | BN89: =BN9*BN$73/100 -> 1.355585 | BO89: =BO9*BO$73/100 -> 1.4392267 | BP89: =BP9*BP$73/100 -> 2.0826667 | BQ89: =BQ9*BQ$73/100 -> 2.0693867 | BR89: =BR9*BR$73/100 -> 2.1440339 | BS89: =BS9*BS$73/100 -> 2.03184 | ... CM89: =CM9*CM$73/100 -> 0 | CO89: =CO$73*CO9/100 -> 0 | CP89: =CP$73*CP9/100 -> 2.704 | CQ89: =CQ$73*CQ9/100 -> 1.496 | CR89: =CR$73*CR9/100 -> 2.278 | CS89: =CS$73*CS9/100 -> 2.7766667 | CT89: =CT$73*CT9/100 -> 3.6795 | CU89: =CU$73*CU9/100 -> 3.1729412 | CV89: =CV$73*CV9/100 -> 2.6975 | ... DP89: =DP$73*DP9/100 -> 0 | FX89: CH4, g/h
C90: 160-250, g/h | F90: =F10*F$73/100 -> 0 | G90: =G10*G$73/100 -> 0 | H90: =H10*H$73/100 -> 0 | I90: =I10*I$73/100 -> 0 | J90: =J10*J$73/100 -> 0 | K90: =K10*K$73/100 -> 0 | L90: =L10*L$73/100 -> 0 | M90: =M10*M$73/100 -> 0 | ... AG90: =AG10*AG$73/100 -> 0 | AI90: =AI10*AI$73/100 -> 0 | AJ90: =AJ10*AJ$73/100 -> 0.025475833 | AK90: =AK10*AK$73/100 -> 0 | AL90: =AL10*AL$73/100 -> 0 | AM90: =AM10*AM$73/100 -> 0 | AN90: =AN10*AN$73/100 -> 0 | AO90: =AO10*AO$73/100 -> 0 | AP90: =AP10*AP$73/100 -> 0 | ... BJ90: =BJ10*BJ$73/100 -> 0 | BL90: =BL10*BL$73/100 -> 7.3383796 | BM90: =BM10*BM$73/100 -> 6.3976417 | BN90: =BN10*BN$73/100 -> 6.8776867 | BO90: =BO10*BO$73/100 -> 7.930255 | BP90: =BP10*BP$73/100 -> 12.199733 | BQ90: =BQ10*BQ$73/100 -> 12.281796 | BR90: =BR10*BR$73/100 -> 12.286169 | BS90: =BS10*BS$73/100 -> 11.54448 | ... CM90: =CM10*CM$73/100 -> 0 | CO90: =CO$73*CO10/100 -> 0 | CP90: =CP$73*CP10/100 -> 4.9995833 | CQ90: =CQ$73*CQ10/100 -> 2.928 | CR90: =CR$73*CR10/100 -> 4.2953333 | CS90: =CS$73*CS10/100 -> 6.8763333 | CT90: =CT$73*CT10/100 -> 7.63775 | CU90: =CU$73*CU10/100 -> 9.9127059 | CV90: =CV$73*CV10/100 -> 7.13375 | ... DP90: =DP$73*DP10/100 -> 0 | FX90: C2H6, g/h
C91: 250-360, g/h | F91: =F11*F$73/100 -> 3.6105136 | G91: =G11*G$73/100 -> 3.5548417 | H91: =H11*H$73/100 -> 3.5919077 | I91: =I11*I$73/100 -> 3.5500049 | J91: =J11*J$73/100 -> 1.3111233 | K91: =K11*K$73/100 -> 1.2630465 | L91: =L11*L$73/100 -> 1.2638744 | M91: =M11*M$73/100 -> 1.2418535 | ... AG91: =AG11*AG$73/100 -> 0 | AI91: =AI11*AI$73/100 -> 0 | AJ91: =AJ11*AJ$73/100 -> 0.363375 | AK91: =AK11*AK$73/100 -> 0 | AL91: =AL11*AL$73/100 -> 0 | AM91: =AM11*AM$73/100 -> 0 | AN91: =AN11*AN$73/100 -> 0 | AO91: =AO11*AO$73/100 -> 0 | AP91: =AP11*AP$73/100 -> 0 | ... BJ91: =BJ11*BJ$73/100 -> 0 | BL91: =BL11*BL$73/100 -> 22.064051 | BM91: =BM11*BM$73/100 -> 18.680169 | BN91: =BN11*BN$73/100 -> 20.229123 | BO91: =BO11*BO$73/100 -> 21.591302 | BP91: =BP11*BP$73/100 -> 26.664 | BQ91: =BQ11*BQ$73/100 -> 27.390036 | BR91: =BR11*BR$73/100 -> 27.338644 | BS91: =BS11*BS$73/100 -> 25.9128 | ... CM91: =CM11*CM$73/100 -> 0 | CO91: =CO$73*CO11/100 -> 0 | CP91: =CP$73*CP11/100 -> 4.2531667 | CQ91: =CQ$73*CQ11/100 -> 2.376 | CR91: =CR$73*CR11/100 -> 3.264 | CS91: =CS$73*CS11/100 -> 5.0143333 | CT91: =CT$73*CT11/100 -> 5.2590833 | CU91: =CU$73*CU11/100 -> 6.9585882 | CV91: =CV$73*CV11/100 -> 4.94 | ... DP91: =DP$73*DP11/100 -> 0 | FX91: C3H8, g/h
C92: 360-500, g/h | F92: =F12*F$73/100 -> 17.364221 | G92: =G12*G$73/100 -> 17.096475 | H92: =H12*H$73/100 -> 17.274738 | I92: =I12*I$73/100 -> 17.073213 | J92: =J12*J$73/100 -> 7.97132 | K92: =K12*K$73/100 -> 7.6790243 | L92: =L12*L$73/100 -> 7.6840575 | M92: =M12*M$73/100 -> 7.5501757 | ... AG92: =AG12*AG$73/100 -> 0 | AI92: =AI12*AI$73/100 -> 0 | AJ92: =AJ12*AJ$73/100 -> 0.164825 | AK92: =AK12*AK$73/100 -> 0 | AL92: =AL12*AL$73/100 -> 0 | AM92: =AM12*AM$73/100 -> 0 | AN92: =AN12*AN$73/100 -> 0 | AO92: =AO12*AO$73/100 -> 0 | AP92: =AP12*AP$73/100 -> 0 | ... BJ92: =BJ12*BJ$73/100 -> 0 | BL92: =BL12*BL$73/100 -> 69.107023 | BM92: =BM12*BM$73/100 -> 56.29341 | BN92: =BN12*BN$73/100 -> 56.006395 | BO92: =BO12*BO$73/100 -> 56.30394 | BP92: =BP12*BP$73/100 -> 44.33 | BQ92: =BQ12*BQ$73/100 -> 45.565147 | BR92: =BR12*BR$73/100 -> 46.328237 | BS92: =BS12*BS$73/100 -> 44.49744 | ... CM92: =CM12*CM$73/100 -> 0 | CO92: =CO$73*CO12/100 -> 0 | CP92: =CP$73*CP12/100 -> 1.9435 | CQ92: =CQ$73*CQ12/100 -> 0.856 | CR92: =CR$73*CR12/100 -> 1.0313333 | CS92: =CS$73*CS12/100 -> 1.421 | CT92: =CT$73*CT12/100 -> 1.2265 | CU92: =CU$73*CU12/100 -> 1.5974118 | CV92: =CV$73*CV12/100 -> 1.12125 | ... DP92: =DP$73*DP12/100 -> 0 | FX92: C4H10, g/h
C93: 500-560, g/h | F93: =F13*F$73/100 -> 28.364539 | G93: =G13*G$73/100 -> 27.927175 | H93: =H13*H$73/100 -> 28.218369 | I93: =I13*I$73/100 -> 27.889177 | J93: =J13*J$73/100 -> 14.64701 | K93: =K13*K$73/100 -> 14.109927 | L93: =L13*L$73/100 -> 14.119176 | M93: =M13*M$73/100 -> 13.873173 | ... AG93: =AG13*AG$73/100 -> 0 | AI93: =AI13*AI$73/100 -> 0 | AJ93: =AJ13*AJ$73/100 -> 0.15480567 | AK93: =AK13*AK$73/100 -> 0 | AL93: =AL13*AL$73/100 -> 0 | AM93: =AM13*AM$73/100 -> 0 | AN93: =AN13*AN$73/100 -> 0 | AO93: =AO13*AO$73/100 -> 0 | AP93: =AP13*AP$73/100 -> 0 | ... BJ93: =BJ13*BJ$73/100 -> 0 | BL93: =BL13*BL$73/100 -> 42.481896 | BM93: =BM13*BM$73/100 -> 37.709123 | BN93: =BN13*BN$73/100 -> 41.309154 | BO93: =BO13*BO$73/100 -> 43.382818 | BP93: =BP13*BP$73/100 -> 19.7472 | BQ93: =BQ13*BQ$73/100 -> 20.103247 | BR93: =BR13*BR$73/100 -> 20.821017 | BS93: =BS13*BS$73/100 -> 20.13264 | ... CM93: =CM13*CM$73/100 -> 0 | CO93: =CO$73*CO13/100 -> 0 | CP93: =CP$73*CP13/100 -> 0.014083333 | CQ93: =CQ$73*CQ13/100 -> 0 | CR93: =CR$73*CR13/100 -> 0 | CS93: =CS$73*CS13/100 -> 0 | CT93: =CT$73*CT13/100 -> 0 | CU93: =CU$73*CU13/100 -> 0 | CV93: =CV$73*CV13/100 -> 0 | ... DP93: =DP$73*DP13/100 -> 0 | FX93: C5H12, g/h
C94: 560 Plus, g/h | F94: =F14*F$73/100 -> 281.5969 | G94: =G14*G$73/100 -> 277.25484 | H94: =H14*H$73/100 -> 280.14575 | I94: =I14*I$73/100 -> 276.8776 | J94: =J14*J$73/100 -> 169.73721 | K94: =K14*K$73/100 -> 163.51322 | L94: =L14*L$73/100 -> 163.62039 | M94: =M14*M$73/100 -> 160.76958 | ... AG94: =AG14*AG$73/100 -> 0 | AI94: =AI14*AI$73/100 -> 0 | AJ94: =AJ14*AJ$73/100 -> 0.675526 | AK94: =AK14*AK$73/100 -> 0 | AL94: =AL14*AL$73/100 -> 0 | AM94: =AM14*AM$73/100 -> 1.9148936 | AN94: =AN14*AN$73/100 -> 1.5095 | AO94: =AO14*AO$73/100 -> 0 | AP94: =AP14*AP$73/100 -> 0 | ... BJ94: =BJ14*BJ$73/100 -> 0 | BL94: =BL14*BL$73/100 -> 162.8032 | BM94: =BM14*BM$73/100 -> 157.06877 | BN94: =BN14*BN$73/100 -> 167.42257 | BO94: =BO14*BO$73/100 -> 159.37114 | BP94: =BP14*BP$73/100 -> 41.5932 | BQ94: =BQ14*BQ$73/100 -> 35.638531 | BR94: =BR14*BR$73/100 -> 38.468746 | BS94: =BS14*BS$73/100 -> 39.83616 | ... CM94: =CM14*CM$73/100 -> 0 | CO94: =CO$73*CO14/100 -> 0 | CP94: =CP$73*CP14/100 -> 0 | CQ94: =CQ$73*CQ14/100 -> 0 | CR94: =CR$73*CR14/100 -> 0 | CS94: =CS$73*CS14/100 -> 0 | CT94: =CT$73*CT14/100 -> 0 | CU94: =CU$73*CU14/100 -> 0 | CV94: =CV$73*CV14/100 -> 0 | ... DP94: =DP$73*DP14/100 -> 0 | FX94: C6H14 , g/h
C95: Total g/h | F95: =SUM(F88:F94) -> 330.93617 | G95: =SUM(G88:G94) -> 325.83333 | H95: =SUM(H88:H94) -> 329.23077 | I95: =SUM(I88:I94) -> 325.39 | J95: =SUM(J88:J94) -> 193.66667 | K95: =SUM(K88:K94) -> 186.56522 | L95: =SUM(L88:L94) -> 186.6875 | M95: =SUM(M88:M94) -> 183.43478 | ... AG95: =SUM(AG88:AG94) -> 0 | AI95: =SUM(AI88:AI94) -> 0 | AJ95: =SUM(AJ88:AJ94) -> 1.5833333 | AK95: =SUM(AK88:AK94) -> 0 | AL95: =SUM(AL88:AL94) -> 0 | AM95: =SUM(AM88:AM94) -> 1.9148936 | AN95: =SUM(AN88:AN94) -> 1.5095 | AO95: =SUM(AO88:AO94) -> 0 | AP95: =SUM(AP88:AP94) -> 0 | ... BJ95: =SUM(BJ88:BJ94) -> 0 | BL95: =SUM(BL88:BL94) -> 305.70213 | BM95: =SUM(BM88:BM94) -> 277.91667 | BN95: =SUM(BN88:BN94) -> 293.41667 | BO95: =SUM(BO88:BO94) -> 290.16667 | BP95: =SUM(BP88:BP94) -> 146.66667 | BQ95: =SUM(BQ88:BQ94) -> 143.11111 | BR95: =SUM(BR88:BR94) -> 147.45763 | BS95: =SUM(BS88:BS94) -> 144 | ... CM95: =SUM(CM88:CM94) -> 0 | CO95: =SUM(CO88:CO94) -> 0 | CP95: =SUM(CP88:CP94) -> 14.083333 | CQ95: =SUM(CQ88:CQ94) -> 8 | CR95: =SUM(CR88:CR94) -> 11.333333 | CS95: =SUM(CS88:CS94) -> 16.333333 | CT95: =SUM(CT88:CT94) -> 18.583333 | CU95: =SUM(CU88:CU94) -> 21.882353 | CV95: =SUM(CV88:CV94) -> 16.25 | ... DP95: =SUM(DP88:DP94) -> 0
C97: Ni, Rx1, g/h | F97: =F$20*F$69*10^-6 -> 0.014325572 | G97: =G$20*G$69*10^-6 -> 0.014296579 | H97: =H$20*H$69*10^-6 -> 0.014594724 | I97: =I$20*I$69*10^-6 -> 0.014210254 | J97: =J$20*J$69*10^-6 -> 0 | K97: =K$20*K$69*10^-6 -> 0 | L97: =L$20*L$69*10^-6 -> 0 | M97: =M$20*M$69*10^-6 -> 0 | ... O97: =O$20*O$69*10^-6 -> 0 | P97: =P$20*P$70*10^-6 -> 0 | Q97: =Q$20*Q$70*10^-6 -> 0 | R97: =R$20*R$70*10^-6 -> 0 | S97: =S$20*S$70*10^-6 -> 0 | T97: =T$20*T$70*10^-6 -> 0 | U97: =U$20*U$70*10^-6 -> 0 | V97: =V$20*V$70*10^-6 -> 0 | W97: =W$20*W$70*10^-6 -> 0 | ... AG97: =AG$20*AG$70*10^-6 -> 0
C98: Ni, Rx2, g/h | F98: =F$71*F$20*10^-6 -> 0.0060567868 | G98: =G$71*G$20*10^-6 -> 0.0057714962 | H98: =H$71*H$20*10^-6 -> 0.0056825987 | I98: =I$71*I$20*10^-6 -> 0.0057291804
C99: Ni, g/h | F99: =F$73*F$20*(10^-6) -> 0.020382359 | G99: =G$73*G$20*(10^-6) -> 0.020068075 | H99: =H$73*H$20*(10^-6) -> 0.020277323 | I99: =I$73*I$20*(10^-6) -> 0.02004077 | J99: =J$73*J$20*(10^-6) -> 0.012530233 | K99: =K$73*K$20*(10^-6) -> 0.01207077 | L99: =L$73*L$20*(10^-6) -> 0.012078681 | M99: =M$73*M$20*(10^-6) -> 0.01186823 | ... AG99: =AG$73*AG$20*(10^-6) -> 0 | AI99: =AI$73*AI$20*(10^-6) -> 0 | AJ99: =AJ$73*AJ$20*(10^-6) -> 7.9831667e-05 | AK99: =AK$73*AK$20*(10^-6) -> 0 | AL99: =AL$73*AL$20*(10^-6) -> 0 | AM99: =AM$73*AM$20*(10^-6) -> 0.00018143617 | AN99: =AN$73*AN$20*(10^-6) -> 0.00010972555 | AO99: =AO$73*AO$20*(10^-6) -> 0 | AP99: =AP$73*AP$20*(10^-6) -> 0 | ... BJ99: =BJ$73*BJ$20*(10^-6) -> 0 | BL99: =BL$73*BL$20*(10^-6) -> 0.0060727728 | BM99: =BM$73*BM$20*(10^-6) -> 0.0058334708 | BN99: =BN$73*BN$20*(10^-6) -> 0.0066331728 | BO99: =BO$73*BO$20*(10^-6) -> 0.0062792067 | BP99: =BP$73*BP$20*(10^-6) -> 0.00056906667 | BQ99: =BQ$73*BQ$20*(10^-6) -> 0.00067977778 | BR99: =BR$73*BR$20*(10^-6) -> 0.00088474576 | BS99: =BS$73*BS$20*(10^-6) -> 0.00098064 | ... CM99: =CM$73*CM$20*(10^-6) -> 0
C100: V, Rx1, g/h | F100: =F$69*F$24*10^-6 -> 0.046521475 | G100: =G$69*G$24*10^-6 -> 0.046427321 | H100: =H$69*H$24*10^-6 -> 0.047395532 | I100: =I$69*I$24*10^-6 -> 0.046146988 | J100: =J$69*J$24*10^-6 -> 0 | K100: =K$69*K$24*10^-6 -> 0 | L100: =L$69*L$24*10^-6 -> 0 | M100: =M$69*M$24*10^-6 -> 0 | ... O100: =O$69*O$24*10^-6 -> 0 | P100: =P$70*P$24*10^-6 -> 0 | Q100: =Q$70*Q$24*10^-6 -> 0 | R100: =R$70*R$24*10^-6 -> 0 | S100: =S$70*S$24*10^-6 -> 0 | T100: =T$70*T$24*10^-6 -> 0 | U100: =U$70*U$24*10^-6 -> 0 | V100: =V$70*V$24*10^-6 -> 0 | W100: =W$70*W$24*10^-6 -> 0 | ... AG100: =AG$70*AG$24*10^-6 -> 0
C101: V, Rx2, g/h | F101: =F$71*F$24*10^-6 -> 0.019669069 | G101: =G$71*G$24*10^-6 -> 0.018742604 | H101: =H$71*H$24*10^-6 -> 0.018453914 | I101: =I$71*I$24*10^-6 -> 0.018605186
C102: V, g/h | F102: =F$73*F$24*(10^-6) -> 0.066190543 | G102: =G$73*G$24*(10^-6) -> 0.065169925 | H102: =H$73*H$24*(10^-6) -> 0.065849446 | I102: =I$73*I$24*(10^-6) -> 0.065081254 | J102: =J$73*J$24*(10^-6) -> 0.0398566 | K102: =K$73*K$24*(10^-6) -> 0.038395122 | L102: =L$73*L$24*(10^-6) -> 0.038420287 | M102: =M$73*M$24*(10^-6) -> 0.037750878 | ... AG102: =AG$73*AG$24*(10^-6) -> 0 | AI102: =AI$73*AI$24*(10^-6) -> 0 | AJ102: =AJ$73*AJ$24*(10^-6) -> 0.00015329833 | AK102: =AK$73*AK$24*(10^-6) -> 0 | AL102: =AL$73*AL$24*(10^-6) -> 0 | AM102: =AM$73*AM$24*(10^-6) -> 0.00028418936 | AN102: =AN$73*AN$24*(10^-6) -> 0.00016655823 | AO102: =AO$73*AO$24*(10^-6) -> 0 | AP102: =AP$73*AP$24*(10^-6) -> 0 | ... BJ102: =BJ$73*BJ$24*(10^-6) -> 0 | BL102: =BL$73*BL$24*(10^-6) -> 0.0077006366 | BM102: =BM$73*BM$24*(10^-6) -> 0.0082819167 | BN102: =BN$73*BN$24*(10^-6) -> 0.010554197 | BO102: =BO$73*BO$24*(10^-6) -> 0.010370557 | BP102: =BP$73*BP$24*(10^-6) -> 0.00010413333 | BQ102: =BQ$73*BQ$24*(10^-6) -> 0.00011735111 | BR102: =BR$73*BR$24*(10^-6) -> 0.00017842373 | BS102: =BS$73*BS$24*(10^-6) -> 0.0002448 | ... CM102: =CM$73*CM$24*(10^-6) -> 0
C103: Fe, g/h | F103: =F$73*F$28*(10^-6) -> 0.0053876409 | G103: =G$73*G$28*(10^-6) -> 0.0053045667 | H103: =H$73*H$28*(10^-6) -> 0.0053598769 | I103: =I$73*I$28*(10^-6) -> 0.0052973492 | J103: =J$73*J$28*(10^-6) -> 0.00389851 | K103: =K$73*K$28*(10^-6) -> 0.0037555578 | L103: =L$73*L$28*(10^-6) -> 0.0037580194 | M103: =M$73*M$28*(10^-6) -> 0.0036925422 | ... AG103: =AG$73*AG$28*(10^-6) -> 0 | AI103: =AI$73*AI$28*(10^-6) -> 0 | AJ103: =AJ$73*AJ$28*(10^-6) -> 6.7529167e-05 | AK103: =AK$73*AK$28*(10^-6) -> 0 | AL103: =AL$73*AL$28*(10^-6) -> 0 | AM103: =AM$73*AM$28*(10^-6) -> 0.00041553191 | AN103: =AN$73*AN$28*(10^-6) -> 0.00016747903 | AO103: =AO$73*AO$28*(10^-6) -> 0 | AP103: =AP$73*AP$28*(10^-6) -> 0 | ... BJ103: =BJ$73*BJ$28*(10^-6) -> 0 | BL103: =BL$73*BL$28*(10^-6) -> 0.0066520783 | BM103: =BM$73*BM$28*(10^-6) -> 0.003985325 | BN103: =BN$73*BN$28*(10^-6) -> 0.0041753192 | BO103: =BO$73*BO$28*(10^-6) -> 0.0018512633 | BP103: =BP$73*BP$28*(10^-6) -> 0.00023466667 | BQ103: =BQ$73*BQ$28*(10^-6) -> 0.00020321778 | BR103: =BR$73*BR$28*(10^-6) -> 0.00017842373 | BS103: =BS$73*BS$28*(10^-6) -> 0.00027072 | ... CM103: =CM$73*CM$28*(10^-6) -> 0
C104: Total(Ni+V), g/h | F104: =F$99+F$102 -> 0.086572902 | G104: =G$99+G$102 -> 0.085238 | H104: =H$99+H$102 -> 0.086126769 | I104: =I$99+I$102 -> 0.085122024 | J104: =J$99+J$102 -> 0.052386833 | K104: =K$99+K$102 -> 0.050465891 | L104: =L$99+L$102 -> 0.050498969 | M104: =M$99+M$102 -> 0.049619109 | ... AG104: =AG$99+AG$102 -> 0 | AI104: =SUM(AI99:AI103) -> 0 | AJ104: =SUM(AJ99:AJ103) -> 0.00030065917 | AK104: =SUM(AK99:AK103) -> 0 | AL104: =SUM(AL99:AL103) -> 0 | AM104: =SUM(AM99:AM103) -> 0.00088115745 | AN104: =SUM(AN99:AN103) -> 0.00044376281 | AO104: =SUM(AO99:AO103) -> 0 | AP104: =SUM(AP99:AP103) -> 0 | ... BJ104: =SUM(BJ99:BJ103) -> 0 | BL104: =SUM(BL99:BL103) -> 0.020425488 | BM104: =SUM(BM99:BM103) -> 0.018100713 | BN104: =SUM(BN99:BN103) -> 0.021362689 | BO104: =SUM(BO99:BO103) -> 0.018501027 | BP104: =SUM(BP99:BP103) -> 0.00090786667 | BQ104: =SUM(BQ99:BQ103) -> 0.0010003467 | BR104: =SUM(BR99:BR103) -> 0.0012415932 | BS104: =SUM(BS99:BS103) -> 0.00149616 | ... CM104: =SUM(CM99:CM103) -> 0
...

Sheet CrkConv
I49: Condition Change | J49: 4.5 | K49: 0
J50: 4.5 | K50: 120
J52: 10.5 | K52: 0
J53: 10.5 | K53: 120

Sheet MetConv(Ni+V)
AS16: -5 | AT16: 50
AS17: 30 | AT17: 50
AS20: -5 | AT20: 20
AS21: 30 | AT21: 20
AS24: -5 | AT24: 15
AS25: 30 | AT25: 15
AS30: 0.95*95
I58: 4.5 | J58: -5 | AE58: 4.5 | AF58: -5
I59: 4.5 | J59: 200 | AE59: 4.5 | AF59: 200
I61: 4.5 | J61: -2 | AE61: 10.5 | AF61: -5
I62: 4.5 | J62: 150 | AE62: 10.5 | AF62: 200

Sheet SConv
G53: 4.5 | H53: -2
G54: 4.5 | H54: 150
G56: 10.5 | H56: -2
G57: 10.5 | H57: 150
X75: ART
X76: D | Y76: 6 | Z76: 8 | AA76: 12 | AB76: 14
W89: =17.4-2.3 -> 15.1

Sheet MCRConv
G53: 4.5 | H53: -2
G54: 4.5 | H54: 150
G56: 10.5 | H56: -2
G57: 10.5 | H57: 150
X75: ART
X76: D | Y76: 6 | Z76: 8 | AA76: 12 | AB76: 14
W89: =17.4-2.3 -> 15.1

Sheet SedM
O4: Sedimentation =f( Crude Nature, Conversion level, MoC, Light end)
O5: se
O10: -5 | P10: 2000 | R10: Condition Change | S10: 4.5 | T10: -5
O11: 25 | P11: 2000 | S11: 4.5 | T11: 3000
S13: 10.5 | T13: -5
S14: 10.5
P17: =

Sheet MoC
X14: 4.5 | Y14: -4
X15: 4.5 | Y15: 3000

Sheet Breakdown Yld
X8: Condition Change | Y8: 4.5 | Z8: -10
Y9: 4.5 | Z9: 100
Y11: 10.5 | Z11: -10
Y12: 10.5 | Z12: 100
W109: 500-

Sheet Sheet1
B1: ABQ3358 Commissioning | D1: MEBU25001 LS | F1: MEBU25002 LS
B2: Den | C2: Conv | D2: Den | E2: Conv | F2: Den | G2: Conv
A3: 1 | B3: 0.9446 | C3: 78.594387 | D3: 0.9462 | E3: 69.515549 | F3: 0.9594 | G3: 65.502225 | I3: 100 | J3: =B3*$I$3 -> 94.46 | K3: =$I$3*D3 -> 94.62 | L3: =$I$3*F3 -> 95.94
A4: 2 | B4: 0.9491 | C4: 72.920064 | D4: 0.9604 | E4: 64.603212 | F4: 0.9625 | G4: 64.320958 | J4: =B4*$I$3 -> 94.91 | K4: =$I$3*D4 -> 96.04 | L4: =$I$3*F4 -> 96.25
A5: 3 | B5: 0.9511 | C5: 73.479236 | D5: 0.9677 | E5: 66.0896 | F5: 0.973 | G5: 64.694559 | J5: =B5*$I$3 -> 95.11 | K5: =$I$3*D5 -> 96.77 | L5: =$I$3*F5 -> 97.3
A6: 4 | B6: 0.9537 | C6: 71.279794 | D6: 0.9651 | E6: 65.1988 | F6: 0.9727 | G6: 64.305191 | J6: =B6*$I$3 -> 95.37 | K6: =$I$3*D6 -> 96.51 | L6: =$I$3*F6 -> 97.27
A7: 5 | B7: 0.9546 | C7: 69.766656 | D7: 0.9665 | E7: 63.739785 | F7: 0.9754 | J7: =B7*$I$3 -> 95.46 | K7: =$I$3*D7 -> 96.65 | L7: =$I$3*F7 -> 97.54
A8: 6 | B8: 0.9529 | C8: 71.039609 | D8: 0.9689 | E8: 63.158939 | F8: 0.9757 | J8: =B8*$I$3 -> 95.29 | K8: =$I$3*D8 -> 96.89 | L8: =$I$3*F8 -> 97.57
A9: 7 | B9: 0.954 | C9: 73.565645 | J9: =B9*$I$3 -> 95.4 | K9: =$I$3*D9 -> 0 | L9: =$I$3*F9 -> 0
J10: =B10*$I$3 -> 0 | K10: =$I$3*D10 -> 0 | L10: =$I$3*F10 -> 0
J11: =B11*$I$3 -> 0 | K11: =$I$3*D11 -> 0 | L11: =$I$3*F11 -> 0
J12: =B12*$I$3 -> 0 | K12: =$I$3*D12 -> 0 | L12: =$I$3*F12 -> 0
J13: =B13*$I$3 -> 0 | K13: =$I$3*D13 -> 0 | L13: =$I$3*F13 -> 0

Sheet LSHS Master Template
F2: VR | J2: VR | P2: VR | X2: ISV: ABQ3358 | AB2: ISV: Low Sedim | AH2: ISV: High Sedim | AP2: HPS: ABQ3358(Aging) | AT2: HPS | AZ2: HPS | BH2: LTO | BL2: LTO | BR2: LTO | CA2: High Gas | CE2: High Gas | CK2: High Gas | CS2: Low Gas | CW2: Low Gas | DC2: Low Gas
F3: Aging-ABQ3358 | J3: Low Sed | P3: High Sed | X3: Aging-ABQ3358 | AB3: Low Sed | AH3: High Sed | AP3: Aging- ABQ3358 | AT3: Low Sed | AZ3: High Sed | BH3: Aging-ABQ3358(Aging) | BL3: Low Sed | BR3: High Sed | CA3: Aging-ABQ3358 | CE3: Low Sed | CK3: High Sed | CS3: Aging- ABQ3358 | CW3: Low Sed | DC3: High Sed
C4: Pilot Plant Operation---> | F4: 45855 | G4: 45856 | H4: 45857 | I4: 45858 | J4: 45859 | K4: 45860 | L4: 45861 | M4: 45862 | N4: 45863 | O4: 45864 | P4: 45865 | Q4: 45866 | R4: 45867 | S4: 45868 | T4: 45869 | U4: 45870
C5: Lab Date--> | F5: 45856 | G5: 45857 | H5: 45858 | I5: 45859 | J5: 45860 | K5: 45861
C6: Day on stream--> | F6: 1 | G6: 2 | H6: 3 | I6: 4 | J6: 5 | K6: 6 | L6: 7 | M6: 8 | N6: 9 | O6: 10 | P6: 11 | Q6: 12 | R6: 13 | S6: 14 | T6: 15 | U6: 16 | V6: 16_2 | X6: 1 | Y6: 2 | Z6: 3 | AA6: 4 | AB6: 5 | AC6: 6 | AD6: 7 | AE6: 8 | AF6: 9 | AG6: 10 | AH6: 11 | AI6: 12 | AJ6: 13 | AK6: 14 | AL6: 15 | AM6: 16 | AN6: 16_2 | AP6: 1 | AQ6: 2 | AR6: 3 | AS6: 4 | AT6: 5 | AU6: 6 | AV6: 7 | AW6: 8 | AX6: 9 | AY6: 10 | AZ6: 11 | BA6: 12 | BB6: 13 | BC6: 14 | BD6: 15 | BE6: 16 | BF6: 16_2 | BH6: 1 | BI6: 2 | BJ6: 3 | BK6: 4 | BL6: 5 | BM6: 6 | BN6: 7 | BO6: 8 | BP6: 9 | BQ6: 10 | BR6: 11 | BS6: 12 | BT6: 13 | BU6: 14 | BV6: 15 | BW6: 16 | BX6: 16_2 | CA6: 1 | CB6: 2 | CC6: 3 | CD6: 4 | CE6: 5 | CF6: 6 | CG6: 7 | CH6: 8 | CI6: 9 | CJ6: 10 | CK6: 11 | CL6: 12 | CM6: 13 | CN6: 14 | CO6: 15 | CP6: 16 | CQ6: 16_2 | CS6: 1 | CT6: 2 | CU6: 3 | CV6: 4 | CW6: 5 | CX6: 6 | CY6: 7 | CZ6: 8 | DA6: 9 | DB6: 10 | DC6: 11 | DD6: 12 | DE6: 13 | DF6: 14 | DG6: 15 | DH6: 16 | DI6: 16_2
F7: %wt | J7: %wt | P7: %wt | X7: %wt | AB7: %wt | AH7: %wt | AP7: %wt | AT7: %wt | AZ7: %wt | BH7: %wt | BL7: %wt | BR7: %wt | CA7: %wt | CE7: %wt | CK7: %wt | CS7: %vol(mol) | CW7: %vol(mol) | DC7: %vol(mol)
C8: IBP-90 | F8: 0 | G8: 0 | H8: 0 | I8: 0 | J8: 0 | K8: 0 | L8: 0 | M8: 0 | N8: 0 | O8: 0 | P8: 0 | Q8: 0 | R8: 0 | S8: 0 | T8: 0 | U8: 0 | V8: 0 | X8: 0.142 | Y8: 0.504 | Z8: 0.121 | AA8: 0 | AB8: 0.19 | AC8: 0.36 | AD8: 0.693 | AE8: 0.23 | AF8: 0 | AG8: 0 | AH8: 0 | AI8: 0.048 | AJ8: 0.309 | AK8: 0 | AL8: 0 | AM8: 0 | AP8: 0.143 | AQ8: 0.266 | AR8: 0.151 | AS8: 0.264 | AT8: 0.584 | AU8: 0.73 | AV8: 0.28 | AW8: 0.454 | AX8: 0.161 | AY8: 0.158 | AZ8: 0.308 | BA8: 0.774 | BB8: 0.156 | BC8: 0.647 | BD8: 0.205 | BE8: 0.196 | BF8: 0.192 | BH8: 2 | BI8: 7.5 | BJ8: 9.5 | BK8: 6.5 | BL8: 4.5 | BM8: 2.5 | BN8: 3.5 | BO8: 3.5 | BP8: 3.5 | BQ8: 3.5 | BR8: 6.7 | BS8: 3.5 | BT8: 3.4 | BU8: 3.6 | BV8: 3.7 | BW8: 6.8 | BX8: 1.1 | BZ8: H2 | CA8: 54.35 | CB8: 46.17 | CC8: 59.72 | CD8: 71.92 | CE8: 51.89 | CF8: 51.32 | CG8: 50.92 | CH8: 49.96 | CI8: 51.37 | CJ8: 49.83 | CK8: 47.22 | CL8: 50.25 | CM8: 49.67 | CN8: 50.83 | CO8: 48.73 | CP8: 48.73 | CQ8: 0 | CS8: 37.87 | CT8: =CU8 -> 13.51 | CU8: 13.51 | CV8: 5.58 | CW8: 2 | CX8: 2.11 | CY8: 1.78 | CZ8: 1.99 | DA8: 2 | DB8: 2.1 | DC8: 1.9 | DD8: 2.93 | DE8: 3.02 | DF8: 0.99 | DG8: 1.2 | DH8: 1.2 | DI8: 0 | DJ8: H2
C9: 90-160 | F9: 0.007 | G9: 0.007 | H9: 0.007 | I9: 0.007 | J9: 0 | K9: 0 | L9: 0 | M9: 0 | N9: 0 | O9: 0 | P9: 0 | Q9: 0 | R9: 0 | S9: 0 | T9: 0 | U9: 0 | V9: 0 | X9: 41.623 | Y9: 2.633 | Z9: 0.345 | AA9: 0 | AB9: 0.573 | AC9: 0.495 | AD9: 0.596 | AE9: 0.552 | AF9: 0 | AG9: 0 | AH9: 0 | AI9: 0.141 | AJ9: 0.586 | AK9: 0 | AL9: 0 | AM9: 0 | AP9: 0.584 | AQ9: 0.402 | AR9: 0.457 | AS9: 0.494 | AT9: 1.697 | AU9: 1.605 | AV9: 1.588 | AW9: 1.393 | AX9: 1.505 | AY9: 1.484 | AZ9: 1.876 | BA9: 1.749 | BB9: 1.442 | BC9: 1.941 | BD9: 1.897 | BE9: 1.348 | BF9: 1.499 | BH9: 29 | BI9: 22 | BJ9: 23 | BK9: 22 | BL9: 23.5 | BM9: 24 | BN9: 26.5 | BO9: 26.5 | BP9: 25.5 | BQ9: 27.4 | BR9: 29.4 | BS9: 26.6 | BT9: 23.8 | BU9: 26.9 | BV9: 28.3 | BW9: 28.5 | BX9: 20.4 | BZ9: CH4 | CA9: 5.83 | CB9: 4.34 | CC9: 5.88 | CD9: 7.1 | CE9: 15.37 | CF9: 14.29 | CG9: 14.36 | CH9: 12.7 | CI9: 12.78 | CJ9: 13.91 | CK9: 14.9 | CL9: 15.42 | CM9: 15.02 | CN9: 14.69 | CO9: 13.62 | CP9: 13.62 | CQ9: 0 | CS9: 5.78 | CT9: =CU9 -> 0.21 | CU9: 0.21 | CV9: 0.1 | CW9: 0.15 | CX9: 0.19 | CY9: 0.12 | CZ9: 0.14 | DA9: 0.16 | DB9: 0.17 | DC9: 0.2 | DD9: 0.33 | DE9: 0.35 | DF9: 0.15 | DG9: 0.19 | DH9: 0.19 | DI9: 0 | DJ9: CH4
C10: 160-250 | F10: 0.264 | G10: 0.264 | H10: 0.264 | I10: 0.264 | J10: 0.03 | K10: 0.03 | L10: 0.03 | M10: 0.03 | N10: 0.03 | O10: 0.03 | P10: 0 | Q10: 0 | R10: 0 | S10: 0 | T10: 0 | U10: 0 | V10: 0 | X10: 13.215 | Y10: 1.962 | Z10: 0.962 | AA10: 0 | AB10: 1.381 | AC10: 1.542 | AD10: 2.232 | AE10: 2.031 | AF10: 0 | AG10: 0 | AH10: 0 | AI10: 1.038 | AJ10: 2.286 | AK10: 0 | AL10: 0 | AM10: 0 | AP10: 2.33 | AQ10: 1.913 | AR10: 2.169 | AS10: 2.015 | AT10: 7.016 | AU10: 6.629 | AV10: 7.044 | AW10: 6.84 | AX10: 7.343 | AY10: 6.839 | AZ10: 7.7 | BA10: 7.011 | BB10: 7.429 | BC10: 8.292 | BD10: 8.581 | BE10: 6.418 | BF10: 6.638 | BH10: 43.5 | BI10: 39.5 | BJ10: 36.5 | BK10: 37.5 | BL10: 39.5 | BM10: 45.5 | BN10: 45 | BO10: 45 | BP10: 46 | BQ10: 45.4 | BR10: 42.4 | BS10: 43.5 | BT10: 44.3 | BU10: 44.6 | BV10: 44.7 | BW10: 42 | BX10: 50.3 | BZ10: C2H6 | CA10: 5.2 | CB10: 3.69 | CC10: 4.78 | CD10: 5.68 | CE10: 11.69 | CF10: 11.12 | CG10: 11 | CH10: 10.13 | CI10: 10.07 | CJ10: 10.56 | CK10: 11.18 | CL10: 11.4 | CM10: 11.16 | CN10: 11.13 | CO10: 10.27 | CP10: 10.27 | CQ10: 0 | CS10: 9.36 | CT10: =CU10 -> 0.08 | CU10: 0.08 | CV10: 0.06 | CW10: 0.22 | CX10: 0.27 | CY10: 0.18 | CZ10: 0.2 | DA10: 0.22 | DB10: 0.23 | DC10: 0.36 | DD10: 0.53 | DE10: 0.53 | DF10: 0.29 | DG10: 0.34 | DH10: 0.34 | DI10: 0 | DJ10: C2H6
C11: 250-360 | F11: 1.041 | G11: 1.041 | H11: 1.041 | I11: 1.041 | J11: 0.165 | K11: 0.165 | L11: 0.165 | M11: 0.165 | N11: 0.165 | O11: 0.165 | P11: 0.219 | Q11: 0.219 | R11: 0.219 | S11: 0.219 | T11: 0.219 | U11: 0.219 | V11: 0.219 | X11: 2.579 | Y11: 2.907 | Z11: 3.044 | AA11: 0 | AB11: 4.586 | AC11: 4.597 | AD11: 5.359 | AE11: 4.618 | AF11: 0 | AG11: 0 | AH11: 0 | AI11: 4.492 | AJ11: 5.729 | AK11: 0 | AL11: 0 | AM11: 0 | AP11: 6.661 | AQ11: 6.17 | AR11: 6.61 | AS11: 6.505 | AT11: 16.115 | AU11: 14.157 | AV11: 14.746 | AW11: 14.393 | AX11: 14.273 | AY11: 13.709 | AZ11: 15.262 | BA11: 14.618 | BB11: 15.251 | BC11: 15.74 | BD11: 16.095 | BE11: 14.513 | BF11: 14.006 | BH11: 16.5 | BI11: 23 | BJ11: 24 | BK11: 26.5 | BL11: 25.5 | BM11: 23.5 | BN11: 21.5 | BO11: 21.5 | BP11: 21.5 | BQ11: 20.3 | BR11: 18.4 | BS11: 20.8 | BT11: 23.8 | BU11: 21 | BV11: 19.9 | BW11: 19.5 | BX11: 24.4 | BZ11: C3H8 | CA11: 6.23 | CB11: 3.97 | CC11: 5.11 | CD11: 5.36 | CE11: 9.96 | CF11: 10.14 | CG11: 9.98 | CH11: 10.06 | CI11: 9.68 | CJ11: 9.53 | CK11: 10.44 | CL11: 10.12 | CM11: 10.18 | CN11: 10.24 | CO11: 9.87 | CP11: 9.87 | CQ11: 0 | CS11: 13.81 | CT11: =CU11 -> 0.19 | CU11: 0.19 | CV11: 0.08 | CW11: 0.3 | CX11: 0.4 | CY11: 0.29 | CZ11: 0.3 | DA11: 0.33 | DB11: 0.32 | DC11: 0.6 | DD11: 0.8 | DE11: 0.79 | DF11: 0.46 | DG11: 0.53 | DH11: 0.53 | DI11: 0 | DJ11: C3H8
C12: 360-500 | F12: 4.743 | G12: 4.743 | H12: 4.743 | I12: 4.743 | J12: 0.472 | K12: 0.472 | L12: 0.472 | M12: 0.472 | N12: 0.472 | O12: 0.472 | P12: 0.805 | Q12: 0.805 | R12: 0.805 | S12: 0.805 | T12: 0.805 | U12: 0.805 | V12: 0.805 | X12: 7.742 | Y12: 10.257 | Z12: 10.558 | AA12: 0 | AB12: 15.267 | AC12: 12.727 | AD12: 12.381 | AE12: 10.598 | AF12: 0 | AG12: 0 | AH12: 0 | AI12: 10.946 | AJ12: 12.405 | AK12: 0 | AL12: 0 | AM12: 0 | AP12: 16.82 | AQ12: 16.152 | AR12: 17.013 | AS12: 16.838 | AT12: 26.524 | AU12: 23.328 | AV12: 24.245 | AW12: 24.226 | AX12: 23.512 | AY12: 22.968 | AZ12: 23 | BA12: 22.116 | BB12: 24.204 | BC12: 24.354 | BD12: 24.951 | BE12: 22.513 | BF12: 21.085 | BH12: 9 | BI12: 8 | BJ12: 7 | BK12: 7.5 | BL12: 7 | BM12: 4.5 | BN12: 3.5 | BO12: 3.5 | BP12: 3.5 | BQ12: 3.4 | BR12: 3.1 | BS12: 5.6 | BT12: 4.7 | BU12: 3.9 | BV12: 3.4 | BW12: 3.2 | BX12: 3.8 | BZ12: C4H10(Total) | CA12: 7.1 | CB12: 3.76 | CC12: 8.26 | CD12: 3.85 | CE12: 5.97 | CF12: 6.61 | CG12: 6.63 | CH12: 7.15 | CI12: 6.65 | CJ12: 6.43 | CK12: 6.95 | CL12: 6.46 | CM12: 6.82 | CN12: 6.76 | CO12: 7.04 | CP12: 7.04 | CQ12: 0 | CS12: 12.58 | CT12: =CU12 -> 0.7 | CU12: 0.7 | CV12: 0.23 | CW12: 0.45 | CX12: 0.52 | CY12: 0.41 | CZ12: 0.42 | DA12: 0.42 | DB12: 0.4 | DC12: 0.78 | DD12: 0.93 | DE12: 0.91 | DF12: 0.57 | DG12: 0.61 | DH12: 0.61 | DI12: 0 | DJ12: C4H10(Total)
C13: 500-560 | F13: 5.324 | G13: 5.324 | H13: 5.324 | I13: 5.324 | J13: 3.141 | K13: 3.141 | L13: 3.141 | M13: 3.141 | N13: 3.141 | O13: 3.141 | P13: 5.281 | Q13: 5.281 | R13: 5.281 | S13: 5.281 | T13: 5.281 | U13: 5.281 | V13: 5.281 | X13: 5.544 | Y13: 8.644 | Z13: 9.365 | AA13: 0 | AB13: 15.403 | AC13: 11.485 | AD13: 10.702 | AE13: 9.623 | AF13: 0 | AG13: 0 | AH13: 0 | AI13: 9.873 | AJ13: 10.145 | AK13: 0 | AL13: 0 | AM13: 0 | AP13: 13.346 | AQ13: 11.814 | AR13: 12.591 | AS13: 12.482 | AT13: 12.973 | AU13: 12.542 | AV13: 13.506 | AW13: 13.203 | AX13: 12.878 | AY13: 12.825 | AZ13: 12.104 | BA13: 11.558 | BB13: 12.454 | BC13: 12.411 | BD13: 12.65 | BE13: 11.971 | BF13: 11.155 | BH13: 0 | BI13: 0 | BJ13: 0 | BK13: 0 | BL13: 0 | BM13: 0 | BN13: 0 | BO13: 0 | BP13: 0 | BQ13: 0 | BR13: 0 | BS13: 0 | BT13: 0 | BU13: 0 | BV13: 0 | BW13: 0 | BX13: 0 | BZ13: C5H12 | CA13: 8.67 | CB13: 6.83 | CC13: 6.02 | CD13: 3.91 | CE13: 3.82 | CF13: 5.28 | CG13: 5.93 | CH13: 7.85 | CI13: 7.04 | CJ13: 7.2 | CK13: 7.24 | CL13: 5.23 | CM13: 6.38 | CN13: 5.68 | CO13: 8.67 | CP13: 8.67 | CQ13: 0 | CS13: 11.15 | CT13: =CU13 -> 0.35 | CU13: 0.35 | CV13: 0.23 | CW13: 1.59 | CX13: 1.48 | CY13: 1.52 | CZ13: 1.43 | DA13: 1.31 | DB13: 1.04 | DC13: 1.72 | DD13: 2.2 | DE13: 2.01 | DF13: 1.72 | DG13: 1.44 | DH13: 1.44 | DI13: 0 | DJ13: C5H12
C14: 560 plus | F14: 88.621 | G14: 88.621 | H14: 88.621 | I14: 88.621 | J14: 96.192 | K14: 96.192 | L14: 96.192 | M14: 96.192 | N14: 96.192 | O14: 96.192 | P14: 93.695 | Q14: 93.695 | R14: 93.695 | S14: 93.695 | T14: 93.695 | U14: 93.695 | V14: 93.695 | X14: 29.155 | Y14: 73.093 | Z14: 75.605 | AA14: 100 | AB14: 62.6 | AC14: 68.794 | AD14: 68.037 | AE14: 72.348 | AF14: 100 | AG14: 100 | AH14: 100 | AI14: 73.462 | AJ14: 68.54 | AK14: 100 | AL14: 100 | AM14: 100 | AP14: 60.116 | AQ14: 63.283 | AR14: 61.009 | AS14: 61.402 | AT14: 35.091 | AU14: 41.009 | AV14: 38.591 | AW14: 39.491 | AX14: 40.328 | AY14: 42.017 | AZ14: 39.75 | BA14: 42.174 | BB14: 39.064 | BC14: 36.615 | BD14: 35.621 | BE14: 43.041 | BF14: 45.425 | BH14: 0 | BI14: 0 | BJ14: 0 | BK14: 0 | BL14: 0 | BM14: 0 | BN14: 0 | BO14: 0 | BP14: 0 | BQ14: 0 | BR14: 0 | BS14: 0 | BT14: 0 | BU14: 0 | BV14: 0 | BW14: 0 | BX14: 0 | BZ14: C6H14 plus | CA14: 12.33 | CB14: 30.83 | CC14: 10.04 | CD14: 1.85 | CE14: 0.92 | CF14: 1.03 | CG14: 0.99 | CH14: 1.94 | CI14: 1.68 | CJ14: 1.7 | CK14: 1.45 | CL14: 0.7 | CM14: 0.62 | CN14: 0.51 | CO14: 1.63 | CP14: 1.63 | CQ14: 0 | CS14: 2.57 | CT14: =CU14 -> 0.55 | CU14: 0.55 | CV14: 0.34 | CW14: 0.42 | CX14: 0.36 | CY14: 0.37 | CZ14: 0.28 | DA14: 0.25 | DB14: 0.18 | DC14: 0.24 | DD14: 0.4 | DE14: 0.3 | DF14: 0.4 | DG14: 0.26 | DH14: 0.26 | DI14: 0 | DJ14: C6H14 plus
