Workbook
Name AllottedFunds: #REF!
Name ColumnTitle2: #REF!
Name ColumnTitleRegion1..D4.2: #REF!
Name FundsRemaining: INDEX(#REF!,ROWS(#REF!),1)
Name FundsRemainingLabel: #REF!
Name FundsUsed: #REF!
Name FundsUsedLabel: #REF!
Name RowTitleRegion1..C11: #REF!
Name Title1: #REF!

Sheet ISV
D1: RHCU Pilot Plant Laboratory Worksheet
D2: Batch Name : | E2: Low&High Sedimentation
D3: Date : | E3: 17/07-01/8/2025
D4: Note : | E4: MEBU ACCEPTANCE TEST | G4: CATALYST AGING | K4: CRACKING EXPERIMENT
G5: ABQ3358 | K5: Low Sedim | Q5: High Sedim
F6: Day on stream | G6: 1 | H6: 2 | I6: 3 | J6: 4 | K6: 5 | L6: 6 | M6: 7 | N6: 8 | O6: 9 | P6: 10 | Q6: 11 | R6: 12 | S6: 13 | T6: 14 | U6: 15 | V6: 16
D8: Properties | E8: Method | F8: Unit | G8: ISV | H8: ISV | I8: ISV | J8: ISV | K8: ISV | L8: ISV | M8: ISV | N8: ISV | O8: ISV | P8: ISV | Q8: ISV | R8: ISV | S8: ISV | T8: ISV | U8: ISV | V8: ISV
D9: Ratio | E9: - | F9: %wt.
D10: Weight | E10: - | F10: kg
D11: Density | E11: ASTM D4052 | F11: kg/L
D12: Relative Density@25/25 oC | E12: ASTM D70 | F12: -
D13: Viscosity @ -20 oC | E13: ASTM D445 | F13: cSt.
D14: Viscosity @ 40 oC
D15: Viscosity @ 70 oC
D16: Viscosity @ 100 oC
D17: Viscosity @ 150 oC
D18: V50
D19: Sulfur | E19: ASTM D4294 | F19: %wt | G19: 2.79 | H19: 4.33 | I19: 4.36 | J19: 4.385 | K19: 4.38 | L19: 3.746 | M19: 3.78 | N19: 3.907 | R19: 3.93 | S19: 3.505 | T19: 3.35
E20: ASTM D2622 | F20: %wt
F21: PPMw
D22: Total Nitrogen | E22: ASTM D4629 | F22: PPMw
E23: ASTM D5762 | F23: PPMw | G23: 1995 | I23: 4296.49 | K23: 3875 | L23: 4435.98 | M23: 6599 | N23: 6260.77 | R23: 6667 | S23: 7325 | T23: 7539
B24: 0.4519 | F24: %wt | G24: =G23/10000 -> 0.1995 | H24: =H23/10000 -> 0 | I24: =I23/10000 -> 0.429649 | J24: =J23/10000 -> 0 | K24: =K23/10000 -> 0.3875 | L24: =L23/10000 -> 0.443598 | M24: =M23/10000 -> 0.6599 | N24: =N23/10000 -> 0.626077 | ... V24: =V23/10000 -> 0
D25: CHN | E25: ASTM D5291 | F25: %wt
D26: Carbon | G26: 88.02 | H26: 86.25 | I26: 86.14 | K26: 86.59 | L26: 85.53 | M26: 85.98 | N26: 86.67 | R26: 86.99 | S26: 87.85 | T26: 86.78
D27: Hydrogen | G27: 10.59 | H27: 9.916 | I27: 10.69 | K27: 9.78 | L27: 10.12 | M27: 10.99 | N27: 10.78 | R27: 10.44 | S27: 10.64 | T27: 11
D28: Nitrogen | G28: 0.27 | H28: 0.5029 | I28: 0.5381 | K28: 0.66 | L28: 0.6406 | M28: 0.861 | N28: 1.802 | R28: 2.32 | S28: 2.84 | T28: 4.34
D29: CHNS | G29: =(G$26+G$27+G$24+G$19) -> 101.5995 | H29: =(H$26+H$27+H$24+H$19) -> 100.496 | I29: =(I$26+I$27+I$24+I$19) -> 101.61965 | K29: =(K$26+K$27+K$24+K$19) -> 101.1375 | L29: =(L$26+L$27+L$24+L$19) -> 99.839598 | M29: =(M$26+M$27+M$24+M$19) -> 101.4099 | N29: =(N$26+N$27+N$24+N$19) -> 101.98308 | R29: =(R$26+R$27+R$24+R$19) -> 102.0267 | S29: =(S$26+S$27+S$24+S$19) -> 102.7275 | T29: =(T$26+T$27+T$24+T$19) -> 101.8839
D30: CN | G30: =(100-G$32-G$33)/(1+(G$27/G$26)) -> 86.634285 | H30: =(100-H$32-H$33)/(1+(H$27/H$26)) -> 85.824311 | I30: =(100-I$32-I$33)/(1+(I$27/I$26)) -> 84.767071 | K30: =(100-K$32-K$33)/(1+(K$27/K$26)) -> 85.616117 | L30: =(100-L$32-L$33)/(1+(L$27/L$26)) -> 85.667412 | M30: =(100-M$32-M$33)/(1+(M$27/M$26)) -> 84.784622 | N30: =(100-N$32-N$33)/(1+(N$27/N$26)) -> 84.984688 | R30: =(100-R$32-R$33)/(1+(R$27/R$26)) -> 85.261995 | S30: =(100-S$32-S$33)/(1+(S$27/S$26)) -> 85.51751 | T30: =(100-T$32-T$33)/(1+(T$27/T$26)) -> 85.175381
D31: HN | F31: %wt | G31: =G$30*(G$27/G$26) -> 10.42328 | H31: =H$30*(H$27/H$26) -> 9.8670594 | I31: =I$30*(I$27/I$26) -> 10.519619 | K31: =K$30*(K$27/K$26) -> 9.6700037 | L31: =L$30*(L$27/L$26) -> 10.136259 | M31: =M$30*(M$27/M$26) -> 10.837206 | N31: =N$30*(N$27/N$26) -> 10.570381 | R31: =R$30*(R$27/R$26) -> 10.232616 | S31: =S$30*(S$27/S$26) -> 10.357499 | T31: =T$30*(T$27/T$26) -> 10.796603
D32: NN | G32: =G$24*100/G$29 -> 0.19635923 | H32: =H$24*100/H$29 -> 0 | I32: =I$24*100/I$29 -> 0.42280111 | K32: =K$24*100/K$29 -> 0.38314176 | L32: =L$24*100/L$29 -> 0.44431068 | M32: =M$24*100/M$29 -> 0.65072542 | N32: =N$24*100/N$29 -> 0.61390283 | R32: =R$24*100/R$29 -> 0.6534564 | S32: =S$24*100/S$29 -> 0.71305152 | T32: =T$24*100/T$29 -> 0.7399599
D33: SN | G33: =G$19*100/G$29 -> 2.7460765 | H33: =H$19*100/H$29 -> 4.3086292 | I33: =I$19*100/I$29 -> 4.2905088 | K33: =K$19*100/K$29 -> 4.3307379 | L33: =L$19*100/L$29 -> 3.7520183 | M33: =M$19*100/M$29 -> 3.7274467 | N33: =N$19*100/N$29 -> 3.8310278 | R33: =R$19*100/R$29 -> 3.8519329 | S33: =S$19*100/S$29 -> 3.4119394 | T33: =T$19*100/T$29 -> 3.2880563
D34: HN/CN | G34: =G$31/G$30 -> 0.12031357 | H34: =H$31/H$30 -> 0.11496812 | I34: =I$31/I$30 -> 0.1241003 | K34: =K$31/K$30 -> 0.11294607 | L34: =L$31/L$30 -> 0.11832106 | M34: =M$31/M$30 -> 0.12782042 | N34: =N$31/N$30 -> 0.12437983 | R34: =R$31/R$30 -> 0.12001379 | S34: =S$31/S$30 -> 0.12111554 | T34: =T$31/T$30 -> 0.12675732
D35: C
D36: H
D37: N
D38: S
D39: H/C
D40: ICP | E40: ASTM D7691 UOP 389 | F40: PPMw
D41: Nickle (Ni) | G41: 269.69 | H41: 1886.78 | I41: 88.02 | K41: 75.77 | L41: 151.41 | M41: 137.3 | N41: 120.12 | R41: 181.05 | S41: 231.47 | T41: 216.66
D42: Vanadium (V) | G42: 984.6 | H42: 5237.36 | I42: 230.15 | K42: 186.78 | L42: 382.7 | M42: 323.52 | N42: 289.69 | R42: 433.24 | S42: 566.05 | T42: 558.43
D43: Sodium (Na) | G43: 117.91 | H43: 551.8 | I43: 34.09 | K43: 59.91 | L43: 22.29 | M43: 37.68 | N43: 41.75 | R43: 48.59 | S43: 58.69 | T43: 53.78
D44: Calcium (Ca) | G44: 35.74 | H44: 140.19 | I44: 4.95 | K44: 11.36 | L44: 59.1 | M44: 16.13 | N44: 22.03 | R44: 25.9 | S44: 67.41 | T44: 79.03
D45: Iron (Fe) | G45: 307.98 | H45: 2822.69 | I45: 106.96 | K45: 89.3 | L45: 225.5 | M45: 172.18 | N45: 145.26 | R45: 233.06 | S45: 311.68 | T45: 259.36
D46: Ni | G46: =100-((G$41*100)/'HPS DAILY'!$G$42) -> -368.70003 | H46: =100-((H$41*100)/'HPS DAILY'!$G$42) -> -3179.0754 | I46: =100-((I$41*100)/'HPS DAILY'!$G$42) -> -52.971846 | J46: =100-((J$41*100)/'HPS DAILY'!$G$42) -> 100 | K46: =100-((K$41*100)/'HPS DAILY'!$H$42) -> 33.159845 | L46: =100-((L$41*100)/'HPS DAILY'!$H$42) -> -33.565632 | M46: =100-((M$41*100)/'HPS DAILY'!$H$42) -> -21.11856 | N46: =100-((N$41*100)/'HPS DAILY'!$H$42) -> -5.9633028 | O46: =100-((O$41*100)/'HPS DAILY'!$H$42) -> 100 | P46: =100-((P$41*100)/'HPS DAILY'!$H$42) -> 100 | Q46: =100-((Q$41*100)/'HPS DAILY'!$I$42) -> 100 | R46: =100-((R$41*100)/'HPS DAILY'!$I$42) -> -5.6917688 | S46: =100-((S$41*100)/'HPS DAILY'!$I$42) -> -35.125511 | T46: =100-((T$41*100)/'HPS DAILY'!$I$42) -> -26.47986 | U46: =100-((U$41*100)/'HPS DAILY'!$I$42) -> 100 | V46: =100-((V$41*100)/'HPS DAILY'!$I$42) -> 100
D47: V | E47: HDM Conversion | F47: % | G47: =100-((G$42*100)/'HPS DAILY'!$G$43) -> -406.8204 | H47: =100-((H$42*100)/'HPS DAILY'!$G$43) -> -2595.9181 | I47: =100-((I$42*100)/'HPS DAILY'!$G$43) -> -18.469141 | J47: =100-((J$42*100)/'HPS DAILY'!$G$43) -> 100 | K47: =100-((K$42*100)/'HPS DAILY'!$H$43) -> 34.683172 | L47: =100-((L$42*100)/'HPS DAILY'!$H$43) -> -33.829906 | M47: =100-((M$42*100)/'HPS DAILY'!$H$43) -> -13.134704 | N47: =100-((N$42*100)/'HPS DAILY'!$H$43) -> -1.3043782 | O47: =100-((O$42*100)/'HPS DAILY'!$H$43) -> 100 | P47: =100-((P$42*100)/'HPS DAILY'!$H$43) -> 100 | Q47: =100-((Q$42*100)/'HPS DAILY'!$I$43) -> 100 | R47: =100-((R$42*100)/'HPS DAILY'!$I$43) -> 10.004155 | S47: =100-((S$42*100)/'HPS DAILY'!$I$43) -> -17.58413 | T47: =100-((T$42*100)/'HPS DAILY'!$I$43) -> -16.001246 | U47: =100-((U$42*100)/'HPS DAILY'!$I$43) -> 100 | V47: =100-((V$42*100)/'HPS DAILY'!$I$43) -> 100
D48: Ni+V | G48: =100-((G41+G42)*100/('HPS DAILY'!$G$42+'HPS DAILY'!$G$43)) -> -398.10969 | H48: =100-((H41+H42)*100/('HPS DAILY'!$G$42+'HPS DAILY'!$G$43)) -> -2729.1728 | I48: =100-((I41+I42)*100/('HPS DAILY'!$G$42+'HPS DAILY'!$G$43)) -> -26.353203 | J48: =100-((J41+J42)*100/('HPS DAILY'!$G$42+'HPS DAILY'!$G$43)) -> 100 | K48: =100-((K41+K42)*100/('HPS DAILY'!$H$42+'HPS DAILY'!$H$43)) -> 34.250726 | L48: =100-((L41+L42)*100/('HPS DAILY'!$H$42+'HPS DAILY'!$H$43)) -> -33.754883 | M48: =100-((M41+M42)*100/('HPS DAILY'!$H$42+'HPS DAILY'!$H$43)) -> -15.401182 | N48: =100-((N41+N42)*100/('HPS DAILY'!$H$42+'HPS DAILY'!$H$43)) -> -2.6269658 | O48: =100-((O41+O42)*100/('HPS DAILY'!$H$42+'HPS DAILY'!$H$43)) -> 100 | P48: =100-((P41+P42)*100/('HPS DAILY'!$H$42+'HPS DAILY'!$H$43)) -> 100 | Q48: =100-((Q41+Q42)*100/('HPS DAILY'!$I$42+'HPS DAILY'!$I$43)) -> 100 | R48: =100-((R41+R42)*100/('HPS DAILY'!$I$42+'HPS DAILY'!$I$43)) -> 5.8847863 | S48: =100-((S41+S42)*100/('HPS DAILY'!$I$42+'HPS DAILY'!$I$43)) -> -22.187835 | T48: =100-((T41+T42)*100/('HPS DAILY'!$I$42+'HPS DAILY'!$I$43)) -> -18.751341 | U48: =100-((U41+U42)*100/('HPS DAILY'!$I$42+'HPS DAILY'!$I$43)) -> 100 | V48: =100-((V41+V42)*100/('HPS DAILY'!$I$42+'HPS DAILY'!$I$43)) -> 100
D49: Simdist | E49: ASTM D2887 ASTM D7169 | F49: deg.C
D50: IBP | G50: ='HPS LTO DAILY '!J223 -> 94.5 | H50: ='HPS LTO DAILY '!K223 -> 89.7 | I50: ='HPS LTO DAILY '!L223 -> 166 | J50: ='HPS LTO DAILY '!M223 -> 0 | K50: ='HPS LTO DAILY '!N223 -> 118.8 | L50: ='HPS LTO DAILY '!O223 -> 114.7 | M50: 139.9 | N50: ='HPS LTO DAILY '!Q223 -> 135.1 | O50: ='HPS LTO DAILY '!R223 -> 0 | P50: ='HPS LTO DAILY '!S223 -> 0 | Q50: ='HPS LTO DAILY '!T223 -> 0 | R50: ='HPS LTO DAILY '!U223 -> 200.7 | S50: ='HPS LTO DAILY '!V223 -> 124.1 | T50: ='HPS LTO DAILY '!W223 -> 0 | U50: ='HPS LTO DAILY '!X223 -> 0 | V50: ='HPS LTO DAILY '!Y223 -> 0
D51: 5 | G51: ='HPS LTO DAILY '!J228 -> 109 | H51: ='HPS LTO DAILY '!K228 -> 243.5 | I51: ='HPS LTO DAILY '!L228 -> 371.1 | J51: ='HPS LTO DAILY '!M228 -> 0 | K51: ='HPS LTO DAILY '!N228 -> 330.2 | L51: ='HPS LTO DAILY '!O228 -> 322.8 | M51: 299.6 | N51: ='HPS LTO DAILY '!Q228 -> 310.7 | O51: ='HPS LTO DAILY '!R228 -> 0 | P51: ='HPS LTO DAILY '!S228 -> 0 | Q51: ='HPS LTO DAILY '!T228 -> 0 | R51: ='HPS LTO DAILY '!U228 -> 348.3 | S51: ='HPS LTO DAILY '!V228 -> 293.3 | T51: ='HPS LTO DAILY '!W228 -> 0 | U51: ='HPS LTO DAILY '!X228 -> 0 | V51: ='HPS LTO DAILY '!Y228 -> 0
D52: 10 | G52: ='HPS LTO DAILY '!J233 -> 109.6 | H52: ='HPS LTO DAILY '!K233 -> 399.6 | I52: ='HPS LTO DAILY '!L233 -> 445.2 | J52: ='HPS LTO DAILY '!M233 -> 0 | K52: ='HPS LTO DAILY '!N233 -> 399.5 | L52: ='HPS LTO DAILY '!O233 -> 401.5 | M52: 383.9 | N52: ='HPS LTO DAILY '!Q233 -> 402 | O52: ='HPS LTO DAILY '!R233 -> 0 | P52: ='HPS LTO DAILY '!S233 -> 0 | Q52: ='HPS LTO DAILY '!T233 -> 0 | R52: ='HPS LTO DAILY '!U233 -> 424.3 | S52: ='HPS LTO DAILY '!V233 -> 376 | T52: ='HPS LTO DAILY '!W233 -> 0 | U52: ='HPS LTO DAILY '!X233 -> 0 | V52: ='HPS LTO DAILY '!Y233 -> 0
D53: 15 | G53: ='HPS LTO DAILY '!J238 -> 110.1 | H53: ='HPS LTO DAILY '!K238 -> 464.9 | I53: ='HPS LTO DAILY '!L238 -> 499.8 | J53: ='HPS LTO DAILY '!M238 -> 0 | K53: ='HPS LTO DAILY '!N238 -> 446.9 | L53: ='HPS LTO DAILY '!O238 -> 456.6 | M53: 444.1 | N53: ='HPS LTO DAILY '!Q238 -> 467.3 | O53: ='HPS LTO DAILY '!R238 -> 0 | P53: ='HPS LTO DAILY '!S238 -> 0 | Q53: ='HPS LTO DAILY '!T238 -> 0 | R53: ='HPS LTO DAILY '!U238 -> 483.3 | S53: ='HPS LTO DAILY '!V238 -> 437 | T53: ='HPS LTO DAILY '!W238 -> 0 | U53: ='HPS LTO DAILY '!X238 -> 0 | V53: ='HPS LTO DAILY '!Y238 -> 0
D54: 20 | G54: ='HPS LTO DAILY '!J243 -> 110.5 | H54: ='HPS LTO DAILY '!K243 -> 515.6 | I54: ='HPS LTO DAILY '!L243 -> 537.5 | J54: ='HPS LTO DAILY '!M243 -> 0 | K54: ='HPS LTO DAILY '!N243 -> 486.8 | L54: ='HPS LTO DAILY '!O243 -> 502.1 | M54: 493.8 | N54: ='HPS LTO DAILY '!Q243 -> 517.3 | O54: ='HPS LTO DAILY '!R243 -> 0 | P54: ='HPS LTO DAILY '!S243 -> 0 | Q54: ='HPS LTO DAILY '!T243 -> 0 | R54: ='HPS LTO DAILY '!U243 -> 527 | S54: ='HPS LTO DAILY '!V243 -> 487.9 | T54: ='HPS LTO DAILY '!W243 -> 0 | U54: ='HPS LTO DAILY '!X243 -> 0 | V54: ='HPS LTO DAILY '!Y243 -> 0
D55: 30 | G55: ='HPS LTO DAILY '!J253 -> 111.1 | H55: ='HPS LTO DAILY '!K253 -> 572.2 | I55: ='HPS LTO DAILY '!L253 -> 579.3 | J55: ='HPS LTO DAILY '!M253 -> 0 | K55: ='HPS LTO DAILY '!N253 -> 537.6 | L55: ='HPS LTO DAILY '!O253 -> 555.7 | M55: 554.6 | N55: ='HPS LTO DAILY '!Q253 -> 568.5 | O55: ='HPS LTO DAILY '!R253 -> 0 | P55: ='HPS LTO DAILY '!S253 -> 0 | Q55: ='HPS LTO DAILY '!T253 -> 0 | R55: ='HPS LTO DAILY '!U253 -> 571.8 | S55: ='HPS LTO DAILY '!V253 -> 553.8 | T55: ='HPS LTO DAILY '!W253 -> 0 | U55: ='HPS LTO DAILY '!X253 -> 0 | V55: ='HPS LTO DAILY '!Y253 -> 0
D56: 40 | G56: ='HPS LTO DAILY '!J263 -> 159 | H56: ='HPS LTO DAILY '!K263 -> 602.6 | I56: ='HPS LTO DAILY '!L263 -> 606.9 | J56: ='HPS LTO DAILY '!M263 -> 0 | K56: ='HPS LTO DAILY '!N263 -> 566.4 | L56: ='HPS LTO DAILY '!O263 -> 586.1 | M56: ='HPS LTO DAILY '!P263 -> 586.1 | N56: ='HPS LTO DAILY '!Q263 -> 600 | ... V56: ='HPS LTO DAILY '!Y263 -> 0
D57: 50 | G57: ='HPS LTO DAILY '!J273 -> 166.3 | H57: ='HPS LTO DAILY '!K273 -> 630.7 | I57: ='HPS LTO DAILY '!L273 -> 633.5 | J57: ='HPS LTO DAILY '!M273 -> 0 | K57: ='HPS LTO DAILY '!N273 -> 588 | L57: ='HPS LTO DAILY '!O273 -> 614.8 | M57: ='HPS LTO DAILY '!P273 -> 615.5 | N57: ='HPS LTO DAILY '!Q273 -> 633.7 | ... V57: ='HPS LTO DAILY '!Y273 -> 0
D58: 60 | G58: ='HPS LTO DAILY '!J283 -> 412.8 | H58: ='HPS LTO DAILY '!K283 -> 660.4 | I58: ='HPS LTO DAILY '!L283 -> 662.2 | J58: ='HPS LTO DAILY '!M283 -> 0 | K58: ='HPS LTO DAILY '!N283 -> 609.5 | L58: ='HPS LTO DAILY '!O283 -> 646.7 | M58: ='HPS LTO DAILY '!P283 -> 650.2 | N58: ='HPS LTO DAILY '!Q283 -> 677.6 | ... V58: ='HPS LTO DAILY '!Y283 -> 0
D59: 70 | G59: ='HPS LTO DAILY '!J293 -> 553.1 | H59: ='HPS LTO DAILY '!K293 -> 700 | I59: ='HPS LTO DAILY '!L293 -> 698.2 | J59: ='HPS LTO DAILY '!M293 -> 0 | K59: ='HPS LTO DAILY '!N293 -> 632.6 | L59: ='HPS LTO DAILY '!O293 -> 687.2 | M59: ='HPS LTO DAILY '!P293 -> 705.1 | N59: ='HPS LTO DAILY '!Q293 -> - | ... V59: ='HPS LTO DAILY '!Y293 -> 0
D60: 80 | G60: ='HPS LTO DAILY '!J303 -> 621.4 | H60: ='HPS LTO DAILY '!K303 -> - | I60: ='HPS LTO DAILY '!L303 -> - | J60: ='HPS LTO DAILY '!M303 -> 0 | K60: ='HPS LTO DAILY '!N303 -> 657.8 | L60: ='HPS LTO DAILY '!O303 -> 733.1 | M60: ='HPS LTO DAILY '!P303 -> - | N60: ='HPS LTO DAILY '!Q303 -> - | ... V60: ='HPS LTO DAILY '!Y303 -> 0
D61: 90 | G61: ='HPS LTO DAILY '!J313 -> 698.3 | H61: ='HPS LTO DAILY '!K313 -> - | I61: ='HPS LTO DAILY '!L313 -> - | J61: ='HPS LTO DAILY '!M313 -> 0 | K61: ='HPS LTO DAILY '!N313 -> 691.8 | L61: ='HPS LTO DAILY '!O313 -> - | M61: ='HPS LTO DAILY '!P313 -> - | N61: ='HPS LTO DAILY '!Q313 -> - | ... V61: ='HPS LTO DAILY '!Y313 -> 0
D62: 95 | G62: ='HPS LTO DAILY '!J318 -> - | H62: ='HPS LTO DAILY '!K318 -> - | I62: ='HPS LTO DAILY '!L318 -> - | J62: ='HPS LTO DAILY '!M318 -> 0 | K62: ='HPS LTO DAILY '!N318 -> 710 | L62: ='HPS LTO DAILY '!O318 -> - | M62: ='HPS LTO DAILY '!P318 -> - | N62: ='HPS LTO DAILY '!Q318 -> - | ... V62: ='HPS LTO DAILY '!Y318 -> 0
D63: FBP | E63: Conversion | G63: ='HPS LTO DAILY '!J323 -> - | H63: ='HPS LTO DAILY '!K323 -> - | I63: ='HPS LTO DAILY '!L323 -> - | J63: ='HPS LTO DAILY '!M323 -> 0 | K63: ='HPS LTO DAILY '!N323 -> 731.8 | L63: ='HPS LTO DAILY '!O323 -> - | M63: ='HPS LTO DAILY '!P323 -> - | N63: ='HPS LTO DAILY '!Q323 -> - | ... V63: ='HPS LTO DAILY '!Y323 -> 0
D64: CUT POINTS
D65: IBP-90 | E65: ASTM D2887 ASTM D7169 | F65: %wt | G65: 0.142 | H65: 0.504 | I65: 0.121 | K65: 0.19 | L65: 0.36 | M65: 0.693 | N65: 0.23 | R65: 0.048 | S65: 0.309
D66: 90-160 | G66: 41.623 | H66: 2.633 | I66: 0.345 | K66: 0.573 | L66: 0.495 | M66: 0.596 | N66: 0.552 | R66: 0.141 | S66: 0.586
D67: 160-250 | G67: 13.215 | H67: 1.962 | I67: 0.962 | K67: 1.381 | L67: 1.542 | M67: 2.232 | N67: 2.031 | R67: 1.038 | S67: 2.286
D68: 250-360 | G68: 2.579 | H68: 2.907 | I68: 3.044 | K68: 4.586 | L68: 4.597 | M68: 5.359 | N68: 4.618 | R68: 4.492 | S68: 5.729
D69: 360-500 | G69: 7.742 | H69: 10.257 | I69: 10.558 | K69: 15.267 | L69: 12.727 | M69: 12.381 | N69: 10.598 | R69: 10.946 | S69: 12.405
D70: 500-560 | G70: 5.544 | H70: 8.644 | I70: 9.365 | K70: 15.403 | L70: 11.485 | M70: 10.702 | N70: 9.623 | R70: 9.873 | S70: 10.145
D71: 560+ | G71: =100-SUM(G65:G70) -> 29.155 | H71: =100-SUM(H65:H70) -> 73.093 | I71: =100-SUM(I65:I70) -> 75.605 | J71: =100-SUM(J65:J70) -> 100 | K71: =100-SUM(K65:K70) -> 62.6 | L71: =100-SUM(L65:L70) -> 68.794 | M71: =100-SUM(M65:M70) -> 68.037 | N71: =100-SUM(N65:N70) -> 72.348 | ... V71: =100-SUM(V65:V70) -> 100
D72: TOTAL | G72: =SUM(G65:G71) -> 100 | H72: =SUM(H65:H71) -> 100 | I72: =SUM(I65:I71) -> 100 | J72: =SUM(J65:J71) -> 100 | K72: =SUM(K65:K71) -> 100 | L72: =SUM(L65:L71) -> 100 | M72: =SUM(M65:M71) -> 100 | N72: =SUM(N65:N71) -> 100 | ... V72: =SUM(V65:V71) -> 100
D73: SARA | E73: IP469 | F73: %
D74: Saturates
D75: Aromatics
D76: Resins
D77: Asphaltenes
D78: CII
D79: Flocculation | E79: ASTM D6703 ASTM D7112 | F79: -
D80: Pa
D81: Po
D82: P
D83: FRmax
D84: SBN
D85: IN
D86: C5 Insoluble | E86: ASTM D4055 | F86: %wt | G86: 8.03 | I86: 13.12 | K86: 16.93 | L86: 18.79 | M86: 22.1 | N86: 21.95 | R86: 20.14 | S86: 20.31 | T86: 22.03
D87: C7 Insoluble | E87: ASTM D3279 | F87: %wt | G87: 4.9 | H87: 9.1 | I87: 9.2 | K87: 9.4 | L87: 11.2 | M87: 14 | N87: 14.4 | R87: 14.6 | S87: 12.83 | T87: 14.4
D88: CCR | E88: ASTM D4530 | F88: %wt | G88: 11.7 | H88: 22.0851 | I88: 21.51 | J88: 21.13 | K88: 21.1 | L88: 22.4 | M88: 24.6 | N88: 24.81 | R88: 26.02 | S88: 24.52
D89: Total Sediment | E89: ASTM D4870 | F89: %wt

Sheet LTO DAILY
D1: RHCU Pilot Plant Laboratory Worksheet
D2: Batch Name : | E2: SR ABQ3358 ACCEPTANCE TEST
D3: Date : | E3: 17/07-01/8/2025
D4: Note : | E4: MEBU ACCEPTANCE TEST | H4: CRACKING EXPERIMENT
F5: Day on stream | G5: Day on stream | H5: 1 | I5: 2 | J5: 3 | K5: 4 | L5: 5 | M5: 6 | N5: 7 | O5: 8 | P5: 9 | Q5: 10 | R5: 11 | S5: 12 | T5: 13 | U5: 14 | V5: 15 | W5: 16_1 | X5: 16_2
G6: Date | W6: at 04.00 02/08/25 | X6: at 18.00 01/08/25
D7: Properties | E7: Method | F7: Unit | G7: SR ABQ3358 | H7: LTO | I7: LTO | J7: LTO | K7: LTO | L7: LTO | M7: LTO | N7: LTO | O7: LTO | P7: LTO | Q7: LTO | R7: LTO | S7: LTO | T7: LTO | U7: LTO | V7: LTO | W7: LTO | X7: LTO
D8: Ratio | E8: - | F8: %wt. | G8: 100
D9: API | E9: - | F9: kg | H9: 44 | I9: 43.8 | J9: 45.66 | K9: 44.2 | L9: 43.75 | M9: 43.8 | N9: 45.4 | O9: 45.62 | P9: 45.25 | Q9: 45.86 | R9: 47.55 | S9: 45.6 | T9: 44.61 | U9: 45.7 | V9: 46.37 | W9: 47.2 | X9: 43.4
D10: Density | E10: ASTM D4052 | F10: kg/L | H10: 0.8055 | I10: 0.8066 | J10: 0.7979 | K10: 0.8045 | L10: 0.8066 | M10: 0.8063 | N10: 0.7992 | O10: 0.7981 | P10: 0.7998 | Q10: 0.797 | R10: 0.7895 | S10: 0.7983 | T10: 0.8027 | U10: 0.7978 | V10: 0.7947 | W10: 0.7911 | X10: 0.8081
D11: Relative Density@25/25 oC | E11: ASTM D70 | F11: -
D12: Viscosity @ -20 oC | E12: ASTM D445 | F12: cSt.
D13: Viscosity @ 40 oC
D14: Viscosity @ 70 oC
D15: Viscosity @ 100 oC
D16: Viscosity @ 150 oC
D17: V50
D18: Sulfur | E18: ASTM D4294 | F18: %wt | G18: 5.986 | H18: 0.102 | I18: 0.136 | J18: 0.1427 | K18: 0.15322 | L18: 0.1455 | M18: 0.0726 | N18: 0.0901 | O18: 0.0751 | P18: 0.0833 | Q18: 0.07879 | R18: 0.0831 | S18: 0.0879 | T18: 0.09671 | U18: 0.089 | V18: 0.08729 | W18: 0.0789 | X18: 0.0974
E19: ASTM D2622 | F19: %wt
F20: PPMw
D21: Total Nitrogen | E21: ASTM D4629 | F21: PPMw
E22: ASTM D5762 | F22: PPMw | G22: 3301 | H22: 268 | I22: 516.7 | J22: 542.3 | K22: 768.1 | L22: 716.84 | M22: 803 | N22: 917.2 | O22: 952 | P22: 978.07 | Q22: 974.47 | R22: 915.45 | S22: 1012 | T22: 955.3 | U22: 921.48 | V22: 868.19 | W22: 777.6 | X22: 980
B23: 0.4519 | F23: %wt | G23: 0.3301 | H23: =H22/10000 -> 0.0268 | I23: =I22/10000 -> 0.05167 | J23: =J22/10000 -> 0.05423 | K23: =K22/10000 -> 0.07681 | L23: =L22/10000 -> 0.071684 | M23: =M22/10000 -> 0.0803 | N23: =N22/10000 -> 0.09172 | O23: =O22/10000 -> 0.0952 | ... X23: =X22/10000 -> 0.098
D24: CHN | E24: ASTM D5291 | F24: %wt
D25: Carbon | G25: 84.31 | H25: 86.99 | I25: 86.33 | J25: 86.72 | K25: 85.54 | L25: 86.67 | M25: 85.59 | N25: 86.48 | O25: 86.98 | P25: 85.82 | Q25: 85.47 | R25: 86.77 | S25: 86.71 | T25: 87.83 | U25: 86.37 | V25: 86.35 | W25: 86.75 | X25: 87.53
D26: Hydrogen | G26: 9.782 | H26: 13.14 | I26: 12.27 | J26: 13.8 | K26: 13.91 | L26: 13.4 | M26: 13.22 | N26: 13.89 | O26: 14.01 | P26: 13.95 | Q26: 13.68 | R26: 14.08 | S26: 13.82 | T26: 13.93 | U26: 13.86 | V26: 13.9 | W26: 14.07 | X26: 14
D27: Nitrogen | G27: 0.4519 | H27: 0.14 | I27: 0.1145 | J27: 0.1206 | K27: 0.15 | L27: 0.17 | M27: 0.4184 | N27: 0.07366 | O27: 0.8998 | P27: 0.18 | Q27: 1.546 | R27: 1.229 | S27: 1.42 | T27: 1.61 | U27: 1.573 | V27: 1.535 | W27: 2.01 | X27: 3.03
D28: CHNS | G28: =(G25+G26+G27+G18) -> 100.5299 | H28: =H$25+H$26+H$23+H$18 -> 100.2588 | I28: =I$25+I$26+I$23+I$18 -> 98.78767 | J28: =J$25+J$26+J$23+J$18 -> 100.71693 | K28: =K$25+K$26+K$23+K$18 -> 99.68003 | L28: =L$25+L$26+L$23+L$18 -> 100.28718 | M28: =M$25+M$26+M$23+M$18 -> 98.9629 | N28: =N$25+N$26+N$23+N$18 -> 100.55182 | O28: =O$25+O$26+O$23+O$18 -> 101.1603 | ... X28: =X$25+X$26+X$23+X$18 -> 101.7254
D29: CN | G29: =(100-G31-G32)/(1+(G26/G25)) -> 83.974158 | H29: =(100-H$31-H$32)/(1+(H$26/H$25)) -> 86.765451 | I29: =(100-I$31-I$32)/(1+(I$26/I$25)) -> 87.389449 | J29: =(100-J$31-J$32)/(1+(J$26/J$25)) -> 86.102704 | K29: =(100-K$31-K$32)/(1+(K$26/K$25)) -> 85.814581 | L29: =(100-L$31-L$32)/(1+(L$26/L$25)) -> 86.42181 | M29: =(100-M$31-M$32)/(1+(M$26/M$25)) -> 86.486956 | N29: =(100-N$31-N$32)/(1+(N$26/N$25)) -> 86.005405 | O29: =(100-O$31-O$32)/(1+(O$26/O$25)) -> 85.982347 | ... X29: =(100-X$31-X$32)/(1+(X$26/X$25)) -> 86.045373
D30: HN | F30: %wt | G30: =G29*(G26/G25) -> 9.7430342 | H30: =H$29*(H$26/H$25) -> 13.106081 | I30: =I$29*(I$26/I$25) -> 12.420578 | J30: =J$29*(J$26/J$25) -> 13.701768 | K30: =K$29*(K$26/K$25) -> 13.954651 | L30: =L$29*(L$26/L$25) -> 13.361628 | M30: =M$29*(M$26/M$25) -> 13.358541 | N30: =N$29*(N$26/N$25) -> 13.813773 | O30: =O$29*(O$26/O$25) -> 13.849306 | ... X30: =X$29*(X$26/X$25) -> 13.762541
D31: NN | G31: =G23*100/G28 -> 0.32836002 | H31: =H$23*100/H$28 -> 0.026730821 | I31: =I$23*100/I$28 -> 0.052304098 | J31: =J$23*100/J$28 -> 0.053843976 | K31: =K$23*100/K$28 -> 0.077056558 | L31: =L$23*100/L$28 -> 0.071478725 | M31: =M$23*100/M$28 -> 0.081141519 | N31: =N$23*100/N$28 -> 0.091216648 | O31: =O$23*100/O$28 -> 0.094108064 | ... X31: =X$23*100/X$28 -> 0.096337788
D32: SN | G32: =G18*100/G28 -> 5.9544474 | H32: =H$18*100/H$28 -> 0.10173671 | I32: =I$18*100/I$28 -> 0.137669 | J32: =J$18*100/J$28 -> 0.14168422 | K32: =K$18*100/K$28 -> 0.15371183 | L32: =L$18*100/L$28 -> 0.14508334 | M32: =M$18*100/M$28 -> 0.073360825 | N32: =N$18*100/N$28 -> 0.089605539 | O32: =O$18*100/O$28 -> 0.074238609 | ... X32: =X$18*100/X$28 -> 0.095747965
D33: HN/CN | G33: =G30/G29 -> 0.1160242 | H33: =H$30/H$29 -> 0.15105185 | I33: =I$30/I$29 -> 0.14212904 | J33: =J$30/J$29 -> 0.15913284 | K33: =K$30/K$29 -> 0.16261398 | L33: =L$30/L$29 -> 0.15460944 | M33: =M$30/M$29 -> 0.1544573 | N33: =N$30/N$29 -> 0.16061517 | O33: =O$30/O$29 -> 0.16107151 | ... X33: =X$30/X$29 -> 0.15994516
D34: C | G34: =G25*100/G28 -> 83.865596
D35: H | G35: =G26*100/G28 -> 9.7304384
D36: N | G36: =G27*100/G28 -> 0.449518
D37: S | G37: =G18*100/G28 -> 5.9544474
D38: H/C | G38: =G35/G34 -> 0.1160242
D39: Simdist | E39: ASTM D2887 ASTM D7169 | F39: deg.C
D40: IBP | G40: 376 | H40: ='HPS LTO DAILY '!J116 -> 56.4 | I40: ='HPS LTO DAILY '!K116 -> 24.9 | J40: ='HPS LTO DAILY '!L116 -> 6.2 | K40: ='HPS LTO DAILY '!M116 -> 34.3 | L40: ='HPS LTO DAILY '!N116 -> 55.5 | M40: ='HPS LTO DAILY '!O116 -> 60.5 | N40: ='HPS LTO DAILY '!P116 -> 56 | O40: ='HPS LTO DAILY '!Q116 -> 56.3 | ... X40: ='HPS LTO DAILY '!Z116 -> 74.1
D41: 5 | G41: 510 | H41: ='HPS LTO DAILY '!J121 -> 98.6 | I41: ='HPS LTO DAILY '!K121 -> 74.8 | J41: ='HPS LTO DAILY '!L121 -> 68.1 | K41: ='HPS LTO DAILY '!M121 -> 83.2 | L41: ='HPS LTO DAILY '!N121 -> 90.5 | M41: ='HPS LTO DAILY '!O121 -> 101.4 | N41: ='HPS LTO DAILY '!P121 -> 98 | O41: ='HPS LTO DAILY '!Q121 -> 97.8 | ... X41: ='HPS LTO DAILY '!Z121 -> 118
D42: 10 | G42: 543.5 | H42: ='HPS LTO DAILY '!J126 -> 99.6 | I42: ='HPS LTO DAILY '!K126 -> 98.5 | J42: ='HPS LTO DAILY '!L126 -> 90.3 | K42: ='HPS LTO DAILY '!M126 -> 101.7 | L42: ='HPS LTO DAILY '!N126 -> 112.7 | M42: ='HPS LTO DAILY '!O126 -> 122 | N42: ='HPS LTO DAILY '!P126 -> 116.8 | O42: ='HPS LTO DAILY '!Q126 -> 116.9 | ... X42: ='HPS LTO DAILY '!Z126 -> 134
D43: 15 | H43: ='HPS LTO DAILY '!J131 -> 100.2 | I43: ='HPS LTO DAILY '!K131 -> 117.3 | J43: ='HPS LTO DAILY '!L131 -> 105.3 | K43: ='HPS LTO DAILY '!M131 -> 119.7 | L43: ='HPS LTO DAILY '!N131 -> 126.7 | M43: ='HPS LTO DAILY '!O131 -> 134.3 | N43: ='HPS LTO DAILY '!P131 -> 127 | O43: ='HPS LTO DAILY '!Q131 -> 126.9 | ... X43: ='HPS LTO DAILY '!Z131 -> 146
D44: 20 | G44: 578 | H44: ='HPS LTO DAILY '!J136 -> 100.7 | I44: ='HPS LTO DAILY '!K136 -> 132.9 | J44: ='HPS LTO DAILY '!L136 -> 125.8 | K44: ='HPS LTO DAILY '!M136 -> 137.7 | L44: ='HPS LTO DAILY '!N136 -> 140.6 | M44: ='HPS LTO DAILY '!O136 -> 145.7 | N44: ='HPS LTO DAILY '!P136 -> 140.4 | O44: ='HPS LTO DAILY '!Q136 -> 140.4 | ... X44: ='HPS LTO DAILY '!Z136 -> 156.7
D45: 30 | G45: 606 | H45: ='HPS LTO DAILY '!J146 -> 152.9 | I45: ='HPS LTO DAILY '!K146 -> 160.9 | J45: ='HPS LTO DAILY '!L146 -> 152.1 | K45: ='HPS LTO DAILY '!M146 -> 162.8 | L45: ='HPS LTO DAILY '!N146 -> 163.2 | M45: ='HPS LTO DAILY '!O146 -> 166.3 | N45: ='HPS LTO DAILY '!P146 -> 159.8 | O45: ='HPS LTO DAILY '!Q146 -> 159.7 | ... X45: ='HPS LTO DAILY '!Z146 -> 174.7
D46: 40 | G46: 635 | H46: ='HPS LTO DAILY '!J156 -> 164.2 | I46: ='HPS LTO DAILY '!K156 -> 171 | J46: ='HPS LTO DAILY '!L156 -> 170.6 | K46: ='HPS LTO DAILY '!M156 -> 184.6 | L46: ='HPS LTO DAILY '!N156 -> 183.9 | M46: ='HPS LTO DAILY '!O156 -> 182.8 | N46: ='HPS LTO DAILY '!P156 -> 175.7 | O46: ='HPS LTO DAILY '!Q156 -> 175.5 | ... X46: ='HPS LTO DAILY '!Z156 -> 189.5
D47: 50 | G47: 667 | H47: ='HPS LTO DAILY '!J166 -> 170.9 | I47: ='HPS LTO DAILY '!K166 -> 195.8 | J47: ='HPS LTO DAILY '!L166 -> 196.6 | K47: ='HPS LTO DAILY '!M166 -> 208.1 | L47: ='HPS LTO DAILY '!N166 -> 206 | M47: ='HPS LTO DAILY '!O166 -> 201.6 | N47: ='HPS LTO DAILY '!P166 -> 196.2 | O47: ='HPS LTO DAILY '!Q166 -> 196 | ... X47: ='HPS LTO DAILY '!Z166 -> 206.3
D48: 60 | G48: 705 | H48: ='HPS LTO DAILY '!J176 -> 179.6 | I48: ='HPS LTO DAILY '!K176 -> 221.3 | J48: ='HPS LTO DAILY '!L176 -> 221.3 | K48: ='HPS LTO DAILY '!M176 -> 232.8 | L48: ='HPS LTO DAILY '!N176 -> 229.8 | M48: ='HPS LTO DAILY '!O176 -> 220.4 | N48: ='HPS LTO DAILY '!P176 -> 214.6 | O48: ='HPS LTO DAILY '!Q176 -> 214.5 | ... X48: ='HPS LTO DAILY '!Z176 -> 224.1
D49: 70 | H49: ='HPS LTO DAILY '!J186 -> 225 | I49: ='HPS LTO DAILY '!K186 -> 254.5 | J49: ='HPS LTO DAILY '!L186 -> 253.6 | K49: ='HPS LTO DAILY '!M186 -> 260.9 | L49: ='HPS LTO DAILY '!N186 -> 256.3 | M49: ='HPS LTO DAILY '!O186 -> 244.6 | N49: ='HPS LTO DAILY '!P186 -> 236.1 | O49: ='HPS LTO DAILY '!Q186 -> 236 | ... X49: ='HPS LTO DAILY '!Z186 -> 245.3
D50: 80 | H50: ='HPS LTO DAILY '!J196 -> 281.7 | I50: ='HPS LTO DAILY '!K196 -> 291.2 | J50: ='HPS LTO DAILY '!L196 -> 288.2 | K50: ='HPS LTO DAILY '!M196 -> 295.1 | L50: ='HPS LTO DAILY '!N196 -> 289.7 | M50: ='HPS LTO DAILY '!O196 -> 272.9 | N50: ='HPS LTO DAILY '!P196 -> 264.2 | O50: ='HPS LTO DAILY '!Q196 -> 264.4 | ... X50: ='HPS LTO DAILY '!Z196 -> 271.6
D51: 90 | H51: ='HPS LTO DAILY '!J206 -> 352.8 | I51: ='HPS LTO DAILY '!K206 -> 344.7 | J51: ='HPS LTO DAILY '!L206 -> 340 | K51: ='HPS LTO DAILY '!M206 -> 343.1 | L51: ='HPS LTO DAILY '!N206 -> 337.7 | M51: ='HPS LTO DAILY '!O206 -> 317.5 | N51: ='HPS LTO DAILY '!P206 -> 304.8 | O51: ='HPS LTO DAILY '!Q206 -> 305.5 | ... X51: ='HPS LTO DAILY '!Z206 -> 311.4
D52: 95 | H52: ='HPS LTO DAILY '!J211 -> 393.3 | I52: ='HPS LTO DAILY '!K211 -> 384.6 | J52: ='HPS LTO DAILY '!L211 -> 380.3 | K52: ='HPS LTO DAILY '!M211 -> 381.3 | L52: ='HPS LTO DAILY '!N211 -> 376.9 | M52: ='HPS LTO DAILY '!O211 -> 357.1 | N52: ='HPS LTO DAILY '!P211 -> 343.7 | O52: ='HPS LTO DAILY '!Q211 -> 344.1 | ... X52: ='HPS LTO DAILY '!Z211 -> 347.3
D53: FBP | E53: Conversion | G53: <560 = 14.1% | H53: ='HPS LTO DAILY '!J216 -> 473 | I53: ='HPS LTO DAILY '!K216 -> 468.4 | J53: ='HPS LTO DAILY '!L216 -> 465.6 | K53: ='HPS LTO DAILY '!M216 -> 466.8 | L53: ='HPS LTO DAILY '!N216 -> 465.4 | M53: ='HPS LTO DAILY '!O216 -> 449.2 | N53: ='HPS LTO DAILY '!P216 -> 439.4 | O53: ='HPS LTO DAILY '!Q216 -> 437.2 | ... X53: ='HPS LTO DAILY '!Z216 -> 438.7
D54: CUT POINTS
D55: IBP-90 | E55: ASTM D2887 ASTM D7169 | F55: %wt | G55: 0 | H55: 2 | I55: 7.5 | J55: 9.5 | K55: 6.5 | L55: 4.5 | M55: 2.5 | N55: 3.5 | O55: 3.5 | P55: 3.5 | Q55: 3.5 | R55: 6.7 | S55: 3.5 | T55: 3.4 | U55: 3.6 | V55: 3.7 | W55: 6.8 | X55: 1.1
D56: 90-160 | G56: 0 | H56: 29 | I56: 22 | J56: 23 | K56: 22 | L56: 23.5 | M56: 24 | N56: 26.5 | O56: 26.5 | P56: 25.5 | Q56: 27.4 | R56: 29.4 | S56: 26.6 | T56: 23.8 | U56: 26.9 | V56: 28.3 | W56: 28.5 | X56: 20.4
D57: 160-250 | G57: 0 | H57: 43.5 | I57: 39.5 | J57: 36.5 | K57: 37.5 | L57: 39.5 | M57: 45.5 | N57: 45 | O57: 45 | P57: 46 | Q57: 45.4 | R57: 42.4 | S57: 43.5 | T57: 44.3 | U57: 44.6 | V57: 44.7 | W57: 42 | X57: 50.3
D58: 250-360 | G58: 0 | H58: 16.5 | I58: 23 | J58: 24 | K58: 26.5 | L58: 25.5 | M58: 23.5 | N58: 21.5 | O58: 21.5 | P58: 21.5 | Q58: 20.3 | R58: 18.4 | S58: 20.8 | T58: 23.8 | U58: 21 | V58: 19.9 | W58: 19.5 | X58: 24.4
D59: 360-500 | G59: 4.17 | H59: 9 | I59: 8 | J59: 7 | K59: 7.5 | L59: 7 | M59: 4.5 | N59: 3.5 | O59: 3.5 | P59: 3.5 | Q59: 3.4 | R59: 3.1 | S59: 5.6 | T59: 4.7 | U59: 3.9 | V59: 3.4 | W59: 3.2 | X59: 3.8
D60: 500-560 | G60: =14.05-G59 -> 9.88 | H60: 0 | I60: 0 | J60: 0 | K60: 0 | L60: 0 | M60: 0 | N60: 0 | O60: 0 | P60: 0 | Q60: 0 | R60: 0 | S60: 0 | T60: 0 | U60: 0 | V60: 0 | W60: 0 | X60: 0
D61: 560+ | G61: =100-SUM(G55:G60) -> 85.95 | H61: 0 | I61: 0 | J61: 0 | K61: 0 | L61: 0 | M61: 0 | N61: 0 | O61: 0 | P61: 0 | Q61: 0 | R61: 0 | S61: 0 | T61: 0 | U61: 0 | V61: 0 | W61: 0 | X61: 0
D62: TOTAL | G62: =SUM(G55:G61) -> 100 | H62: =SUM(H55:H61) -> 100 | I62: =SUM(I55:I61) -> 100 | J62: =SUM(J55:J61) -> 100 | K62: =SUM(K55:K61) -> 100 | L62: =SUM(L55:L61) -> 100 | M62: =SUM(M55:M61) -> 100 | N62: =SUM(N55:N61) -> 100 | ... X62: =SUM(X55:X61) -> 100
D63: SARA | E63: IP469 | F63: %
D64: Saturates | G64: 2.3
D65: Aromatics | G65: 41.8
D66: Resins | G66: 24.4
D67: Asphaltenes | G67: 31.6

Sheet HPS DAILY
D1: RHCU Pilot Plant Laboratory Worksheet
D2: Batch Name : | E2: Low&High Sedimentation
D3: Date : | E3: 17/07-01/8/2025
D4: Note : | E4: MEBU ACCEPTANCE TEST | J4: CATALYST AGING | N4: CRACKING EXPERIMENT
J5: ABQ3358 | N5: Low Sedim | T5: High Sedim
G6: 9.782 | I6: Day on stream | J6: 1 | K6: 2 | L6: 3 | M6: 4 | N6: 5 | O6: 6 | P6: 7 | Q6: 8 | R6: 9 | S6: 10 | T6: 11 | U6: 12 | V6: 13 | W6: 14 | X6: 15 | Y6: 16_1 | Z6: 16_2
I7: Date | J7: 45856 | Y7: at 04.00 02/08/25 | Z7: at 18.00 01/08/25
D8: Properties | E8: Method | F8: Unit | G8: VR ABQ3358 | H8: VR Low Sedim | I8: VR High Sedim | J8: HPS | K8: HPS | L8: HPS | M8: HPS | N8: HPS | O8: HPS | P8: HPS | Q8: HPS | R8: HPS | S8: HPS | T8: HPS | U8: HPS | V8: HPS | W8: HPS | X8: HPS | Y8: HPS | Z8: HPS
D9: Ratio | E9: - | F9: %wt. | G9: 100
D10: API @ 15.6 degC | E10: - | G10: =(141.5/(G11/0.9991))-131.5 -> 3.3589621 | H10: =(141.5/(H11/0.9991))-131.5 -> 1.4314998 | I10: =(141.5/(I11/0.9991))-131.5 -> 1.8201151 | J10: 11.8 | K10: 11.9 | L10: 11.91 | M10: 11.86 | N10: 17.9 | O10: 15.7 | P10: 14.6 | Q10: 14.98 | R10: 14.76 | S10: 14.4 | T10: 15.12 | U10: 15.88 | V10: 15.45 | W10: 16.07 | X10: 15.69 | Y10: 15.1 | Z10: 15.6
D11: Density @ 15.6 degC | E11: ASTM D4052 | F11: kg/L | G11: 1.0483 | H11: 1.0635 | I11: 1.0604 | J11: 0.9868 | K11: 0.9858 | L11: 0.9857 | M11: 0.9861 | N11: 0.9462 | O11: 0.9604 | P11: 0.9677 | Q11: 0.9651 | R11: 0.9665 | S11: 0.9689 | T11: 0.9641 | U11: 0.9592 | V11: 0.962 | W11: 0.9579 | X11: 0.9604 | Y11: 0.9644 | Z11: 0.9612
D12: Relative Density@25/25 oC | E12: ASTM D70 | F12: - | G12: 1.049 | H12: 1.065 | I12: 1.061
D13: Viscosity @ -20 oC | E13: ASTM D445 | F13: cSt.
D14: Viscosity @ 40 oC
D15: Viscosity @ 70 oC
D16: Viscosity @ 100 oC
D17: Viscosity @ 135 °C
D18: Viscosity @ 150 oC
D19: V50
D20: Sulfur | E20: ASTM D4294 | F20: %wt | G20: 5.986 | H20: 5.69 | I20: 5.248 | J20: 2.34 | K20: 2.27 | L20: 2.334 | M20: 2.366 | N20: 1.01 | O20: 1.192 | P20: 1.45 | Q20: 1.412 | R20: 1.452 | S20: 1.539 | T20: 1.443 | U20: 1.24 | V20: 1.288 | W20: 1.265 | X20: 1.302 | Y20: 1.363 | Z20: 1.354
E21: ASTM D2622 | F21: %wt
F22: PPMw
D23: Total Nitrogen | E23: ASTM D4629 | F23: PPMw
E24: ASTM D5762 | F24: PPMw | G24: 5601 | H24: 7378 | I24: 7863.48 | J24: 3786 | K24: 3837 | L24: 3540 | M24: 3816 | N24: 3079.62 | O24: 5151 | P24: 5473 | Q24: 5357.83 | R24: 5756.65 | S24: 5612.97 | T24: 5704.94 | U24: 6137 | V24: 6649 | W24: 6476.22 | X24: 6435.59 | Y24: 6506 | Z24: 6415
B25: 0.4519 | F25: %wt | G25: =G24/10000 -> 0.5601 | H25: =H24/10000 -> 0.7378 | I25: =I24/10000 -> 0.786348 | J25: =J24/10000 -> 0.3786 | K25: =K24/10000 -> 0.3837 | L25: =L24/10000 -> 0.354 | M25: =M24/10000 -> 0.3816 | N25: =N24/10000 -> 0.307962 | ... Z25: =Z24/10000 -> 0.6415
D26: CHN | E26: ASTM D5291 | F26: %wt
D27: Carbon | G27: 84.31 | H27: 84.05 | I27: 84.66 | J27: 88.08 | K27: 87.96 | L27: 87.83 | M27: 87.56 | N27: 88.31 | O27: 88.14 | P27: 88.24 | Q27: 88.37 | R27: 88.46 | S27: 88.77 | T27: 88.86 | U27: 88.53 | V27: 88.67 | W27: 88.1 | X27: 88.52 | Y27: 88.35 | Z27: 88.33
D28: Hydrogen | G28: 9.782 | H28: 9.68 | I28: 9.79 | J28: 11.2 | K28: 10.56 | L28: 10.98 | M28: 11.44 | N28: 11.57 | O28: 11.26 | P28: 11.51 | Q28: 11.43 | R28: 11.44 | S28: 11.32 | T28: 11.41 | U28: 11.55 | V28: 11.65 | W28: 11.73 | X28: 11.77 | Y28: 11.55 | Z28: 11.86
D29: Nitrogen | G29: 0.567 | H29: 0.79 | I29: 2.509 | J29: 0.44 | K29: 0.4442 | L29: 0.44556 | M29: 0.44 | N29: 0.4857 | O29: 1.007 | P29: 0.525 | Q29: 1.045 | R29: 0.6473 | S29: 2.14 | T29: 2.195 | U29: 2.31 | V29: 3.16 | W29: 3.266 | X29: 5.147 | Y29: 4.89 | Z29: 9.03
D30: CHNS | G30: =(G$27+G$28+G$25+G$20) -> 100.6381 | H30: =(H$27+H$28+H$25+H$20) -> 100.1578 | I30: =(I$27+I$28+I$25+I$20) -> 100.48435 | J30: =(J$27+J$28+J$25+J$20) -> 101.9986 | K30: =(K$27+K$28+K$25+K$20) -> 101.1737 | L30: =(L$27+L$28+L$25+L$20) -> 101.498 | M30: =(M$27+M$28+M$25+M$20) -> 101.7476 | N30: =(N$27+N$28+N$25+N$20) -> 101.19796 | ... Z30: =(Z$27+Z$28+Z$25+Z$20) -> 102.1855
D31: CN | G31: =(100-G$33-G$34)/(1+(G$28/G$27)) -> 83.775429 | H31: =(100-H$33-H$34)/(1+(H$28/H$27)) -> 83.917578 | I31: =(100-I$33-I$34)/(1+(I$28/I$27)) -> 84.251927 | J31: =(100-J$33-J$34)/(1+(J$28/J$27)) -> 86.354126 | K31: =(100-K$33-K$34)/(1+(K$28/K$27)) -> 86.93959 | L31: =(100-L$33-L$34)/(1+(L$28/L$27)) -> 86.533725 | M31: =(100-M$33-M$34)/(1+(M$28/M$27)) -> 86.056084 | N31: =(100-N$33-N$34)/(1+(N$28/N$27)) -> 87.264603 | ... Z31: =(100-Z$33-Z$34)/(1+(Z$28/Z$27)) -> 86.440836
D32: HN | F32: %wt | G32: =G$31*(G$28/G$27) -> 9.7199768 | H32: =H$31*(H$28/H$27) -> 9.664749 | I32: =I$31*(I$28/I$27) -> 9.7428109 | J32: =J$31*(J$28/J$27) -> 10.980543 | K32: =K$31*(K$28/K$27) -> 10.437495 | L32: =L$31*(L$28/L$27) -> 10.817947 | M32: =M$31*(M$28/M$27) -> 11.243508 | N32: =N$31*(N$28/N$27) -> 11.433037 | ... Z32: =Z$31*(Z$28/Z$27) -> 11.606343
D33: NN | G33: =G$25*100/G$30 -> 0.55654866 | H33: =H$25*100/H$30 -> 0.73663759 | I33: =I$25*100/I$30 -> 0.7825577 | J33: =J$25*100/J$30 -> 0.37118157 | K33: =K$25*100/K$30 -> 0.37924876 | L33: =L$25*100/L$30 -> 0.34877535 | M33: =M$25*100/M$30 -> 0.3750457 | N33: =N$25*100/N$30 -> 0.30431641 | ... Z33: =Z$25*100/Z$30 -> 0.62777987
D34: SN | G34: =G$20*100/G$30 -> 5.9480455 | H34: =H$20*100/H$30 -> 5.6810353 | I34: =I$20*100/I$30 -> 5.2227039 | J34: =J$20*100/J$30 -> 2.2941491 | K34: =K$20*100/K$30 -> 2.2436661 | L34: =L$20*100/L$30 -> 2.2995527 | M34: =M$20*100/M$30 -> 2.325362 | N34: =N$20*100/N$30 -> 0.99804381 | ... Z34: =Z$20*100/Z$30 -> 1.3250412
D35: HN/CN | G35: =G$32/G$31 -> 0.1160242 | H35: =H$32/H$31 -> 0.11516954 | I35: =I$32/I$31 -> 0.11563903 | J35: =J$32/J$31 -> 0.12715713 | K35: =K$32/K$31 -> 0.12005457 | L35: =L$32/L$31 -> 0.12501423 | M35: =M$32/M$31 -> 0.13065327 | N35: =N$32/N$31 -> 0.13101574 | ... Z35: =Z$32/Z$31 -> 0.13426922
D36: C | G36: =G27*100/G30 -> 83.775429
D37: H | G37: =G28*100/G30 -> 9.7199768
D38: N | G38: =G29*100/G30 -> 0.56340491
D39: S | G39: =G20*100/G30 -> 5.9480455
D40: H/C | G40: =G37/G36 -> 0.1160242
D41: ICP | E41: ASTM D7691 UOP 389 | F41: PPMw
D42: Nickle (Ni) | G42: 57.54 | H42: 113.36 | I42: 171.3 | J42: 23.22 | K42: 21.56 | L42: 20.83 | M42: 20.44 | N42: 15.95 | O42: 19.94 | P42: 22.84 | Q42: 21.74 | R42: 25.13 | S42: 24.63 | T42: 24.52 | U42: 30.84 | V42: 41.32 | W42: 34.82 | X42: 47.78 | Y42: 42.98 | Z42: 48.83
D43: Vanadium (V) | G43: 194.27 | H43: 285.96 | I43: 481.4 | J43: 37.8 | K43: 35.77 | L43: 36 | M43: 35.1 | N43: 12.19 | O43: 16.88 | P43: 21.84 | Q43: 19.58 | R43: 24.52 | S43: 25.21 | T43: 22.28 | U43: 31.92 | V43: 50.16 | W43: 36.43 | X43: 63.12 | Y43: 55.81 | Z43: 73.86
D44: Sodium (Na) | G44: 25.11 | H44: 50.58 | I44: 45.9 | J44: 19.44 | K44: 16.4 | L44: 20.23 | M44: 22.15 | N44: 22.65 | O44: 5.87 | P44: 12.06 | Q44: 11.15 | R44: 15.22 | S44: 16.1 | T44: 21.25 | U44: 16.92 | V44: 17.38 | W44: 22.14 | X44: 14.15 | Y44: 35.68 | Z44: 25.16
D45: Calcium (Ca) | G45: 1.38 | H45: 24.93 | I45: 122.4 | J45: 3.88 | K45: 5.26 | L45: 3.28 | M45: 5.72 | N45: 7.08 | O45: 19.68 | P45: 1.15 | Q45: 1.12 | R45: 3.89 | S45: 2.41 | T45: 2.43 | U45: 5.5 | V45: 10.75 | W45: 5.71 | X45: 16.51 | Y45: 18.75 | Z45: 24.09
D46: Iron (Fe) | G46: 16.48 | H46: 82.57 | I46: 68.9 | J46: 13.76 | K46: 12.41 | L46: 10.57 | M46: 7.49 | N46: 26.69 | O46: 7.39 | P46: 3 | Q46: 2.46 | R46: 5.58 | S46: 2.93 | T46: 3.26 | U46: 7.29 | V46: 21.38 | W46: 3.41 | X46: 30.31 | Y46: 10.45 | Z46: 28.42
D47: Ni | G47: - | J47: =100-(J42*100/$G$42) -> 59.645464 | K47: =100-(K42*100/$G$42) -> 62.530414 | L47: =100-(L42*100/$G$42) -> 63.799096 | M47: =100-(M42*100/$G$42) -> 64.476886 | N47: =100-(N42*100/$H$42) -> 85.929781 | O47: =100-(O42*100/$H$42) -> 82.410021 | P47: =100-(P42*100/$H$42) -> 79.8518 | Q47: =100-(Q42*100/$H$42) -> 80.822159 | R47: =100-(R42*100/$H$42) -> 77.831687 | S47: =100-(S42*100/$H$42) -> 78.272759 | T47: =100-(T42*100/$I$42) -> 85.685931 | U47: =100-(U42*100/$I$42) -> 81.996497 | V47: =100-(V42*100/$I$42) -> 75.878576 | W47: =100-(W42*100/$I$42) -> 79.673088 | X47: =100-(X42*100/$I$42) -> 72.107414 | Y47: =100-(Y42*100/$I$42) -> 74.909515 | Z47: =100-(Z42*100/$I$42) -> 71.494454
D48: V | E48: HDM Conversion | F48: % | G48: - | J48: =100-(J43*100/$G$43) -> 80.542544 | K48: =100-(K43*100/$G$43) -> 81.587481 | L48: =100-(L43*100/$G$43) -> 81.469089 | M48: =100-(M43*100/$G$43) -> 81.932362 | N48: =100-(N43*100/$H$43) -> 95.737166 | O48: =100-(O43*100/$H$43) -> 94.097077 | P48: =100-(P43*100/$H$43) -> 92.362568 | Q48: =100-(Q43*100/$H$43) -> 93.152889 | R48: =100-(R43*100/$H$43) -> 91.425374 | S48: =100-(S43*100/$H$43) -> 91.184082 | T48: =100-(T43*100/$I$43) -> 95.371832 | U48: =100-(U44*100/$I$43) -> 96.485251 | V48: =100-(V43*100/$I$43) -> 89.580391 | W48: =100-(W43*100/$I$43) -> 92.432489 | X48: =100-(X43*100/$I$43) -> 86.888243 | Y48: =100-(Y43*100/$I$43) -> 88.40673 | Z48: =100-(Z43*100/$I$43) -> 84.65725
D49: Ni+V | G49: - | J49: =100-((J42+J43)*100/($G$42+$G$43)) -> 75.767444 | K49: =100-((K42+K43)*100/($G$42+$G$43)) -> 77.232834 | L49: =100-((L42+L43)*100/($G$42+$G$43)) -> 77.431397 | M49: =100-((M42+M43)*100/($G$42+$G$43)) -> 77.943688 | N49: =100-((N42+N43)*100/($H$42+$H$43)) -> 92.95302 | O49: =100-((O42+O43)*100/($H$42+$H$43)) -> 90.779325 | P49: =100-((P42+P43)*100/($H$42+$H$43)) -> 88.810979 | Q49: =100-((Q42+Q43)*100/($H$42+$H$43)) -> 89.652409 | R49: =100-((R42+R43)*100/($H$42+$H$43)) -> 87.566363 | S49: =100-((S42+S43)*100/($H$42+$H$43)) -> 87.518782 | T49: =100-((T42+T43)*100/($I$42+$I$43)) -> 92.829784 | U49: =100-((U42+U44)*100/($I$42+$I$43)) -> 92.682703 | V49: =100-((V42+V43)*100/($I$42+$I$43)) -> 85.984373 | W49: =100-((W42+W43)*100/($I$42+$I$43)) -> 89.083806 | X49: =100-((X42+X43)*100/($I$42+$I$43)) -> 83.009039 | Y49: =100-((Y42+Y43)*100/($I$42+$I$43)) -> 84.864409 | Z49: =100-((Z42+Z43)*100/($I$42+$I$43)) -> 81.202696
D50: Simdist | E50: ASTM D2887 ASTM D7169 | F50: deg.C
D51: IBP | G51: 281.3 | H51: 462.3 | I51: ='HPS LTO DAILY '!I10 -> 436.7 | J51: ='HPS LTO DAILY '!J10 -> 142.1 | K51: ='HPS LTO DAILY '!K10 -> 140.2 | L51: ='HPS LTO DAILY '!L10 -> 152.5 | M51: ='HPS LTO DAILY '!M10 -> 133.6 | N51: ='HPS LTO DAILY '!N10 -> 95.5 | O51: ='HPS LTO DAILY '!O10 -> 110.4 | P51: 106 | Q51: ='HPS LTO DAILY '!Q10 -> 96.3 | R51: ='HPS LTO DAILY '!R10 -> 123.5 | S51: ='HPS LTO DAILY '!S10 -> 111.7 | T51: ='HPS LTO DAILY '!T10 -> 68.7 | U51: ='HPS LTO DAILY '!U10 -> 107.7 | V51: ='HPS LTO DAILY '!V10 -> 121.9 | W51: ='HPS LTO DAILY '!W10 -> 77 | X51: ='HPS LTO DAILY '!X10 -> 114.7 | ... Z51: ='HPS LTO DAILY '!Z10 -> 116.6
D52: 5 | G52: 473.3 | H52: 565.7 | I52: ='HPS LTO DAILY '!I15 -> 553.1 | J52: ='HPS LTO DAILY '!J15 -> 291.2 | K52: ='HPS LTO DAILY '!K15 -> 305.6 | L52: ='HPS LTO DAILY '!L15 -> 299.2 | M52: ='HPS LTO DAILY '!M15 -> 300.9 | N52: ='HPS LTO DAILY '!N15 -> 203.2 | O52: ='HPS LTO DAILY '!O15 -> 211.2 | P52: 211.5 | Q52: ='HPS LTO DAILY '!Q15 -> 211.3 | R52: ='HPS LTO DAILY '!R15 -> 209.7 | S52: ='HPS LTO DAILY '!S15 -> 210.8 | T52: ='HPS LTO DAILY '!T15 -> 193.1 | U52: ='HPS LTO DAILY '!U15 -> 206 | V52: ='HPS LTO DAILY '!V15 -> 212.1 | W52: ='HPS LTO DAILY '!W15 -> 195.3 | X52: ='HPS LTO DAILY '!X15 -> 200.3 | ... Z52: ='HPS LTO DAILY '!Z15 -> 213.1
D53: 10 | G53: 550.8 | H53: 583.4 | I53: ='HPS LTO DAILY '!I20 -> 574.7 | J53: ='HPS LTO DAILY '!J20 -> 363.5 | K53: ='HPS LTO DAILY '!K20 -> 374.1 | L53: ='HPS LTO DAILY '!L20 -> 366.7 | M53: ='HPS LTO DAILY '!M20 -> 367.8 | N53: ='HPS LTO DAILY '!N20 -> 253.3 | O53: ='HPS LTO DAILY '!O20 -> 264 | P53: 262.6 | Q53: ='HPS LTO DAILY '!Q20 -> 261.9 | R53: ='HPS LTO DAILY '!R20 -> 258.4 | S53: ='HPS LTO DAILY '!S20 -> 267.8 | T53: ='HPS LTO DAILY '!T20 -> 245 | U53: ='HPS LTO DAILY '!U20 -> 258.1 | V53: ='HPS LTO DAILY '!V20 -> 257 | W53: ='HPS LTO DAILY '!W20 -> 242.2 | X53: ='HPS LTO DAILY '!X20 -> 244.6 | ... Z53: ='HPS LTO DAILY '!Z20 -> 266
D54: 15 | G54: 575.1 | H54: 583.4 | I54: ='HPS LTO DAILY '!I25 -> 591.6 | J54: ='HPS LTO DAILY '!J25 -> 413.2 | K54: ='HPS LTO DAILY '!K25 -> 424.4 | L54: ='HPS LTO DAILY '!L25 -> 415.7 | M54: ='HPS LTO DAILY '!M25 -> 417 | N54: ='HPS LTO DAILY '!N25 -> 294.1 | O54: ='HPS LTO DAILY '!O25 -> 306.9 | P54: 305 | Q54: ='HPS LTO DAILY '!Q25 -> 304.2 | R54: ='HPS LTO DAILY '!R25 -> 301.9 | S54: ='HPS LTO DAILY '!S25 -> 314.5 | T54: ='HPS LTO DAILY '!T25 -> 287.4 | U54: ='HPS LTO DAILY '!U25 -> 300.7 | V54: ='HPS LTO DAILY '!V25 -> 298.7 | W54: ='HPS LTO DAILY '!W25 -> 283.1 | X54: ='HPS LTO DAILY '!X25 -> 284.1 | ... Z54: ='HPS LTO DAILY '!Z25 -> 308.4
D55: 20 | G55: 591.1 | H55: 598.5 | I55: ='HPS LTO DAILY '!I30 -> 607.9 | J55: ='HPS LTO DAILY '!J30 -> 454.4 | K55: ='HPS LTO DAILY '!K30 -> 465.4 | L55: ='HPS LTO DAILY '!L30 -> 455.9 | M55: ='HPS LTO DAILY '!M30 -> 457.4 | N55: ='HPS LTO DAILY '!N30 -> 328.2 | O55: ='HPS LTO DAILY '!O30 -> 342.6 | P55: 341 | Q55: ='HPS LTO DAILY '!Q30 -> 340.1 | R55: ='HPS LTO DAILY '!R30 -> 338.2 | S55: ='HPS LTO DAILY '!S30 -> 353.6 | T55: ='HPS LTO DAILY '!T30 -> 323.2 | U55: ='HPS LTO DAILY '!U30 -> 336.6 | V55: ='HPS LTO DAILY '!V30 -> 332.5 | W55: ='HPS LTO DAILY '!W30 -> 317.9 | X55: ='HPS LTO DAILY '!X30 -> 318.2 | ... Z55: ='HPS LTO DAILY '!Z30 -> 344.7
D56: 30 | G56: 617.8 | H56: 613.1 | I56: ='HPS LTO DAILY '!I40 -> 642.6 | J56: ='HPS LTO DAILY '!J40 -> 519.1 | K56: ='HPS LTO DAILY '!K40 -> 529.6 | L56: ='HPS LTO DAILY '!L40 -> 520.6 | M56: ='HPS LTO DAILY '!M40 -> 522.4 | N56: ='HPS LTO DAILY '!N40 -> 388.2 | O56: ='HPS LTO DAILY '!O40 -> 407.5 | P56: 402.8 | Q56: ='HPS LTO DAILY '!Q40 -> 401.6 | R56: ='HPS LTO DAILY '!R40 -> 401.5 | S56: ='HPS LTO DAILY '!S40 -> 424.1 | T56: ='HPS LTO DAILY '!T40 -> 388.5 | U56: ='HPS LTO DAILY '!U40 -> 402.9 | V56: ='HPS LTO DAILY '!V40 -> 395.2 | W56: ='HPS LTO DAILY '!W40 -> 380.8 | X56: ='HPS LTO DAILY '!X40 -> 379.1 | ... Z56: ='HPS LTO DAILY '!Z40 -> 412.9
D57: 40 | G57: 643.9 | H57: 644.2 | I57: ='HPS LTO DAILY '!I50 -> 688.5 | J57: ='HPS LTO DAILY '!J50 -> 560.4 | K57: ='HPS LTO DAILY '!K50 -> 571.4 | L57: ='HPS LTO DAILY '!L50 -> 563.5 | M57: ='HPS LTO DAILY '!M50 -> 564.9 | N57: ='HPS LTO DAILY '!N50 -> 443.3 | O57: ='HPS LTO DAILY '!O50 -> 466.1 | P57: 457.1 | Q57: ='HPS LTO DAILY '!Q50 -> 459.8 | R57: ='HPS LTO DAILY '!R50 -> 461.7 | S57: ='HPS LTO DAILY '!S50 -> 488 | T57: ='HPS LTO DAILY '!T50 -> 448.2 | U57: ='HPS LTO DAILY '!U50 -> 465 | V57: ='HPS LTO DAILY '!V50 -> 450.9 | W57: ='HPS LTO DAILY '!W50 -> 437.8 | X57: ='HPS LTO DAILY '!X50 -> 435.4 | ... Z57: ='HPS LTO DAILY '!Z50 -> 478.4
D58: 50 | G58: 673 | H58: 683.9 | I58: ='HPS LTO DAILY '!I60 -> - | J58: ='HPS LTO DAILY '!J60 -> 591.6 | K58: ='HPS LTO DAILY '!K60 -> 601.5 | L58: ='HPS LTO DAILY '!L60 -> 592.8 | M58: ='HPS LTO DAILY '!M60 -> 594.3 | N58: ='HPS LTO DAILY '!N60 -> 498.4 | O58: ='HPS LTO DAILY '!O60 -> 520.8 | P58: 507.9 | Q58: ='HPS LTO DAILY '!Q60 -> 513.1 | R58: ='HPS LTO DAILY '!R60 -> 516.3 | S58: ='HPS LTO DAILY '!S60 -> 543 | T58: ='HPS LTO DAILY '!T60 -> 506 | U58: ='HPS LTO DAILY '!U60 -> 523.6 | V58: ='HPS LTO DAILY '!V60 -> 507.4 | W58: ='HPS LTO DAILY '!W60 -> 494.9 | X58: ='HPS LTO DAILY '!X60 -> 490.6 | ... Z58: ='HPS LTO DAILY '!Z60 -> 537
D59: 60 | G59: 705.3 | H59: - | I59: ='HPS LTO DAILY '!I70 -> - | J59: ='HPS LTO DAILY '!J70 -> 625 | K59: ='HPS LTO DAILY '!K70 -> 631.9 | L59: ='HPS LTO DAILY '!L70 -> 620.1 | M59: ='HPS LTO DAILY '!M70 -> 622.7 | N59: ='HPS LTO DAILY '!N70 -> 548.1 | O59: ='HPS LTO DAILY '!O70 -> 565.8 | P59: 551.7 | Q59: ='HPS LTO DAILY '!Q70 -> 558.1 | R59: ='HPS LTO DAILY '!R70 -> 561.3 | S59: ='HPS LTO DAILY '!S70 -> 585.3 | T59: ='HPS LTO DAILY '!T70 -> 556.1 | U59: ='HPS LTO DAILY '!U70 -> 571.5 | V59: ='HPS LTO DAILY '!V70 -> 556 | W59: ='HPS LTO DAILY '!W70 -> 544.5 | X59: ='HPS LTO DAILY '!X70 -> 540.4 | ... Z59: ='HPS LTO DAILY '!Z70 -> 584.4
D60: 70 | G60: - | H60: - | I60: ='HPS LTO DAILY '!I80 -> - | J60: ='HPS LTO DAILY '!J80 -> 664.4 | K60: ='HPS LTO DAILY '!K80 -> 669.1 | L60: ='HPS LTO DAILY '!L80 -> 649.2 | M60: ='HPS LTO DAILY '!M80 -> 653.7 | N60: ='HPS LTO DAILY '!N80 -> 591.6 | O60: ='HPS LTO DAILY '!O80 -> 605.1 | P60: 586.9 | Q60: ='HPS LTO DAILY '!Q80 -> 594.4 | R60: ='HPS LTO DAILY '!R80 -> 598 | S60: ='HPS LTO DAILY '!S80 -> 629.6 | T60: ='HPS LTO DAILY '!T80 -> 596.3 | U60: ='HPS LTO DAILY '!U80 -> 618.1 | V60: ='HPS LTO DAILY '!V80 -> 596.8 | W60: ='HPS LTO DAILY '!W80 -> 587.1 | X60: ='HPS LTO DAILY '!X80 -> 582.8 | ... Z60: ='HPS LTO DAILY '!Z80 -> 638.7
D61: 80 | G61: - | H61: - | I61: ='HPS LTO DAILY '!I90 -> - | J61: ='HPS LTO DAILY '!J90 -> - | K61: ='HPS LTO DAILY '!K90 -> 733.8 | L61: ='HPS LTO DAILY '!L90 -> 685 | M61: ='HPS LTO DAILY '!M90 -> 694.8 | N61: ='HPS LTO DAILY '!N90 -> 644.6 | O61: ='HPS LTO DAILY '!O90 -> 658 | P61: 626.1 | Q61: ='HPS LTO DAILY '!Q90 -> 637 | R61: ='HPS LTO DAILY '!R90 -> 643.3 | S61: ='HPS LTO DAILY '!S90 -> 700.8 | T61: ='HPS LTO DAILY '!T90 -> 646.7 | U61: ='HPS LTO DAILY '!U90 -> 695.6 | V61: ='HPS LTO DAILY '!V90 -> 648.3 | W61: ='HPS LTO DAILY '!W90 -> 636.1 | X61: ='HPS LTO DAILY '!X90 -> 630.2 | ... Z61: ='HPS LTO DAILY '!Z90 -> -
D62: 90 | G62: - | H62: - | I62: ='HPS LTO DAILY '!I100 -> - | J62: ='HPS LTO DAILY '!J100 -> - | K62: ='HPS LTO DAILY '!K100 -> - | L62: ='HPS LTO DAILY '!L100 -> 722.6 | M62: ='HPS LTO DAILY '!M100 -> - | N62: ='HPS LTO DAILY '!N100 -> - | O62: ='HPS LTO DAILY '!O100 -> 0 | P62: 693.3 | Q62: ='HPS LTO DAILY '!Q100 -> 713.8 | R62: ='HPS LTO DAILY '!R100 -> - | S62: ='HPS LTO DAILY '!S100 -> 0 | T62: ='HPS LTO DAILY '!T100 -> - | U62: ='HPS LTO DAILY '!U100 -> - | V62: ='HPS LTO DAILY '!V100 -> - | W62: ='HPS LTO DAILY '!W100 -> - | X62: ='HPS LTO DAILY '!X100 -> 720 | ... Z62: ='HPS LTO DAILY '!Z100 -> -
D63: 95 | G63: - | H63: - | I63: ='HPS LTO DAILY '!I105 -> - | J63: ='HPS LTO DAILY '!J105 -> - | K63: ='HPS LTO DAILY '!K105 -> - | L63: ='HPS LTO DAILY '!L105 -> - | M63: ='HPS LTO DAILY '!M105 -> - | N63: ='HPS LTO DAILY '!N105 -> - | O63: ='HPS LTO DAILY '!O105 -> 0 | P63: - | Q63: ='HPS LTO DAILY '!Q105 -> - | R63: ='HPS LTO DAILY '!R105 -> - | S63: ='HPS LTO DAILY '!S105 -> 0 | T63: ='HPS LTO DAILY '!T105 -> - | U63: ='HPS LTO DAILY '!U105 -> - | V63: ='HPS LTO DAILY '!V105 -> - | W63: ='HPS LTO DAILY '!W105 -> - | X63: ='HPS LTO DAILY '!X105 -> 0 | ... Z63: ='HPS LTO DAILY '!Z105 -> -
D64: FBP | E64: Conversion | G64: <560 = 11.379% | H64: 560- = 3.808 | I64: 560- = 6.305% | J64: ='HPS LTO DAILY '!J110 -> - | K64: ='HPS LTO DAILY '!K110 -> - | L64: ='HPS LTO DAILY '!L110 -> - | M64: ='HPS LTO DAILY '!M110 -> - | N64: ='HPS LTO DAILY '!N110 -> - | O64: ='HPS LTO DAILY '!O110 -> 0 | P64: - | Q64: ='HPS LTO DAILY '!Q110 -> - | R64: ='HPS LTO DAILY '!R110 -> - | S64: ='HPS LTO DAILY '!S110 -> 0 | T64: ='HPS LTO DAILY '!T110 -> - | U64: ='HPS LTO DAILY '!U110 -> - | V64: ='HPS LTO DAILY '!V110 -> - | W64: ='HPS LTO DAILY '!W110 -> - | X64: ='HPS LTO DAILY '!X110 -> 0 | ... Z64: ='HPS LTO DAILY '!Z110 -> -
D65: CUT POINTS
D66: IBP-90 | E66: ASTM D2887 ASTM D7169 | F66: %wt | G66: 0 | H66: 0 | I66: 0 | J66: 0.143 | K66: 0.266 | L66: 0.151 | M66: 0.264 | N66: 0.584 | O66: 0.73 | P66: 0.28 | Q66: 0.454 | R66: 0.161 | S66: 0.158 | T66: 0.308 | U66: 0.774 | V66: 0.156 | W66: 0.647 | X66: 0.205 | Y66: 0.196 | Z66: 0.192
D67: 90-160 | G67: 0.007 | H67: 0 | I67: 0 | J67: 0.584 | K67: 0.402 | L67: 0.457 | M67: 0.494 | N67: 1.697 | O67: 1.605 | P67: 1.588 | Q67: 1.393 | R67: 1.505 | S67: 1.484 | T67: 1.876 | U67: 1.749 | V67: 1.442 | W67: 1.941 | X67: 1.897 | Y67: 1.348 | Z67: 1.499
D68: 160-250 | G68: 0.264 | H68: 0.03 | I68: 0 | J68: 2.33 | K68: 1.913 | L68: 2.169 | M68: 2.015 | N68: 7.016 | O68: 6.629 | P68: 7.044 | Q68: 6.84 | R68: 7.343 | S68: 6.839 | T68: 7.7 | U68: 7.011 | V68: 7.429 | W68: 8.292 | X68: 8.581 | Y68: 6.418 | Z68: 6.638
D69: 250-360 | G69: 1.041 | H69: 0.165 | I69: 0.219 | J69: 6.661 | K69: 6.17 | L69: 6.61 | M69: 6.505 | N69: 16.115 | O69: 14.157 | P69: 14.746 | Q69: 14.393 | R69: 14.273 | S69: 13.709 | T69: 15.262 | U69: 14.618 | V69: 15.251 | W69: 15.74 | X69: 16.095 | Y69: 14.513 | Z69: 14.006
D70: 360-500 | G70: 4.743 | H70: 0.472 | I70: 0.805 | J70: 16.82 | K70: 16.152 | L70: 17.013 | M70: 16.838 | N70: 26.524 | O70: 23.328 | P70: 24.245 | Q70: 24.226 | R70: 23.512 | S70: 22.968 | T70: 23 | U70: 22.116 | V70: 24.204 | W70: 24.354 | X70: 24.951 | Y70: 22.513 | Z70: 21.085
D71: 500-560 | G71: 5.324 | H71: 3.141 | I71: 5.281 | J71: 13.346 | K71: 11.814 | L71: 12.591 | M71: 12.482 | N71: 12.973 | O71: 12.542 | P71: 13.506 | Q71: 13.203 | R71: 12.878 | S71: 12.825 | T71: 12.104 | U71: 11.558 | V71: 12.454 | W71: 12.411 | X71: 12.65 | Y71: 11.971 | Z71: 11.155
D72: 560+ | G72: =100-SUM(G66:G71) -> 88.621 | H72: =100-SUM(H66:H71) -> 96.192 | I72: =100-SUM(I66:I71) -> 93.695 | J72: =100-SUM(J66:J71) -> 60.116 | K72: =100-SUM(K66:K71) -> 63.283 | L72: =100-SUM(L66:L71) -> 61.009 | M72: =100-SUM(M66:M71) -> 61.402 | N72: =100-SUM(N66:N71) -> 35.091 | ... Z72: =100-SUM(Z66:Z71) -> 45.425
D73: TOTAL | G73: =SUM(G66:G72) -> 100 | H73: =SUM(H66:H72) -> 100 | I73: =SUM(I66:I72) -> 100 | J73: =SUM(J66:J72) -> 100 | K73: =SUM(K66:K72) -> 100 | L73: =SUM(L66:L72) -> 100 | M73: =SUM(M66:M72) -> 100 | N73: =SUM(N66:N72) -> 100 | ... Z73: =SUM(Z66:Z72) -> 100
D74: SARA | E74: IP469 | F74: %
D75: Saturates | G75: 2.8 | H75: 2 | I75: 1.4 | J75: 13.8 | K75: 11.4 | L75: 12.4 | N75: 16.7 | O75: 13.2 | P75: 14 | Q75: 17.9 | R75: 13.4 | S75: 13 | T75: 15.8 | U75: 18.3 | V75: 16.9 | W75: 19.4 | X75: 18.8 | Y75: 18.6 | Z75: 19.5
D76: Aromatics | G76: 34.3 | H76: 27.7 | I76: 25.8 | J76: 68 | K76: 51 | L76: 53.4 | N76: 66.5 | O76: 60.7 | P76: 56.6 | Q76: 56.1 | R76: 51.5 | S76: 54.1 | T76: 59.1 | U76: 52 | V76: 52.7 | W76: 53.1 | X76: 58.9 | Y76: 51.6 | Z76: 52.9
D77: Resins | G77: 15.5 | H77: 15.6 | I77: 12.5 | J77: 4.9 | K77: 6.5 | L77: 5 | N77: 6.4 | O77: 9.6 | P77: 10.7 | Q77: 8.3 | R77: 11.5 | S77: 13.9 | T77: 10.3 | U77: 13.6 | V77: 10.1 | W77: 8.7 | X77: 6.9 | Y77: 8.9 | Z77: 7.7
D78: Asphaltenes | G78: 47.4 | H78: 54.6 | I78: 60.3 | J78: 13.3 | K78: 31.1 | L78: 29.2 | N78: 10.5 | O78: 16.6 | P78: 18.7 | Q78: 17.7 | R78: 23.6 | S78: 19 | T78: 14.8 | U78: 16.1 | V78: 20.3 | W78: 18.8 | X78: 15.4 | Y78: 20.9 | Z78: 19.9
D79: CII | G79: =(G78+G75)/(G76+G77) -> 1.0080321 | H79: =(H78+H75)/(H76+H77) -> 1.3071594 | I79: =(I78+I75)/(I76+I77) -> 1.6109661 | J79: =(J78+J75)/(J76+J77) -> 0.37174211 | K79: =(K78+K75)/(K76+K77) -> 0.73913043 | L79: =(L78+L75)/(L76+L77) -> 0.71232877 | M79: =(M78+M75)/(M76+M77) -> #DIV/0! | N79: =(N78+N75)/(N76+N77) -> 0.37311385 | ... Z79: =(Z78+Z75)/(Z76+Z77) -> 0.65016502
D80: Flocculation | E80: ASTM D6703 ASTM D7112 | F80: -
D81: Pa | G81: 0.5904 | H81: 0.5503 | I81: 0.6101 | N81: 0.2467 | O81: 0.216 | P81: 0.3166 | Q81: 0.2442 | R81: 0.2232 | S81: 0.2415 | T81: 0.2292 | U81: 0.1784
D82: Po | G82: 1.5 | H82: 1.5483 | I82: 1.4153 | N82: 0.9375 | O82: 0.9942 | P82: 0.8019 | Q82: 0.9124 | R82: 0.9836 | S82: 0.9592 | T82: 0.8468 | U82: 0.9303
D83: P | G83: 3.6624 | H83: 3.44 | I83: 3.63 | N83: 1.24 | O83: 1.27 | P83: 1.17 | Q83: 1.21 | R83: 1.27 | S83: 1.26 | T83: 1.1 | U83: 1.13
D84: FRmax | G84: 0.4096 | H84: 0.4497 | I84: 0.3899 | N84: 0.7533 | O84: 0.784 | P84: 0.6834 | Q84: 0.7558 | R84: 0.7768 | S84: 0.7585 | T84: 0.7708 | U84: 0.8216
D85: SBN | G85: 149.57 | H85: 163 | I85: 301 | N85: 92 | O85: 102 | P85: 78 | Q85: 91 | R85: 94 | S85: 94 | T85: 80 | U85: 93
D86: IN | G86: 105.1005 | H86: 45 | I86: 46 | N86: 75 | O86: 78 | P86: 68 | Q86: 76 | R86: 78 | S86: 76 | T86: 77 | U86: 82
D87: C5 Insoluble | E87: ASTM D4055 | F87: %wt | G87: 22.94 | H87: 33.22 | I87: 40.28 | J87: 10.67 | K87: 9.93 | L87: 11.1 | M87: 10.16 | N87: 6 | O87: 10.52 | P87: 11.38 | Q87: 11.39 | R87: 11.63 | S87: 13.45 | T87: 12.06 | U87: 11.79 | V87: 12.25 | W87: 12.2 | X87: 12.7 | Y87: 13.59 | Z87: 12.32
D88: C7 Insoluble | E88: ASTM D3279 | F88: %wt | G88: 12.22 | H88: 20.9 | I88: 22 | J88: 4.6 | K88: 4.3 | L88: 4.4 | M88: 4.5 | N88: 3 | O88: 5.7 | P88: 6.1 | Q88: 6.2 | R88: 6.1 | S88: 6.46 | T88: 6.7 | U88: 6 | V88: 6.7 | W88: 5.9 | X88: 6.5 | Y88: 6.9 | Z88: 7
D89: CCR | E89: ASTM D4530 | F89: %wt | G89: 25.66 | H89: 31.59 | I89: 32.07 | J89: 14.8 | K89: 14.57 | L89: 14.55 | M89: 14.7 | N89: 9.61 | O89: 13.7 | P89: 14.2 | Q89: 14 | R89: 13.96 | S89: 14.8 | T89: 13.97 | U89: 13.44 | V89: 14.2 | W89: 13.5 | X89: 14.07 | Y89: 14.5 | Z89: 14.2
D90: Total Sediment | E90: ASTM D4870 | F90: %wt | J90: 153.31 | K90: 250.3 | L90: 50 | M90: 224.78 | N90: 428.74 | O90: 1832.7 | P90: 2657.3 | Q90: 3072 | R90: 4183.8 | S90: 4329.1 | T90: 5116.2 | U90: 9382.8 | V90: 11823 | W90: 12960 | X90: 18485 | Y90: 16439 | Z90: 19799
D92: Properties | E92: Method | F92: Unit | G92: Low Gas | H92: Low Gas | I92: Low Gas | J92: Low Gas | K92: Low Gas | L92: Low Gas | M92: Low Gas | N92: Low Gas | O92: Low Gas | P92: Low Gas | Q92: Low Gas | R92: Low Gas | S92: Low Gas | T92: Low Gas | U92: Low Gas | V92: Low Gas | W92: Low Gas | X92: Low Gas | Y92: Low Gas
D93: Hydrogen | E93: ASTM D7833 | F93: %mol | G93: 0 | H93: 0 | I93: 0 | J93: 37.87 | K93: 5.4 | L93: 13.51 | M93: 5.58 | N93: 2 | O93: 2.11 | P93: 1.78 | Q93: 1.99 | R93: 2 | S93: 2.1 | T93: 1.9 | U93: 2.93 | V93: 3.02 | W93: 0.99 | X93: 1.2 | Y93: 1.2
D94: C1 | G94: 0 | H94: 0 | I94: 0 | J94: 5.78 | K94: 0.2 | L94: 0.21 | M94: 0.1 | N94: 0.15 | O94: 0.19 | P94: 0.12 | Q94: 0.14 | R94: 0.16 | S94: 0.17 | T94: 0.2 | U94: 0.33 | V94: 0.35 | W94: 0.15 | X94: 0.19 | Y94: 0.19
D95: C2 | G95: 0 | H95: 0 | I95: 0 | J95: 9.36 | K95: 0.25 | L95: 0.08 | M95: 0.06 | N95: 0.22 | O95: 0.27 | P95: 0.18 | Q95: 0.2 | R95: 0.22 | S95: 0.23 | T95: 0.36 | U95: 0.53 | V95: 0.53 | W95: 0.29 | X95: 0.34 | Y95: 0.34
D96: C3 | G96: 0 | H96: 0 | I96: 0 | J96: 13.81 | K96: 0.39 | L96: 0.19 | M96: 0.08 | N96: 0.3 | O96: 0.4 | P96: 0.29 | Q96: 0.3 | R96: 0.33 | S96: 0.32 | T96: 0.6 | U96: 0.8 | V96: 0.79 | W96: 0.46 | X96: 0.53 | Y96: 0.53
D97: C4(Total) | G97: 0 | H97: 0 | I97: 0 | J97: 12.58 | K97: 0.6 | L97: 0.7 | M97: 0.23 | N97: 0.45 | O97: 0.52 | P97: 0.41 | Q97: 0.42 | R97: 0.42 | S97: 0.4 | T97: 0.78 | U97: 0.93 | V97: 0.91 | W97: 0.57 | X97: 0.61 | Y97: 0.61
D98: C5 | G98: 0 | H98: 0 | I98: 0 | J98: 11.15 | K98: 2.58 | L98: 0.35 | M98: 0.23 | N98: 1.59 | O98: 1.48 | P98: 1.52 | Q98: 1.43 | R98: 1.31 | S98: 1.04 | T98: 1.72 | U98: 2.2 | V98: 2.01 | W98: 1.72 | X98: 1.44 | Y98: 1.44
D99: C6 Plus | G99: 0 | H99: 0 | I99: 0 | J99: 2.57 | K99: 1.01 | L99: 0.55 | M99: 0.34 | N99: 0.42 | O99: 0.36 | P99: 0.37 | Q99: 0.28 | R99: 0.25 | S99: 0.18 | T99: 0.24 | U99: 0.4 | V99: 0.3 | W99: 0.4 | X99: 0.26 | Y99: 0.26
D100: C4iso/C4 (Total) | J100: =2.63/12.58 -> 0.209062 | K100: =0.1/K97 -> 0.16666667 | L100: =0.21/L97 -> 0.3 | M100: =0.05/M97 -> 0.2173913 | N100: =0.07/N97 -> 0.15555556 | O100: 0.17 | P100: 0.17 | Q100: 0.17 | R100: 0.17 | S100: 0.18 | T100: 0.17 | U100: 0.19 | V100: 0.2 | W100: 0.19 | X100: 0.2 | Y100: 0.2
D101: CO | G101: 0 | H101: 0 | I101: 0 | J101: 0 | K101: 0 | L101: 0 | M101: 0 | N101: 0 | O101: 0 | P101: 0 | Q101: 0 | R101: 0 | S101: 0 | T101: 0 | U101: 0 | V101: 0 | W101: 0 | X101: 0 | Y101: 0
...

Sheet LCF ABQ3358 Products
A1: Thaioil Laboratory Worksheet
L2: Update by: | M2: SCSE
L3: Update Date: | M3: 45684
A5: Properties | B5: Method | C5: Unit | D5: LCF FEED | E5: NAPHTHA | F5: KERO PLUS | G5: KERO | H5: GO | I5: LR | J5: VGO | K5: VTB | M5: LABIX (150 - 250 oC)
A6: CP range request | E6: IBP-160 | F6: 160-FBP | G6: 160-250 | H6: 250-360 | I6: 360-FBP | J6: 360-560 | K6: 560+ | M6: UOP-411 (%wt.) | Q6: Boiling Point
A7: %Yield by SIMDIST | B7: ASTM D-7169 | C7: %wt. | M7: n-Heptane (C7) and lighter | N7: x | Q7: 98.4
A8: %Yield by Autodest | B8: ASTM D-2892 | C8: %wt. | M8: n-Octane (C8) | N8: x | Q8: 125.1
A9: Density | B9: ASTM D-4052 | C9: kg/l | J9: 0.9577 | M9: n-Nonane (C9) | N9: x | Q9: 150.8
B10: API Gravity | C10: API | J10: 16.1 | M10: n-Decane (C10) | N10: x | Q10: 174.1
A11: Relative Density@25/25 oC | B11: ASTM D-70 | M11: n-Undecane (C11) | N11: x | Q11: 195.9
A12: RVP | B12: ASTM D-323 | C12: psi | M12: n-Dodecane (C12) | N12: x | Q12: 216.3
A13: Viscosity @ -20 oC | B13: ASTM D-445 | C13: cSt. | M13: n-Tridecame (C13) | N13: x | Q13: 234.8
A14: Viscosity @ 40 oC | M14: n-Tetradecane (C14) | N14: x | Q14: 252
A15: Viscosity @ 50 oC | M15: n-Pentadecane(C15) | N15: x | Q15: 267
A16: Viscosity @ 100 oC | M16: n-Hexadecane+ (C16+) | N16: x | Q16: 287
A17: Viscosity @ 150 oC | M17: TNP | N17: x
A18: Sulfur | B18: ASTM D-4294 | C18: %wt | J18: 1.183 | K18: 2.323 | M18: TNN | N18: x
C19: ppmw | J19: =J18*10000 -> 11830 | K19: =K18*10000 -> 23230
B20: ASTM D-2622 | C20: ppmw
A21: Mercaptan | B21: ASTM D-3227 | C21: ppmw | M21: Naphtha Component (%wt)
A22: Freezing point | B22: ASTM D-2386 | C22: °C | M22: ASTM D6839 | N22: 15-180 | Q22: ~49.3
A23: Flash point | B23: IP-170 | C23: °C | M23: C5 Naphthenes | N23: x | Q23: ~27.8
B24: ASTM D-93 | C24: °C | M24: C5 i-Paraffins | N24: x | Q24: ~36.1
A25: Acidity | B25: ASTM D-3242 | C25: mgKOH/g | M25: C5 n-Paraffins | N25: x | Q25: ~80.1
B26: ASTM D-664 | M26: C6 Aromatics | N26: x | Q26: ~80.7
A27: Total Nitrogen | B27: ASTM D5762 | C27: ppmw | J27: 3192 | K27: 3613 | M27: C6 Naphthenes | N27: x | Q27: ~60.3
A28: Basic Nitrogen | B28: SMS-1468 | C28: ppmw | M28: C6 i-Paraffins | N28: x | Q28: ~68.7
A29: C | B29: ASTM D5291 | C29: %wt | J29: 88.72 | K29: 88.95 | M29: C6 n-Paraffins | N29: x | Q29: ~110.6
A30: H | C30: %wt | J30: 11.25 | K30: 10.02 | M30: C7 Aromatics | N30: x
A31: N | C31: %wt | J31: 22.96 | K31: 25.46 | L31: ค่า N ที่สูง ต้องรอเปลี่ยน Copper stick | M31: C7 Naphthenes | N31: x
A32: Pour point | B32: ASTM D-97 | C32: °C | M32: C7 i-Paraffins | N32: x
A33: Nickle | B33: UOP-389 | C33: ppmw | J33: 0.15 | K33: 29.65 | M33: C7 n-Paraffins | N33: x | Q33: ~101
A34: Vanadium | J34: 0.48 | K34: 10.28 | M34: C8 Aromatics | N34: x | Q34: ~90
A35: Sodium | J35: 28.04 | K35: 33.25 | M35: C8 Naphthenes | N35: x | Q35: ~98.4
A36: Calcium | J36: 2.16 | K36: 11.7 | M36: C8 i-Paraffins | N36: x
A37: Iron | J37: 22.62 | K37: 11.05 | M37: C8 n-Paraffins | N37: x | Q37: ~138 (average, depends on isomer)
A38: Si | M38: C9 Aromatics | N38: x | Q38: ~150.8
A39: Iso-Parrafin | B39: ASTM D-6839 (GC) | C39: %wt | M39: C9 i-Paraffins | N39: x | Q39: ~99.2
A40: N-Parrafin | M40: C9 n-Paraffins | N40: x | Q40: ~125.7
A41: Naphthene | M41: C10+ Aromatics | N41: x | Q41: ~176 (depends on isomer)
A42: Aromatic | M42: C10+ Naphthenes | N42: x | Q42: ~150.8
A43: Olefin | M43: C10+ i-Paraffins | N43: x | Q43: ~200+
A44: mono-aromatics | B44: ASTM D-6379 (HPLC) | C44: %wt | M44: C10+ n-Paraffins | N44: x
A45: di-aromatics | Q45: ~180–250+ (varies widely)
A46: tri-aromatic | Q46: ~180–250+ (varies widely)
A47: Total aromatics | Q47: ~174–370+ (depends on chain length)
A48: Organic Chloride | B48: ASTM D-7536 | C48: ppmw
A49: Inorganic Chloride
A50: Wax Content | B50: SMS-1769 | C50: %wt
A51: C5 Asphaltene | B51: ASTM D4055 | C51: %wt | J51: 0.059 | K51: 21.58
A52: C7 Asphaltene | B52: IP-143 | C52: %wt | J52: 0.048 | K52: 9.7
A53: CCR | B53: ASTM D-4530 | C53: %wt | J53: 0.93 | K53: 32.4
A54: Total Sedimentation | B54: ASTM D4870 | C54: ppmw
A55: Saturates | B55: IP469 | C55: % | J55: 0 | K55: 0
A56: Aromatics | C56: % | J56: 25.5 | K56: 68.8
A57: Resins | C57: % | J57: 73.9 | K57: 12.9
A58: Asphaltenes | C58: % | J58: 0.6 | K58: 18.3
A59: Cetane Index | B59: ASTM D-976 | C59: %wt
A60: Arsenic | B60: IFP-9312 | C60: ppb
A61: Mercury Concentration | B61: UOP 938-00 | C61: ppb
A62: Distillation 50% | B62: ASTM D-86 | C62: Deg.C
A63: Distillation recovery | B63: ASTM D-1160 | C63: Deg.C
A64: Bromine number | B64: ASTM D1159 | C64: g/100g
A65: In
A66: Sbn
A68: x | B68: Additional Request testing properties
A69: x | B69: Original testing properties
B70: No testing
D71: D7169 | E71: D2887 | F71: D7169 | G71: D2887 | H71: D2887 | I71: D7169 | J71: D7169 | K71: D7169
C72: SIMDIST | D72: LCF FEED | E72: IBP-160 | F72: 160-FBP | G72: 160-250 | H72: 250-360 | I72: 360-FBP | J72: 360-560 | K72: 560+
C73: 0
C74: 1
C75: 2 | X75: 5 | Y75: 900
C76: 3 | X76: 5 | Y76: 0
C77: 4
C78: 5 | X78: 95 | Y78: 900
C79: 6 | X79: 95 | Y79: 0
C80: 7
C81: 8
C82: 9
C83: 10
C84: 11
C85: 12
C86: 13
C87: 14
C88: 15
C89: 16
C90: 17
C91: 18
... C173: 100

Sheet LCF LS Products
A1: Thaioil Laboratory Worksheet
L2: Update by: | M2: SCSE
L3: Update Date: | M3: 45684
A5: Properties | B5: Method | C5: Unit | D5: LCF FEED | E5: NAPHTHA | F5: KERO PLUS | G5: KERO | H5: GO | I5: LR | J5: VGO | K5: VTB | M5: LABIX (150 - 250 oC)
A6: CP range request | E6: IBP-160 | F6: 160-FBP | G6: 160-250 | H6: 250-360 | I6: 360-FBP | J6: 360-560 | K6: 560+ | M6: UOP-411 (%wt.) | Q6: Boiling Point
A7: %Yield by SIMDIST | B7: ASTM D-7169 | C7: %wt. | E7: 2.4 | G7: 7.3 | H7: 14.7 | J7: 35.7 | K7: 40 | M7: n-Heptane (C7) and lighter | N7: x | Q7: 98.4
A8: %Yield by Autodest | B8: ASTM D-2892 | C8: %wt. | E8: 3 | G8: 7.2 | H8: 15.3 | J8: 32.3 | K8: 42.2 | M8: n-Octane (C8) | N8: x | Q8: 125.1
A9: Density | B9: ASTM D-4052 | C9: kg/l | E9: 0.7625 | G9: 0.8119 | H9: 0.8723 | J9: 0.9442 | M9: n-Nonane (C9) | N9: x | Q9: 150.8
B10: API Gravity | C10: API | E10: 53.9 | G10: 42.6 | H10: 30.6 | J10: 18.2 | M10: n-Decane (C10) | N10: x | Q10: 174.1
A11: Relative Density@25/25 oC | B11: ASTM D-70 | M11: n-Undecane (C11) | N11: x | Q11: 195.9
A12: RVP | B12: ASTM D-323 | C12: psi | M12: n-Dodecane (C12) | N12: x | Q12: 216.3
A13: Viscosity @ -20 oC | B13: ASTM D-445 | C13: cSt. | M13: n-Tridecame (C13) | N13: x | Q13: 234.8
A14: Viscosity @ 40 oC | M14: n-Tetradecane (C14) | N14: x | Q14: 252
A15: Viscosity @ 50 oC | M15: n-Pentadecane(C15) | N15: x | Q15: 267
A16: Viscosity @ 100 oC | M16: n-Hexadecane+ (C16+) | N16: x | Q16: 287
A17: Viscosity @ 150 oC | M17: TNP | N17: x
A18: Sulfur | B18: ASTM D-4294 | C18: %wt | J18: 0.967 | K18: 2.113 | M18: TNN | N18: x
C19: ppmw | E19: 253 | G19: 240 | H19: 2310 | J19: =J18*10000 -> 9670 | K19: =K18*10000 -> 21130
B20: ASTM D-2622 | C20: ppmw
A21: Mercaptan | B21: ASTM D-3227 | C21: ppmw | M21: Naphtha Component (%wt)
A22: Freezing point | B22: ASTM D-2386 | C22: °C | M22: ASTM D6839 | N22: 15-180 | Q22: ~49.3
A23: Flash point | B23: IP-170 | C23: °C | M23: C5 Naphthenes | N23: x | Q23: ~27.8
B24: ASTM D-93 | C24: °C | M24: C5 i-Paraffins | N24: x | Q24: ~36.1
A25: Acidity | B25: ASTM D-3242 | C25: mgKOH/g | M25: C5 n-Paraffins | N25: x | Q25: ~80.1
B26: ASTM D-664 | M26: C6 Aromatics | N26: x | Q26: ~80.7
A27: Total Nitrogen | B27: ASTM D5762 | C27: ppmw | E27: 74 | G27: 1027 | H27: 1472 | J27: 4325 | K27: 7675 | M27: C6 Naphthenes | N27: x | Q27: ~60.3
A28: Basic Nitrogen | B28: SMS-1468 | C28: ppmw | M28: C6 i-Paraffins | N28: x | Q28: ~68.7
A29: C | B29: ASTM D5291 | C29: %wt | J29: 88.59 | K29: 88.13 | M29: C6 n-Paraffins | N29: x | Q29: ~110.6
A30: H | C30: %wt | J30: 11.56 | K30: 9.83 | M30: C7 Aromatics | N30: x
A31: N | C31: %wt | J31: 7.9 | K31: 18.71 | L31: ค่า N ที่สูง ต้องรอเปลี่ยน Copper stick | M31: C7 Naphthenes | N31: x
A32: Pour point | B32: ASTM D-97 | C32: °C | M32: C7 i-Paraffins | N32: x | Y32: LCF VGO ABQ_3358 | Z32: LCF VTB ABQ_3358 | AA32: LCF VGO LS | AB32: LCF VTB LS | AC32: LCF VGO HS | AD32: LCF VTB HS
A33: Nickle | B33: UOP-389 | C33: ppmw | J33: 0.13 | K33: 50.7 | M33: C7 n-Paraffins | N33: x | Q33: ~101 | X33: Ni | Y33: 0.15 | Z33: 29.65 | AA33: 0.13 | AB33: 50.7 | AC33: 0.2 | AD33: 52.5
A34: Vanadium | J34: 0 | K34: 47.5 | M34: C8 Aromatics | N34: x | Q34: ~90 | X34: V | Y34: 0.48 | Z34: 10.28 | AA34: 0 | AB34: 47.5 | AC34: 0 | AD34: 48.6
A35: Sodium | J35: 37.15 | K35: 22.9 | M35: C8 Naphthenes | N35: x | Q35: ~98.4 | X35: Na | Y35: 28.04 | Z35: 33.25 | AA35: 37.15 | AB35: 22.9 | AC35: 42.2 | AD35: 24
A36: Calcium | J36: 15.25 | K36: 1.2 | X36: Ca | Y36: 2.16 | Z36: 11.7 | AA36: 15.25 | AB36: 1.2 | AC36: 13.8 | AD36: 3.5
A37: Iron | J37: 2.12 | K37: 6.6 | M37: C8 i-Paraffins | N37: x | X37: Fe | Y37: 22.62 | Z37: 11.05 | AA37: 2.12 | AB37: 6.6 | AC37: 10.9 | AD37: 6.5
A38: Si | M38: C8 n-Paraffins | N38: x | Q38: ~138 (average, depends on isomer)
A39: Iso-Parrafin | B39: ASTM D-6839 (GC) | C39: %wt | M39: C9 Aromatics | N39: x | Q39: ~150.8 | Y39: LCF VGO ABQ_3358 | Z39: LCF VTB ABQ_3358 | AA39: LCF VGO LS | AB39: LCF VTB LS | AC39: LCF VGO HS | AD39: LCF VTB HS
A40: N-Parrafin | M40: C9 i-Paraffins | N40: x | Q40: ~99.2 | X40: S | Y40: 25.5 | Z40: 0 | AA40: 32.4 | AB40: 0 | AC40: 34 | AD40: 4.6
A41: Naphthene | M41: C9 n-Paraffins | N41: x | Q41: ~125.7 | X41: A | Y41: 73.9 | Z41: 68.8 | AA41: 66.9 | AB41: 53.6 | AC41: 64.9 | AD41: 43.1
A42: Aromatic | M42: C10+ Aromatics | N42: x | Q42: ~176 (depends on isomer) | X42: R | Y42: 0.6 | Z42: 12.9 | AA42: 0.7 | AB42: 14.6 | AC42: 1.1 | AD42: 12.3
A43: Olefin | M43: C10+ Naphthenes | N43: x | Q43: ~150.8 | X43: As | Y43: 0 | Z43: 18.3 | AA43: 0 | AB43: 31.8 | AC43: 0 | AD43: 40.1
A44: mono-aromatics | B44: ASTM D-6379 (HPLC) | C44: %wt | M44: C10+ i-Paraffins | N44: x | Q44: ~200+ | X44: CII | Y44: =(Y40+Y43)/(Y41+Y42) -> 0.34228188 | Z44: =(Z40+Z43)/(Z41+Z42) -> 0.22399021 | AA44: =(AA40+AA43)/(AA41+AA42) -> 0.47928994 | AB44: =(AB40+AB43)/(AB41+AB42) -> 0.46627566 | AC44: =(AC40+AC43)/(AC41+AC42) -> 0.51515152 | AD44: =(AD40+AD43)/(AD41+AD42) -> 0.80685921
A45: di-aromatics | M45: C10+ n-Paraffins | N45: x
A46: tri-aromatic | Q46: ~180–250+ (varies widely) | X46: N | Y46: 3192 | Z46: 3613 | AA46: 4325 | AB46: 7675 | AC46: 5243 | AD46: 9436
A47: Total aromatics | Q47: ~180–250+ (varies widely)
A48: Organic Chloride | B48: ASTM D-7536 | C48: ppmw | Q48: ~174–370+ (depends on chain length) | X48: Highest Sedm | Z48: 2100 | AB48: 4329 | AD48: 18485
A49: Inorganic Chloride
A50: Wax Content | B50: SMS-1769 | C50: %wt
A51: C5 Asphaltene | B51: ASTM D4055 | C51: %wt | J51: 0.068 | K51: 45.8 | X51: As/Aro | Y51: VTB | Z51: =Z43/Z41 -> 0.26598837 | AB51: =AB43/AB41 -> 0.59328358 | AD51: =AD43/AD41 -> 0.93039443
A52: C7 Asphaltene | B52: IP-143 | C52: %wt | J52: 0.058 | K52: 17.5 | X52: As/Aro_ART | Y52: VTB | AB52: =19.4/17.6 -> 1.1022727 | AD52: =25/10.7 -> 2.3364486
A53: CCR | B53: ASTM D-4530 | C53: %wt | J53: 0.76 | K53: 36.2
A54: Total Sedimentation | B54: ASTM D4870 | C54: ppmw | D54: 4696.7 | F54: 2036.6 | I54: 1781.8 | X54: Nitrogen in HVGO_ART | AB54: 3942 | AD54: 4733
A55: Saturates | B55: IP469 | C55: % | D55: 12.6 | F55: 14.2 | I55: 13.8 | J55: 0 | K55: 0 | X55: Nitrogen in HVGO_TOP | AB55: 4325 | AD55: 5243
A56: Aromatics | C56: % | D56: 55.9 | F56: 65.4 | I56: 64.2 | J56: 32.4 | K56: 53.6 | X56: Nitrogen in VTB_ART | AB56: 6308 | AD56: 8611
A57: Resins | C57: % | D57: 11.5 | F57: 8.3 | I57: 10.1 | J57: 66.9 | K57: 14.6 | X57: Nitrogen in VTB_TOP | AB57: =AB46 -> 7675 | AD57: =AD46 -> 9436
A58: Asphaltenes | C58: % | D58: 20 | F58: 12.1 | I58: 11.9 | J58: 0.7 | K58: 31.8 | X58: Asphaltene_VTB_ART_HPLC | AB58: 19.4 | AD58: 25
A59: Cetane Index | B59: ASTM D-976 | C59: %wt | X59: Asphaltene_VTB_TOP_IP469 | AB59: 31.8 | AD59: 40.1
A60: Arsenic | B60: IFP-9312 | C60: ppb | X60: Aromatic HVGO_ART | AB60: 37.2 | AD60: 43.1
A61: Mercury Concentration | B61: UOP 938-00 | C61: ppb
A62: Distillation 50% | B62: ASTM D-86 | C62: Deg.C
A63: Distillation recovery | B63: ASTM D-1160 | C63: Deg.C
A64: Bromine number | B64: ASTM D1159 | C64: g/100g
A65: In
A66: Sbn
A68: x | B68: Additional Request testing properties
A69: x | B69: Original testing properties
B70: No testing
D71: D7169 | E71: D2887 | F71: D7169 | G71: D2887 | H71: D2887 | I71: D7169 | J71: D7169 | K71: D7169
C72: SIMDIST | D72: LCF FEED | E72: IBP-160 | F72: 160-FBP | G72: 160-250 | H72: 250-360 | I72: 360-FBP | J72: 360-560 | K72: 560+
C73: 0 | D73: 105.1 | E73: 25.2 | F73: 144.7 | G73: 98.4 | H73: 204.7 | I73: 332.8 | J73: 310.9 | K73: 506.7
C74: 1 | D74: 120.6 | E74: 35.4 | F74: 177.1 | G74: 112.6 | H74: 214.4 | I74: 341.9 | J74: 320.5 | K74: 521.1
C75: 2 | D75: 151.3 | E75: 56 | F75: 198.3 | G75: 116.3 | H75: 223.5 | I75: 354.6 | J75: 330.1 | K75: 532.3 | X75: 5 | Y75: 900
C76: 3 | D76: 171.8 | E76: 61.3 | F76: 213 | G76: 126.4 | H76: 229.4 | I76: 364.2 | J76: 336.9 | K76: 539.2 | X76: 5 | Y76: 0
C77: 4 | D77: 187.4 | E77: 68.2 | F77: 222.5 | G77: 134.1 | H77: 234.3 | I77: 372.4 | J77: 341.8 | K77: 544.6
C78: 5 | D78: 200.3 | E78: 68.8 | F78: 230 | G78: 140.4 | H78: 236.7 | I78: 379.3 | J78: 347 | K78: 549.2 | X78: 95 | Y78: 900
C79: 6 | D79: 212.6 | E79: 74 | F79: 237.7 | G79: 143.4 | H79: 240.5 | I79: 386.4 | J79: 351.3 | K79: 553.1 | X79: 95 | Y79: 0
C80: 7 | D80: 223 | E80: 82.2 | F80: 245.3 | G80: 145.8 | H80: 244.3 | I80: 392.3 | J80: 355.2 | K80: 556.6
C81: 8 | D81: 233 | E81: 83.4 | F81: 253.6 | G81: 150.1 | H81: 247.2 | I81: 397.1 | J81: 359 | K81: 559.7
C82: 9 | D82: 243.5 | E82: 87.4 | F82: 259.7 | G82: 151.9 | H82: 249.9 | I82: 401.7 | J82: 362.7 | K82: 562.7
C83: 10 | D83: 252.4 | E83: 88.2 | F83: 267 | G83: 152.4 | H83: 252.4 | I83: 406.1 | J83: 365.5 | K83: 565.4
C84: 11 | D84: 262.1 | E84: 90.2 | F84: 274 | G84: 154.5 | H84: 254.5 | I84: 410.4 | J84: 369.1 | K84: 567.8
C85: 12 | D85: 270.4 | E85: 91 | F85: 281.8 | G85: 158.1 | H85: 255.6 | I85: 415.3 | J85: 372.2 | K85: 570
C86: 13 | D86: 280.1 | E86: 92.7 | F86: 289.2 | G86: 160.3 | H86: 257.1 | I86: 420.8 | J86: 375.3 | K86: 572.2
C87: 14 | D87: 288.5 | E87: 97.9 | F87: 296.7 | G87: 161.9 | H87: 259.2 | I87: 426.2 | J87: 377.6 | K87: 574.3
C88: 15 | D88: 296.4 | E88: 98.5 | F88: 303.6 | G88: 163.2 | H88: 261.2 | I88: 431.3 | J88: 380.8 | K88: 576.4
C89: 16 | D89: 303.4 | E89: 98.8 | F89: 311.2 | G89: 164 | H89: 263.3 | I89: 435.1 | J89: 383.7 | K89: 578.5
C90: 17 | D90: 310.9 | E90: 99.1 | F90: 317.8 | G90: 166.3 | H90: 264.9 | I90: 438.8 | J90: 386.5 | K90: 580.6
C91: 18 | D91: 317.7 | E91: 99.4 | F91: 324.5 | G91: 166.9 | H91: 266.1 | I91: 442.5 | J91: 388.5 | K91: 582.6
... C136: 63 | D136: 570.9 | E136: 129.7 | F136: 566.5 | G136: 212.4 | H136: 314.7 | I136: 597.3 | J136: 481.4 | K136: 705.1
C137: 64 | D137: 574.4 | E137: 133.1 | F137: 569.9 | G137: 213.7 | H137: 315.8 | I137: 600.1 | J137: 483.8 | K137: -
C138: 65 | D138: 578.1 | E138: 133.7 | F138: 573.4 | G138: 214.8 | H138: 317.1 | I138: 603 | J138: 486 | K138: -
C139: 66 | D139: 581.8 | E139: 134.3 | F139: 577 | G139: 216.4 | H139: 318 | I139: 606 | J139: 488.4 | K139: -
C140: 67 | D140: 585.5 | E140: 134.9 | F140: 580.7 | G140: 217.4 | H140: 318.8 | I140: 609 | J140: 490.7 | K140: -
C141: 68 | D141: 589.3 | E141: 136.2 | F141: 584.3 | G141: 217.9 | H141: 319.5 | I141: 612 | J141: 493.1 | K141: -
C142: 69 | D142: 593.1 | E142: 138.4 | F142: 587.9 | G142: 218.3 | H142: 320.5 | I142: 615.1 | J142: 495.4 | K142: -
C143: 70 | D143: 596.8 | E143: 139 | F143: 591.6 | G143: 219.2 | H143: 321.7 | I143: 618.3 | J143: 497.4 | K143: -
C144: 71 | D144: 600.7 | E144: 140.7 | F144: 595.3 | G144: 220.4 | H144: 323 | I144: 621.7 | J144: 499.2 | K144: -
C145: 72 | D145: 604.8 | E145: 141.2 | F145: 599 | G145: 221.3 | H145: 324.2 | I145: 625 | J145: 500.9 | K145: -
C146: 73 | D146: 608.9 | E146: 141.6 | F146: 602.9 | G146: 222.8 | H146: 325.5 | I146: 628.5 | J146: 502.7 | K146: -
...

Sheet LCF HS Products
A1: Thaioil Laboratory Worksheet
L2: Update by: | M2: SCSE
L3: Update Date: | M3: 45684
A5: Properties | B5: Method | C5: Unit | D5: LCF FEED | E5: NAPHTHA | F5: KERO PLUS | G5: KERO | H5: GO | I5: LR | J5: VGO | K5: VTB | M5: LABIX (150 - 250 oC)
A6: CP range request | E6: IBP-160 | F6: 160-FBP | G6: 160-250 | H6: 250-360 | I6: 360-FBP | J6: 360-560 | K6: 560+ | M6: UOP-411 (%wt.) | Q6: Boiling Point
A7: %Yield by SIMDIST | B7: ASTM D-7169 | C7: %wt. | E7: 3.058 | G7: 10.155 | H7: 15.764 | J7: 32.634 | K7: 38.389 | M7: n-Heptane (C7) and lighter | N7: x | Q7: 98.4
A8: %Yield by Autodest | B8: ASTM D-2892 | C8: %wt. | M8: n-Octane (C8) | N8: x | Q8: 125.1
A9: Density | B9: ASTM D-4052 | C9: kg/l | E9: 0.7446 | G9: 0.8047 | H9: 0.8706 | J9: 0.9391 | M9: n-Nonane (C9) | N9: x | Q9: 150.8
B10: API Gravity | C10: API | E10: 58.3 | G10: 44.2 | H10: 30.9 | J10: 19 | M10: n-Decane (C10) | N10: x | Q10: 174.1
A11: Relative Density@25/25 oC | B11: ASTM D-70 | M11: n-Undecane (C11) | N11: x | Q11: 195.9
A12: RVP | B12: ASTM D-323 | C12: psi | M12: n-Dodecane (C12) | N12: x | Q12: 216.3
A13: Viscosity @ -20 oC | B13: ASTM D-445 | C13: cSt. | M13: n-Tridecame (C13) | N13: x | Q13: 234.8
A14: Viscosity @ 40 oC | M14: n-Tetradecane (C14) | N14: x | Q14: 252
A15: Viscosity @ 50 oC | M15: n-Pentadecane(C15) | N15: x | Q15: 267
A16: Viscosity @ 100 oC | M16: n-Hexadecane+ (C16+) | N16: x | Q16: 287
A17: Viscosity @ 150 oC | M17: TNP | N17: x
A18: Sulfur | B18: ASTM D-4294 | C18: %wt | J18: 0.91 | K18: 5.606 | M18: TNN | N18: x
C19: ppmw | E19: 247.835 | G19: 336.9 | H19: 2750 | J19: 9100 | K19: =K18*10000 -> 56060
B20: ASTM D-2622 | C20: ppmw
A21: Mercaptan | B21: ASTM D-3227 | C21: ppmw | M21: Naphtha Component (%wt)
A22: Freezing point | B22: ASTM D-2386 | C22: °C | M22: ASTM D6839 | N22: 15-180 | Q22: ~49.3
A23: Flash point | B23: IP-170 | C23: °C | M23: C5 Naphthenes | N23: x | Q23: ~27.8
B24: ASTM D-93 | C24: °C | M24: C5 i-Paraffins | N24: x | Q24: ~36.1
A25: Acidity | B25: ASTM D-3242 | C25: mgKOH/g | M25: C5 n-Paraffins | N25: x | Q25: ~80.1
B26: ASTM D-664 | M26: C6 Aromatics | N26: x | Q26: ~80.7
A27: Total Nitrogen | B27: ASTM D5762 | C27: ppmw | E27: 130.12 | G27: 964.55 | H27: 1926 | J27: 5243 | K27: 9436 | M27: C6 Naphthenes | N27: x | Q27: ~60.3
A28: Basic Nitrogen | B28: SMS-1468 | C28: ppmw | M28: C6 i-Paraffins | N28: x | Q28: ~68.7
A29: C | B29: ASTM D5291 | C29: %wt | J29: 86.8 | K29: 88.26 | M29: C6 n-Paraffins | N29: x | Q29: ~110.6
A30: H | C30: %wt | J30: 11.43 | K30: 9.82 | M30: C7 Aromatics | N30: x
A31: N | C31: %wt | J31: 13.6 | K31: 18.68 | L31: ค่า N ที่สูง ต้องรอเปลี่ยน Copper stick | M31: C7 Naphthenes | N31: x
A32: Pour point | B32: ASTM D-97 | C32: °C | M32: C7 i-Paraffins | N32: x
A33: Nickle | B33: UOP-389 | C33: ppmw | J33: 0.2 | K33: 52.5 | M33: C7 n-Paraffins | N33: x | Q33: ~101
A34: Vanadium | J34: 0 | K34: 48.6 | M34: C8 Aromatics | N34: x | Q34: ~90
A35: Sodium | J35: 42.2 | K35: 24 | M35: C8 Naphthenes | N35: x | Q35: ~98.4
A36: Calcium | J36: 13.8 | K36: 3.5 | M36: C8 i-Paraffins | N36: x
A37: Iron | J37: 10.9 | K37: 6.5 | M37: C8 n-Paraffins | N37: x | Q37: ~138 (average, depends on isomer)
A38: Si | M38: C9 Aromatics | N38: x | Q38: ~150.8
A39: Iso-Parrafin | B39: ASTM D-6839 (GC) | C39: %wt | M39: C9 i-Paraffins | N39: x | Q39: ~99.2
A40: N-Parrafin | M40: C9 n-Paraffins | N40: x | Q40: ~125.7
A41: Naphthene | M41: C10+ Aromatics | N41: x | Q41: ~176 (depends on isomer)
A42: Aromatic | M42: C10+ Naphthenes | N42: x | Q42: ~150.8
A43: Olefin | M43: C10+ i-Paraffins | N43: x | Q43: ~200+
A44: mono-aromatics | B44: ASTM D-6379 (HPLC) | C44: %wt | M44: C10+ n-Paraffins | N44: x
A45: di-aromatics | Q45: ~180–250+ (varies widely)
A46: tri-aromatic | Q46: ~180–250+ (varies widely)
A47: Total aromatics | Q47: ~174–370+ (depends on chain length)
A48: Organic Chloride | B48: ASTM D-7536 | C48: ppmw
A49: Inorganic Chloride
A50: Wax Content | B50: SMS-1769 | C50: %wt
A51: C5 Asphaltene | B51: ASTM D4055 | C51: %wt | J51: 0.068 | K51: 46.8
A52: C7 Asphaltene | B52: IP-143 | C52: %wt | J52: 0.048 | K52: 15.3
A53: CCR | B53: ASTM D-4530 | C53: %wt | J53: 0.43 | K53: 32.1
A54: Total Sedimentation | B54: ASTM D4870 | C54: ppmw | D54: 18363 | F54: 13676 | I54: 12380
A55: Saturates | B55: IP469 | C55: % | D55: 21.4 | F55: 15.8 | J55: 0 | K55: 4.6
A56: Aromatics | C56: % | D56: 55.7 | F56: 48.9 | J56: 34 | K56: 43.1
A57: Resins | C57: % | D57: 11.6 | F57: 14.3 | J57: 64.9 | K57: 12.3
A58: Asphaltenes | C58: % | D58: 11.3 | F58: 21.1 | J58: 1.1 | K58: 40.1
A59: Cetane Index | B59: ASTM D-976 | C59: %wt
A60: Arsenic | B60: IFP-9312 | C60: ppb
A61: Mercury Concentration | B61: UOP 938-00 | C61: ppb
A62: Distillation 50% | B62: ASTM D-86 | C62: Deg.C
A63: Distillation recovery | B63: ASTM D-1160 | C63: Deg.C
A64: Bromine number | B64: ASTM D1159 | C64: g/100g
A65: In
A66: Sbn
A68: x | B68: Additional Request testing properties
A69: x | B69: Original testing properties
B70: No testing
D71: D7169 | E71: D2887 | F71: D7169 | G71: D2887 | H71: D2887 | I71: D7169 | J71: D7169 | K71: D7169
C72: SIMDIST | D72: LCF FEED | E72: IBP-160 | F72: 160-FBP | G72: 160-250 | H72: 250-360 | I72: 360-FBP | J72: 360-560 | K72: 560+
C73: 0 | D73: 108.4 | E73: 24.6 | F73: 144.1 | G73: 97.5 | H73: 212.9 | I73: 331.6 | J73: 316.4 | K73: 451.5
C74: 1 | D74: 123.4 | E74: 35 | F74: 169.8 | G74: 101.8 | H74: 219.2 | I74: 340 | J74: 322.3 | K74: 503.7
C75: 2 | D75: 143.7 | E75: 52.7 | F75: 186.7 | G75: 112.9 | H75: 227.6 | I75: 351.9 | J75: 329.8 | K75: 527.4 | X75: 5 | Y75: 900
C76: 3 | D76: 159.2 | E76: 56.3 | F76: 201.1 | G76: 117.3 | H76: 232.2 | I76: 360.9 | J76: 335.6 | K76: 535.9 | X76: 5 | Y76: 0
C77: 4 | D77: 171 | E77: 57.3 | F77: 212.2 | G77: 122.2 | H77: 235.8 | I77: 368.5 | J77: 339.9 | K77: 542
C78: 5 | D78: 181.4 | E78: 61.8 | F78: 220.6 | G78: 126.4 | H78: 238.7 | I78: 375.7 | J78: 344.1 | K78: 546.9 | X78: 95 | Y78: 900
C79: 6 | D79: 191.4 | E79: 68.5 | F79: 227.1 | G79: 127.2 | H79: 242.4 | I79: 382.3 | J79: 348.2 | K79: 551 | X79: 95 | Y79: 0
C80: 7 | D80: 199.9 | E80: 69.1 | F80: 233.7 | G80: 133.3 | H80: 245.6 | I80: 388.3 | J80: 351.6 | K80: 554.7
C81: 8 | D81: 209.1 | E81: 69.4 | F81: 240.3 | G81: 135.8 | H81: 248.2 | I81: 393.8 | J81: 354.8 | K81: 557.9
C82: 9 | D82: 216.7 | E82: 69.6 | F82: 247.4 | G82: 139.9 | H82: 250.4 | I82: 398.1 | J82: 358.2 | K82: 560.8
C83: 10 | D83: 224.9 | E83: 74.3 | F83: 254.5 | G83: 141 | H83: 252.5 | I83: 402.7 | J83: 361.4 | K83: 563.6
C84: 11 | D84: 232.4 | E84: 75.1 | F84: 259.9 | G84: 143.3 | H84: 254.5 | I84: 406.7 | J84: 364 | K84: 566.1
C85: 12 | D85: 240.6 | E85: 83 | F85: 266.1 | G85: 145 | H85: 255.5 | I85: 411 | J85: 366.8 | K85: 568.4
C86: 13 | D86: 248.8 | E86: 83.8 | F86: 272.2 | G86: 146.5 | H86: 256.5 | I86: 415.8 | J86: 369.8 | K86: 570.5
C87: 14 | D87: 255.8 | E87: 86 | F87: 278.8 | G87: 150.6 | H87: 258 | I87: 421.3 | J87: 372.5 | K87: 572.6
C88: 15 | D88: 264.2 | E88: 88.2 | F88: 285.7 | G88: 151.7 | H88: 259.9 | I88: 426.4 | J88: 375.1 | K88: 574.6
C89: 16 | D89: 271.3 | E89: 88.7 | F89: 292 | G89: 152.1 | H89: 261.8 | I89: 431.5 | J89: 377 | K89: 576.7
C90: 17 | D90: 279.9 | E90: 89.8 | F90: 298.7 | G90: 152.5 | H90: 263.6 | I90: 435.2 | J90: 379.9 | K90: 578.7
C91: 18 | D91: 287.2 | E91: 91 | F91: 304.7 | G91: 155.8 | H91: 265 | I91: 438.9 | J91: 382.4 | K91: 580.6
... C143: 70 | D143: 599.3 | E143: 134.7 | F143: 581 | G143: 216 | H143: 319.3 | I143: 631.7 | J143: 481.7 | K143: 720
C144: 71 | D144: 604.6 | E144: 135.6 | F144: 585.2 | G144: 217 | H144: 320.2 | I144: 636.1 | J144: 484.1
C145: 72 | D145: 610.1 | E145: 138.3 | F145: 589.4 | G145: 217.5 | H145: 321.4 | I145: 640.9 | J145: 486.3
C146: 73 | D146: 615.9 | E146: 139.2 | F146: 593.7 | G146: 217.9 | H146: 322.9 | I146: 646.1 | J146: 488.7
C147: 74 | D147: 622.2 | E147: 141 | F147: 598 | G147: 218.9 | H147: 324.2 | I147: 651.4 | J147: 491.1
C148: 75 | D148: 628.7 | E148: 141.6 | F148: 602.5 | G148: 220 | H148: 325.5 | I148: 656.8 | J148: 493.4
C149: 76 | D149: 635.4 | E149: 143.4 | F149: 607.3 | G149: 220.8 | H149: 326.8 | I149: 663.6 | J149: 495.8
C150: 77 | D150: 642.9 | E150: 144.2 | F150: 612.2 | G150: 222.3 | H150: 328.2 | I150: 671.2 | J150: 497.7
C151: 78 | D151: 651.3 | E151: 145.4 | F151: 617.3 | G151: 223.8 | H151: 329.7 | I151: 679.5 | J151: 499.6
C152: 79 | D152: 660.3 | E152: 146.2 | F152: 622.7 | G152: 225.5 | H152: 331.3 | I152: 688.4 | J152: 501.4
C153: 80 | D153: 672.3 | E153: 147.4 | F153: 628.2 | G153: 226.8 | H153: 332.3 | I153: 697.5 | J153: 503.2
...

Sheet SCEP FULL TEST
A1: Thaioil Laboratory Worksheet
T2: Update by: | U2: SCSE
T3: Update Date: | U3: 45684
A5: Properties | B5: Method | C5: Unit | D5: Crude | E5: LPG | F5: TOP | G5: HN | H5: HN/KERO | I5: KERO | J5: KERO/GO | K5: GO | L5: GO | M5: LR | N5: L-Waxy | O5: H-Waxy | P5: SR | R5: KERO | T5: LABIX (150 - 250 oC)
A6: CP range request | F6: 15-85 | G6: 85-150 | H6: 150-180 | I6: 180-220 | J6: 220-250 | K6: 250-300 | L6: 300-360 | M6: 360-FBP | N6: 360-525 | O6: 525-575 | P6: 575+ | R6: 150-250 | T6: UOP-411 (%wt.) | X6: Boiling Point
A7: %Yield by SIMDIST | B7: ASTM D-7169 | C7: %wt. | E7: x | F7: x | G7: x | H7: x | I7: x | J7: x | K7: x | L7: x | N7: x | O7: x | P7: x | T7: n-Heptane (C7) and lighter | U7: x | X7: 98.4
A8: %Yield by Autodest | B8: ASTM D-2892 | C8: %wt. | E8: x | F8: x | G8: x | H8: x | I8: x | J8: x | K8: x | L8: x | N8: x | O8: x | P8: x | R8: x | T8: n-Octane (C8) | U8: x | X8: 125.1
A9: Density | B9: ASTM D-4052 | C9: kg/l | F9: x | G9: x | H9: x | I9: x | J9: x | K9: x | L9: x | M9: x | R9: x | T9: n-Nonane (C9) | U9: x | X9: 150.8
B10: ASTM D-1298 | C10: kg/l | T10: n-Decane (C10) | U10: x | X10: 174.1
A11: Relative Density@25/25 oC | B11: ASTM D-70 | P11: x | T11: n-Undecane (C11) | U11: x | X11: 195.9
A12: RVP | B12: ASTM D-323 | C12: psi | D12: x | T12: n-Dodecane (C12) | U12: x | X12: 216.3
A13: Viscosity @ -20 oC | B13: ASTM D-445 | C13: cSt. | I13: x | J13: x | T13: n-Tridecame (C13) | U13: x | X13: 234.8
A14: Viscosity @ 40 oC | D14: x | K14: x | L14: x | T14: n-Tetradecane (C14) | U14: x | X14: 252
A15: Viscosity @ 50 oC | T15: n-Pentadecane(C15) | U15: x | X15: 267
A16: Viscosity @ 100 oC | O16: x | P16: x | T16: n-Hexadecane+ (C16+) | U16: x | X16: 287
A17: Viscosity @ 130 oC | T17: TNP | U17: x
A18: Sulfur | B18: ASTM D-4294 | C18: %wt | D18: x | N18: x | O18: x | P18: x | T18: TNN | U18: x
B19: ASTM D-2622 | C19: %wt | H19: x | I19: x | J19: x | K19: x | L19: x | R19: x
C20: ppmw
A21: Mercaptan | B21: ASTM D-3227 | C21: ppmw | D21: x | F21: x | H21: x | I21: x | J21: x | K21: x | R21: x | T21: Naphtha Component (%wt)
A22: Freezing point | B22: ASTM D-2386 | C22: °C | H22: x | I22: x | J22: x | K22: x | T22: ASTM D6839 | U22: 15-180 | X22: ~49.3
A23: Flash point | B23: IP-170 | C23: °C | H23: x | I23: x | T23: C5 Naphthenes | U23: x | X23: ~27.8
B24: ASTM D-93 | C24: °C | J24: x | K24: x | L24: x | T24: C5 i-Paraffins | U24: x | X24: ~36.1
A25: Acidity | B25: ASTM D-3242 | C25: mgKOH/g | T25: C5 n-Paraffins | U25: x | X25: ~80.1
B26: ASTM D-664 | D26: x | M26: x | N26: x | O26: x | P26: x | T26: C6 Aromatics | U26: x | X26: ~80.7
A27: Total Nitrogen | B27: ASTM D-4629 | C27: ppmw | D27: x | F27: x | G27: x | H27: x | I27: x | J27: x | K27: x | L27: x | N27: x | O27: x | T27: C6 Naphthenes | U27: x | X27: ~60.3
A28: Basic Nitrogen | B28: SMS-1468 | C28: ppmw | D28: x | N28: x | O28: x | T28: C6 i-Paraffins | U28: x | X28: ~68.7
A29: Pour point | B29: ASTM D-97 | C29: °C | D29: x | T29: C6 n-Paraffins | U29: x | X29: ~110.6
A30: Nickle | B30: IP501 | C30: ppmw | K30: x | L30: x | P30: x | T30: C7 Aromatics | U30: x
A31: Vanadium | K31: x | L31: x | P31: x | T31: C7 Naphthenes | U31: x
A32: Sodium | P32: x | T32: C7 i-Paraffins | U32: x
A33: Nickle | B33: UOP-389 | C33: ppmw | O33: x | T33: C7 n-Paraffins | U33: x | X33: ~101
A34: Vanadium | O34: x | T34: C8 Aromatics | U34: x | X34: ~90
A35: Sodium | O35: x | T35: C8 Naphthenes | U35: x | X35: ~98.4
A36: Si | K36: x | L36: x | T36: C8 i-Paraffins | U36: x
A37: Iso-Parrafin | B37: ASTM D-6839 (GC) | C37: %wt | F37: x | T37: C8 n-Paraffins | U37: x | X37: ~138 (average, depends on isomer)
A38: N-Parrafin | F38: x | T38: C9 Aromatics | U38: x | X38: ~150.8
A39: Naphthene | F39: x | T39: C9 i-Paraffins | U39: x | X39: ~99.2
A40: Aromatic | F40: x | T40: C9 n-Paraffins | U40: x | X40: ~125.7
A41: Olefin | F41: x | T41: C10+ Aromatics | U41: x | X41: ~176 (depends on isomer)
A42: mono-aromatics | B42: ASTM D-6379 (HPLC) | C42: %wt | I42: x | J42: x | K42: x | L42: x | T42: C10+ Naphthenes | U42: x | X42: ~150.8
A43: di-aromatics | I43: x | J43: x | K43: x | L43: x | T43: C10+ i-Paraffins | U43: x | X43: ~200+
A44: tri-aromatic | K44: x | L44: x | T44: C10+ n-Paraffins | U44: x
A45: Total aromatics | I45: x | J45: x | K45: x | L45: x | X45: ~180–250+ (varies widely)
A46: Organic Chloride | B46: ASTM D-7536 | C46: ppmw | D46: x | F46: x | G46: x | H46: x | X46: ~180–250+ (varies widely)
A47: Inorganic Chloride | X47: ~174–370+ (depends on chain length)
A48: Wax Content | B48: SMS-1769 | C48: %wt | O48: x | P48: x
A49: C5 Asphaltene | B49: ASTM D4055 | C49: %wt | O49: x | P49: x
A50: C7 Asphaltene | B50: IP-143 | C50: %wt | D50: Case by case | N50: x | O50: x | P50: x
A51: CCR | B51: ASTM D-4530 | C51: %wt | D51: Case by case | N51: x | O51: x | P51: x
A52: Cetane Index | B52: ASTM D-976 | C52: %wt | K52: x | L52: x
A53: Arsenic | B53: IFP-9312 | C53: ppb | D53: x | J53: x | K53: x | L53: x | M53: x | N53: x | O53: x | P53: x
A54: Mercury Concentration | B54: UOP 938-00 | C54: ppb | D54: x | F54: x
A55: Distillation 50% | B55: ASTM D-86 | C55: Deg.C | F55: x | G55: x | H55: x | K55: x | L55: x
A56: Distillation recovery | B56: ASTM D-1160 | C56: Deg.C | M56: Using TLB FF
A57: Bromine number | B57: ASTM D1159 | C57: g/100g | K57: x | L57: x
A58: In | D58: x
A59: Sbn | D59: x
A61: x | B61: Additional Request testing properties
A62: x | B62: Original testing properties
B63: No testing

Sheet CII
P8: 4.5 | Q8: -5
P9: 4.5 | Q9: 100
P11: 10.5 | Q11: -5
P12: 10.5 | Q12: 100

Sheet HPS LTO DAILY 
D1: RHCU Pilot Plant Laboratory Worksheet
D2: Batch Name : | J2: Low&High Sedimentation
D3: Date : | J3: 17/07-01/8/2025
D4: Note : | J4: MEBU ACCEPTANCE TEST
AQ5: LS_D3 ART
J6: ABQ3358 | N6: Low Sedim | T6: High Sedim | AQ6: 01WT% | AR6: 1 | AS6: 170.44444
G7: FEED | H7: FEED | I7: FEED | J7: 1 | K7: 2 | L7: 3 | M7: 4 | N7: 5 | O7: 6 | P7: 7 | Q7: 8 | R7: 9 | S7: 10 | T7: 11 | U7: 12 | V7: 13 | W7: 14 | X7: 15 | Y7: 16_1 | Z7: 16_2 | AQ7: 02WT% | AR7: 2 | AS7: 197.11111
D8: HPS | G8: ABQ3358 | H8: LowSed | I8: HighSed | AQ8: 03WT% | AR8: 3 | AS8: 216.05556
D9: SIMDIST | E9: 500 | F9: 560 | G9: FEED | H9: LS Feed | I9: HS Feed | J9: 45856 | K9: 45857 | L9: 45858 | M9: 45859 | N9: 45860 | O9: 45861 | P9: 45862 | Q9: 45863 | R9: 45864 | S9: 45865 | T9: 45866 | U9: 45867 | V9: 45868 | W9: 45869 | X9: 45870 | Y9: 45871 | Z9: 45872 | AB9: Time-On-Stream (Day) | AC9: LTO API (Degree) | AD9: HPS API (Degree) | AE9: 4.5 | AF9: -5 | AQ9: 04WT% | AR9: 4 | AS9: 230.11111
D10: 0 | E10: 500 | F10: 560 | G10: 375.98 | H10: 462.3 | I10: 436.7 | J10: 142.1 | K10: 140.2 | L10: 152.5 | M10: 133.6 | N10: 95.5 | O10: 110.4 | P10: 111.6 | Q10: 96.3 | R10: 123.5 | S10: 111.7 | T10: 68.7 | U10: 107.7 | V10: 121.9 | W10: 77 | X10: 114.7 | Y10: 116.5 | Z10: 116.6 | AE10: 4.5 | AF10: 105 | AN10: 0 | AO10: 560 | AQ10: 05WT% | AR10: 5 | AS10: 243.72222
D11: 1 | E11: 500 | F11: 560 | G11: 402 | H11: 528.9 | I11: 499.2 | J11: 173.4 | K11: 187.3 | L11: 185.3 | M11: 179.1 | N11: 125.7 | O11: 133.4 | P11: 136.2 | Q11: 132.8 | R11: 142.9 | S11: 137.3 | T11: 92.1 | U11: 128.6 | V11: 144.2 | W11: 116.1 | X11: 133.9 | Y11: 141.6 | Z11: 141.3 | AB11: 1 | AC11: 41.2 | AD11: 12.4 | AE11: 10.5 | AN11: 120 | AO11: 560 | AQ11: 06WT% | AR11: 6 | AS11: 254.66667
D12: 2 | E12: 500 | F12: 560 | G12: 422 | H12: 546.9 | I12: 527.2 | J12: 215 | K12: 232 | L12: 226.6 | M12: 224.9 | N12: 155.6 | O12: 162.3 | P12: 162.8 | Q12: 163.4 | R12: 168.1 | S12: 163.2 | T12: 139.4 | U12: 158.9 | V12: 169.7 | W12: 147.8 | X12: 158.2 | Y12: 170.7 | Z12: 165.7 | AB12: 2 | AC12: 41.6 | AD12: 12.2 | AE12: 10.5 | AQ12: 07WT% | AR12: 7 | AS12: 265.83333
D13: 3 | E13: 500 | F13: 560 | G13: 462 | H13: 555.2 | I13: 538.6 | J13: 248.3 | K13: 261.4 | L13: 255 | M13: 255.3 | N13: 174.7 | O13: 180.8 | P13: 181.4 | Q13: 183.2 | R13: 183.5 | S13: 180.4 | T13: 162.4 | U13: 177 | V13: 185.8 | W13: 168.4 | X13: 174.9 | Y13: 190.5 | Z13: 184.1 | AB13: 3 | AC13: 42 | AD13: 11.5 | AQ13: 08WT% | AR13: 8 | AS13: 275.55556
D14: 4 | E14: 500 | F14: 560 | G14: 489 | H14: 561 | I14: 546.5 | J14: 270.7 | K14: 285.2 | L14: 279.1 | M14: 279.7 | N14: 190.5 | O14: 196.7 | P14: 196.4 | Q14: 198.4 | R14: 197.7 | S14: 196.6 | T14: 178.2 | U14: 193.2 | V14: 200.3 | W14: 182.3 | X14: 188.3 | Y14: 205.1 | Z14: 199.2 | AB14: 4 | AC14: 42.5 | AD14: 11.3 | AN14: 0 | AO14: 160 | AQ14: 09WT% | AR14: 9 | AS14: 285.94444
D15: 5 | E15: 500 | F15: 560 | G15: 510 | H15: 565.7 | I15: 553.1 | J15: 291.2 | K15: 305.6 | L15: 299.2 | M15: 300.9 | N15: 203.2 | O15: 211.2 | P15: 209.9 | Q15: 211.3 | R15: 209.7 | S15: 210.8 | T15: 193.1 | U15: 206 | V15: 212.1 | W15: 195.3 | X15: 200.3 | Y15: 217.3 | Z15: 213.1 | AB15: 5 | AC15: 43 | AD15: 16 | AN15: 120 | AO15: 160 | AQ15: 10WT% | AR15: 10 | AS15: 293.94444
D16: 6 | E16: 500 | F16: 560 | G16: 518 | H16: 569.7 | I16: 558.5 | J16: 308.6 | K16: 323.2 | L16: 317.3 | M16: 317.7 | N16: 216 | O16: 222.6 | P16: 220.8 | Q16: 222.5 | R16: 220.4 | S16: 222.9 | T16: 204.4 | U16: 217.6 | V16: 221.4 | W16: 206.1 | X16: 210 | Y16: 229.1 | Z16: 224.4 | AB16: 6 | AC16: 44.6 | AD16: 15.8 | AQ16: 11WT% | AR16: 11 | AS16: 301.94444
D17: 7 | E17: 500 | F17: 560 | G17: 525 | H17: 573.2 | I17: 563.2 | J17: 324.2 | K17: 338.6 | L17: 332.5 | M17: 332.7 | N17: 226 | O17: 234 | P17: 231.5 | Q17: 233.1 | R17: 230.6 | S17: 235.2 | T17: 215.7 | U17: 228.8 | V17: 231.3 | W17: 216.3 | X17: 219.1 | Y17: 239.5 | Z17: 235.2 | AB17: 7 | AC17: 44.8 | AD17: 15.8 | AN17: 0 | AO17: 360 | AQ17: 12WT% | AR17: 12 | AS17: 309.33333
D18: 8 | E18: 500 | F18: 560 | G18: 533 | H18: 576.7 | I18: 567.4 | J18: 338.5 | K18: 351.3 | L18: 345.5 | M18: 345.9 | N18: 235.1 | O18: 244.8 | P18: 241.8 | Q18: 242.9 | R18: 239.8 | S18: 246.7 | T18: 225.7 | U18: 238.3 | V18: 239.7 | W18: 224.8 | X18: 227.7 | Y18: 250.3 | Z18: 246.7 | AB18: 8 | AC18: 44.5 | AD18: 15.8 | AN18: 120 | AO18: 360 | AQ18: 13WT% | AR18: 13 | AS18: 316.44444
D19: 9 | E19: 500 | F19: 560 | G19: 538 | H19: 580.1 | I19: 571.1 | J19: 351.6 | K19: 362.4 | L19: 356.3 | M19: 357.3 | N19: 245.2 | O19: 253.6 | P19: 250.5 | Q19: 252.7 | R19: 249.9 | S19: 256.4 | T19: 234.8 | U19: 249.4 | V19: 249.7 | W19: 233.9 | X19: 236 | Y19: 259.7 | Z19: 255.5 | AB19: 9 | AC19: 45 | AD19: 15.7 | AQ19: 14WT% | AR19: 14 | AS19: 323.94444
D20: 10 | E20: 500 | F20: 560 | G20: 543.5 | H20: 583.4 | I20: 574.7 | J20: 363.5 | K20: 374.1 | L20: 366.7 | M20: 367.8 | N20: 253.3 | O20: 264 | P20: 260.3 | Q20: 261.9 | R20: 258.4 | S20: 267.8 | T20: 245 | U20: 258.1 | V20: 257 | W20: 242.2 | X20: 244.6 | Y20: 268.8 | Z20: 266 | AB20: 10 | AC20: 44.6 | AD20: 15.7 | AN20: 0 | AO20: 560 | AQ20: 15WT% | AR20: 15 | AS20: 330.77778
D21: 11 | E21: 500 | F21: 560 | G21: 548 | H21: 586.6 | I21: 578.2 | J21: 374.4 | K21: 387.1 | L21: 378.3 | M21: 379.7 | N21: 262.5 | O21: 273.1 | P21: 268.3 | Q21: 271.3 | R21: 267.8 | S21: 277.8 | T21: 253.3 | U21: 268 | V21: 266.5 | W21: 250.8 | X21: 252.3 | Y21: 278.4 | Z21: 275.2 | AB21: 11 | AC21: 45 | AD21: 15.6 | AN21: 120 | AO21: 560 | AQ21: 16WT% | AR21: 16 | AS21: 338.05556
D22: 12 | E22: 500 | F22: 560 | G22: 553 | H22: 589.6 | I22: 581.7 | J22: 384.5 | K22: 397.2 | L22: 390.2 | M22: 391.3 | N22: 270.2 | O22: 283 | P22: 278.1 | Q22: 280.6 | R22: 276.9 | S22: 287.1 | T22: 262.7 | U22: 276.9 | V22: 274 | W22: 258.3 | X22: 260.2 | Y22: 286.6 | Z22: 284.9 | AB22: 12 | AC22: 45 | AD22: 15 | AQ22: 17WT% | AR22: 17 | AS22: 344.66667
D23: 13 | E23: 500 | F23: 560 | G23: 556 | H23: 592.6 | I23: 585.1 | J23: 394.2 | K23: 406 | L23: 398.9 | M23: 400 | N23: 278.8 | O23: 291.5 | P23: 286.4 | Q23: 288.6 | R23: 286.1 | S23: 296.8 | T23: 270.5 | U23: 285.8 | V23: 283.3 | W23: 266.8 | X23: 268.2 | Y23: 295 | Z23: 293.3 | AB23: 13 | AC23: 45.2 | AD23: 15.6 | AQ23: 18WT% | AR23: 18 | AS23: 351.44444
D24: 14 | E24: 500 | F24: 560 | G24: 560 | H24: 595.6 | I24: 588.4 | J24: 404 | K24: 414.7 | L24: 407.3 | M24: 408.3 | N24: 286.4 | O24: 299.4 | P24: 294.6 | Q24: 296.9 | R24: 294.4 | S24: 305.2 | T24: 279.8 | U24: 293.9 | V24: 290.9 | W24: 274.4 | X24: 276.1 | Y24: 301.9 | Z24: 300.3 | AB24: 14 | AC24: 45.4 | AD24: 15.6 | AQ24: 19WT% | AR24: 19 | AS24: 357.22222
D25: 15 | E25: 500 | F25: 560 | G25: 563 | H25: 598.5 | I25: 591.6 | J25: 413.2 | K25: 424.4 | L25: 415.7 | M25: 417 | N25: 294.1 | O25: 306.9 | P25: 301.6 | Q25: 304.2 | R25: 301.9 | S25: 314.5 | T25: 287.4 | U25: 300.7 | V25: 298.7 | W25: 283.1 | X25: 284.1 | Y25: 310 | Z25: 308.4 | AB25: 15 | AC25: 45.5 | AD25: 15 | AQ25: 20WT% | AR25: 20 | AS25: 363.72222
D26: 16 | E26: 500 | F26: 560 | G26: 566 | H26: 601.4 | I26: 594.8 | J26: 421.9 | K26: 433.3 | L26: 424.9 | M26: 426.3 | N26: 301 | O26: 314.2 | P26: 309.5 | Q26: 312.2 | R26: 309.7 | S26: 322.2 | T26: 295.4 | U26: 308.5 | V26: 305.2 | W26: 290.5 | X26: 291.5 | Y26: 316.6 | Z26: 315.2 | AB26: 16 | AC26: 45.5 | AD26: 15.1 | AQ26: 21WT% | AR26: 21 | AS26: 369.5
D27: 17 | E27: 500 | F27: 560 | G27: 569 | H27: 604.4 | I27: 598 | J27: 430.1 | K27: 441.2 | L27: 433.3 | M27: 434.6 | N27: 308 | O27: 321.7 | P27: 316 | Q27: 319.1 | R27: 316.6 | S27: 330 | T27: 301.8 | U27: 314.9 | V27: 313 | W27: 297.9 | X27: 298.4 | Y27: 324.3 | Z27: 323.3 | AQ27: 22WT% | AR27: 22 | AS27: 375.66667
D28: 18 | E28: 500 | F28: 560 | G28: 572 | H28: 607.3 | I28: 601.2 | J28: 438.5 | K28: 448.8 | L28: 440.7 | M28: 442.1 | N28: 314.9 | O28: 328.5 | P28: 323.7 | Q28: 326.4 | R28: 324.2 | S28: 338.6 | T28: 309.6 | U28: 322.7 | V28: 319.2 | W28: 304.4 | X28: 304.9 | Y28: 330.8 | Z28: 330.2 | AQ28: 23WT% | AR28: 23 | AS28: 381.33333
D29: 19 | E29: 500 | F29: 560 | G29: 575 | H29: 610.2 | I29: 604.6 | J29: 446.5 | K29: 457.3 | L29: 448 | M29: 449.4 | N29: 321.3 | O29: 336.2 | P29: 330.2 | Q29: 333.1 | R29: 330.8 | S29: 346 | T29: 315.8 | U29: 329.1 | V29: 326.5 | W29: 311.8 | X29: 312 | Y29: 338.1 | Z29: 338 | AQ29: 24WT% | AR29: 24 | AS29: 387.44444
D30: 20 | E30: 500 | F30: 560 | G30: 578 | H30: 613.1 | I30: 607.9 | J30: 454.4 | K30: 465.4 | L30: 455.9 | M30: 457.4 | N30: 328.2 | O30: 342.6 | P30: 337.5 | Q30: 340.1 | R30: 338.2 | S30: 353.6 | T30: 323.2 | U30: 336.6 | V30: 332.5 | W30: 317.9 | X30: 318.2 | Y30: 344.6 | Z30: 344.7 | AQ30: 25WT% | AR30: 25 | AS30: 392.88889
D31: 21 | E31: 500 | F31: 560 | G31: 581 | H31: 616.1 | I31: 611.2 | J31: 462 | K31: 472.5 | L31: 463.6 | M31: 465.2 | N31: 334.2 | O31: 349.8 | P31: 343.9 | Q31: 346.8 | R31: 345 | S31: 360.1 | T31: 329.4 | U31: 343 | V31: 339.7 | W31: 325 | X31: 324.8 | Y31: 350.7 | Z31: 351 | AQ31: 26WT% | AR31: 26 | AS31: 398.72222
D32: 22 | E32: 500 | F32: 560 | G32: 584 | H32: 619.2 | I32: 614.5 | J32: 469.5 | K32: 479.5 | L32: 470.6 | M32: 472.3 | N32: 340.8 | O32: 355.6 | P32: 350.3 | Q32: 353.2 | R32: 351.8 | S32: 366.6 | T32: 336.6 | U32: 349.9 | V32: 345.6 | W32: 330.7 | X32: 330.7 | Y32: 356.8 | Z32: 357.6 | AQ32: 27WT% | AR32: 27 | AS32: 403.88889
D33: 23 | E33: 500 | F33: 560 | G33: 587 | H33: 622.3 | I33: 618 | J33: 476.7 | K33: 486.9 | L33: 477.3 | M33: 479 | N33: 346.4 | O33: 362.1 | P33: 355.9 | Q33: 359.5 | R33: 358.2 | S33: 374.8 | T33: 342.7 | U33: 355.6 | V33: 352.5 | W33: 337.9 | X33: 337.5 | Y33: 362.5 | Z33: 363.7 | AQ33: 28WT% | AR33: 28 | AS33: 409.44444
D34: 24 | E34: 500 | F34: 560 | G34: 590 | H34: 625.3 | I34: 621.5 | J34: 483.7 | K34: 494.3 | L34: 484.2 | M34: 486.1 | N34: 352.3 | O34: 368 | P34: 361.9 | Q34: 365.7 | R34: 364.6 | S34: 382.7 | T34: 349.4 | U34: 361.9 | V34: 358.2 | W34: 343.6 | X34: 343.1 | Y34: 369 | Z34: 371 | AQ34: 29WT% | AR34: 29 | AS34: 414.61111
D35: 25 | E35: 500 | F35: 560 | G35: 593 | H35: 628.4 | I35: 624.9 | J35: 490.4 | K35: 500.6 | L35: 491.3 | M35: 493.1 | N35: 357.5 | O35: 375.3 | P35: 367.7 | Q35: 372.3 | R35: 371.2 | S35: 390.7 | T35: 355 | U35: 367.8 | V35: 364.6 | W35: 350.5 | X35: 349.7 | Y35: 376.6 | Z35: 379 | AQ35: 30WT% | AR35: 30 | AS35: 420
D36: 26 | E36: 500 | F36: 560 | G36: 595 | H36: 631.4 | I36: 628.4 | J36: 496.8 | K36: 506.4 | L36: 497.8 | M36: 499.3 | N36: 363.2 | O36: 382.2 | P36: 374.1 | Q36: 378.5 | R36: 377.7 | S36: 397.6 | T36: 361.2 | U36: 374.9 | V36: 370.5 | W36: 355.8 | X36: 355 | Y36: 385 | Z36: 387.2 | AQ36: 31WT% | AR36: 31 | AS36: 424.94444
D37: 27 | E37: 500 | F37: 560 | G37: 598 | H37: 634.4 | I37: 631.8 | J37: 502.6 | K37: 512.4 | L37: 503.3 | M37: 505 | N37: 368.5 | O37: 389 | P37: 381.5 | Q37: 385.7 | R37: 385 | S37: 404.1 | T37: 366.8 | U37: 383.5 | V37: 377.3 | W37: 362.4 | X37: 361.3 | Y37: 392.1 | Z37: 394.6 | AQ37: 32WT% | AR37: 32 | AS37: 430.27778
D38: 28 | E38: 500 | F38: 560 | G38: 600 | H38: 637.5 | I38: 635.2 | J38: 508.1 | K38: 518.7 | L38: 508.7 | M38: 510.6 | N38: 375.1 | O38: 395.6 | P38: 388.1 | Q38: 391.8 | R38: 391.4 | S38: 410.6 | T38: 373.9 | U38: 391 | V38: 383.6 | W38: 367.8 | X38: 366.6 | Y38: 397.9 | Z38: 400.5 | AQ38: 33WT% | AR38: 33 | AS38: 435.33333
... D54: 44 | E54: 500 | F54: 560 | G54: 647 | H54: 702.9 | I54: 721.3 | J54: 573 | K54: 584.1 | L54: 575.8 | M54: 577.2 | N54: 465.4 | O54: 488.8 | P54: 479.2 | Q54: 481.6 | R54: 484.1 | S54: 511.1 | T54: 472.3 | U54: 489.4 | V54: 474.7 | W54: 460.6 | X54: 456.7 | Y54: 494.6 | Z54: 503.2 | AQ54: 49WT% | AR54: 49 | AS54: 513.11111
D55: 45 | E55: 500 | F55: 560 | G55: 650 | H55: 708.2 | I55: - | J55: 576.1 | K55: 587 | L55: 578.8 | M55: 580.2 | N55: 471 | O55: 494.6 | P55: 484.6 | Q55: 487.4 | R55: 490.1 | S55: 517 | T55: 478.1 | U55: 495.6 | V55: 480.1 | W55: 466.7 | X55: 463 | Y55: 500.1 | Z55: 508.8 | AQ55: 50WT% | AR55: 50 | AS55: 517.5
D56: 46 | E56: 500 | F56: 560 | G56: 654 | H56: 715.3 | I56: - | J56: 579.2 | K56: 590 | L56: 581.7 | M56: 583.1 | N56: 476.4 | O56: 499.9 | P56: 490.2 | Q56: 493.3 | R56: 496.1 | S56: 522.7 | T56: 483.9 | U56: 501.1 | V56: 486 | W56: 471.9 | X56: 468.7 | Y56: 505.3 | Z56: 514.9 | AQ56: 51WT% | AR56: 51 | AS56: 521.83333
D57: 47 | E57: 500 | F57: 560 | G57: 657 | H57: 724.1 | I57: - | J57: 582.4 | K57: 592.9 | L57: 584.6 | M57: 586 | N57: 481.9 | O57: 504.9 | P57: 495.6 | Q57: 498.5 | R57: 501 | S57: 528 | T57: 489.8 | U57: 506.5 | V57: 492 | W57: 477.4 | X57: 473.9 | Y57: 510.6 | Z57: 521 | AQ57: 52WT% | AR57: 52 | AS57: 526.16667
D58: 48 | E58: 500 | F58: 560 | G58: 661 | H58: - | I58: - | J58: 585.5 | K58: 595.7 | L58: 587.4 | M58: 588.8 | N58: 487.5 | O58: 510 | P58: 500.4 | Q58: 503.2 | R58: 505.8 | S58: 533.2 | T58: 495.7 | U58: 512.1 | V58: 497.6 | W58: 482.8 | X58: 478.9 | Y58: 516.3 | Z58: 526.5 | AQ58: 53WT% | AR58: 53 | AS58: 530.44444
D59: 49 | E59: 500 | F59: 560 | G59: 664 | H59: - | I59: - | J59: 588.5 | K59: 598.6 | L59: 590.1 | M59: 591.6 | N59: 493.2 | O59: 515.4 | P59: 505.2 | Q59: 507.8 | R59: 510.8 | S59: 538.1 | T59: 501 | U59: 517.9 | V59: 502.5 | W59: 488.9 | X59: 484.7 | Y59: 521.9 | Z59: 531.8 | AQ59: 54WT% | AR59: 54 | AS59: 534.61111
D60: 50 | E60: 500 | F60: 560 | G60: 667 | H60: - | I60: - | J60: 591.6 | K60: 601.5 | L60: 592.8 | M60: 594.3 | N60: 498.4 | O60: 520.8 | P60: 510 | Q60: 513.1 | R60: 516.3 | S60: 543 | T60: 506 | U60: 523.6 | V60: 507.4 | W60: 494.9 | X60: 490.6 | Y60: 527 | Z60: 537 | AQ60: 55WT% | AR60: 55 | AS60: 538.66667
D61: 51 | E61: 500 | F61: 560 | G61: 671 | H61: - | I61: - | J61: 594.7 | K61: 604.4 | L61: 595.5 | M61: 597 | N61: 503.4 | O61: 525.8 | P61: 515.1 | Q61: 518.3 | R61: 521.7 | S61: 547.8 | T61: 511.4 | U61: 528.8 | V61: 512.7 | W61: 500.1 | X61: 496.4 | Y61: 531.9 | Z61: 542.1 | AQ61: 56WT% | AR61: 56 | AS61: 542.72222
D62: 52 | E62: 500 | F62: 560 | G62: 675 | H62: - | I62: - | J62: 597.8 | K62: 607.4 | L62: 598.1 | M62: 599.8 | N62: 508.3 | O62: 530.6 | P62: 520.1 | Q62: 523.4 | R62: 526.4 | S62: 552.6 | T62: 517 | U62: 533.9 | V62: 518.2 | W62: 505 | X62: 501.2 | Y62: 536.7 | Z62: 547.1 | AQ62: 57WT% | AR62: 57 | AS62: 546.72222
D63: 53 | E63: 500 | F63: 560 | G63: 678 | H63: - | I63: - | J63: 601 | K63: 610.3 | L63: 600.8 | M63: 602.6 | N63: 513.7 | O63: 535.3 | P63: 524.8 | Q63: 527.9 | R63: 531.1 | S63: 557.2 | T63: 522.5 | U63: 538.8 | V63: 523.5 | W63: 510 | X63: 506 | Y63: 541.5 | Z63: 552.3 | AQ63: 58WT% | AR63: 58 | AS63: 550.88889
D64: 54 | E64: 500 | F64: 560 | G64: 682 | H64: - | I64: - | J64: 604.3 | K64: 613.3 | L64: 603.6 | M64: 605.4 | N64: 519.1 | O64: 539.9 | P64: 529.3 | Q64: 532.4 | R64: 535.7 | S64: 561.5 | T64: 527.5 | U64: 543.8 | V64: 528.3 | W64: 515.5 | X64: 511.1 | Y64: 546.1 | Z64: 557.3 | AQ64: 59WT% | AR64: 59 | AS64: 554.94444
D65: 55 | E65: 500 | F65: 560 | G65: 687 | H65: - | I65: - | J65: 607.6 | K65: 616.3 | L65: 606.3 | M65: 608.2 | N65: 524.2 | O65: 544.4 | P65: 533.7 | Q65: 536.9 | R65: 540.1 | S65: 565.8 | T65: 532.4 | U65: 548.7 | V65: 533 | W65: 521 | X65: 516.5 | Y65: 551 | Z65: 562 | AQ65: 60WT% | AR65: 60 | AS65: 558.83333
D66: 56 | E66: 500 | F66: 560 | G66: 691 | H66: - | I66: - | J66: 610.9 | K66: 619.4 | L66: 609 | M66: 611 | N66: 529.1 | O66: 549 | P66: 538 | Q66: 541.2 | R66: 544.4 | S66: 569.6 | T66: 537.3 | U66: 553.7 | V66: 537.6 | W66: 526 | X66: 521.9 | Y66: 555.8 | Z66: 566.6 | AQ66: 61WT% | AR66: 61 | AS66: 562.55556
D67: 57 | E67: 500 | F67: 560 | G67: 694 | H67: - | I67: - | J67: 614.3 | K67: 622.6 | L67: 611.7 | M67: 613.9 | N67: 533.9 | O67: 553.5 | P67: 542.2 | Q67: 545.4 | R67: 548.8 | S67: 573.4 | T67: 542 | U67: 558.4 | V67: 542.1 | W67: 530.7 | X67: 526.6 | Y67: 560.2 | Z67: 570.9 | AQ67: 62WT% | AR67: 62 | AS67: 566.27778
D68: 58 | E68: 500 | F68: 560 | G68: 698 | H68: - | I68: - | J68: 617.8 | K68: 625.7 | L68: 614.5 | M68: 616.8 | N68: 538.7 | O68: 557.8 | P68: 546.4 | Q68: 549.7 | R68: 553.2 | S68: 577.3 | T68: 546.7 | U68: 562.9 | V68: 546.7 | W68: 535.4 | X68: 531.3 | Y68: 564.5 | Z68: 575.3 | AQ68: 63WT% | AR68: 63 | AS68: 569.77778
D69: 59 | E69: 500 | F69: 560 | G69: 702 | H69: - | I69: - | J69: 621.4 | K69: 628.9 | L69: 617.3 | M69: 619.7 | N69: 543.3 | O69: 561.8 | P69: 550.5 | Q69: 554 | R69: 557.4 | S69: 581.3 | T69: 551.4 | U69: 567.3 | V69: 551.3 | W69: 540 | X69: 535.9 | Y69: 568.6 | Z69: 579.8 | AQ69: 64WT% | AR69: 64 | AS69: 573.22222
... D74: 64 | E74: 500 | F74: 560 | G74: 720 | H74: - | I74: - | J74: 639.3 | K74: 645.4 | L74: 631.4 | M74: 634.5 | N74: 566.1 | O74: 581 | P74: 569.3 | Q74: 572.6 | R74: 575.7 | S74: 601.5 | T74: 572.3 | U74: 588.9 | V74: 572.2 | W74: 562.6 | X74: 558.4 | Y74: 589.4 | Z74: 603.6 | AQ74: 69WT% | AR74: 69 | AS74: 590.66667
D75: 65 | E75: 500 | F75: 560 | G75: - | H75: - | I75: - | J75: 643.3 | K75: 648.9 | L75: 634.2 | M75: 637.6 | N75: 570.2 | O75: 584.9 | P75: 572.7 | Q75: 576.1 | R75: 579.4 | S75: 605.8 | T75: 576.1 | U75: 593.3 | V75: 576.2 | W75: 566.8 | X75: 562.6 | Y75: 593.8 | Z75: 608.9 | AQ75: 70WT% | AR75: 70 | AS75: 594.16667
D76: 66 | E76: 500 | F76: 560 | G76: - | H76: - | I76: - | J76: 647.4 | K76: 652.4 | L76: 637.1 | M76: 640.7 | N76: 574.2 | O76: 588.8 | P76: 576.2 | Q76: 579.7 | R76: 583.1 | S76: 610.3 | T76: 580.1 | U76: 597.9 | V76: 580.2 | W76: 570.7 | X76: 566.8 | Y76: 598.2 | Z76: 614.2 | AQ76: 71WT% | AR76: 71 | AS76: 597.77778
D77: 67 | E77: 500 | F77: 560 | G77: - | H77: - | I77: - | J77: 651.4 | K77: 655.8 | L77: 640 | M77: 644 | N77: 578.5 | O77: 592.8 | P77: 579.8 | Q77: 583.4 | R77: 586.8 | S77: 614.8 | T77: 584.1 | U77: 602.7 | V77: 584.4 | W77: 574.6 | X77: 570.6 | Y77: 602.8 | Z77: 620 | AQ77: 72WT% | AR77: 72 | AS77: 601.5
D78: 68 | E78: 500 | F78: 560 | G78: - | H78: - | I78: - | J78: 655.2 | K78: 659.7 | L78: 643.1 | M78: 647.4 | N78: 582.9 | O78: 596.7 | P78: 583.5 | Q78: 587 | R78: 590.5 | S78: 619.6 | T78: 588.2 | U78: 607.7 | V78: 588.5 | W78: 578.8 | X78: 574.5 | Y78: 607.7 | Z78: 626 | AQ78: 73WT% | AR78: 73 | AS78: 605.33333
D79: 69 | E79: 500 | F79: 560 | G79: - | H79: - | I79: - | J79: 659.4 | K79: 664.3 | L79: 646.2 | M79: 650.5 | N79: 587.2 | O79: 600.8 | P79: 587 | Q79: 590.6 | R79: 594.2 | S79: 624.6 | T79: 592.3 | U79: 612.7 | V79: 592.6 | W79: 583 | X79: 578.6 | Y79: 612.5 | Z79: 632.1 | AQ79: 74WT% | AR79: 74 | AS79: 609.22222
D80: 70 | E80: 500 | F80: 560 | G80: - | H80: - | I80: - | J80: 664.4 | K80: 669.1 | L80: 649.2 | M80: 653.7 | N80: 591.6 | O80: 605.1 | P80: 590.6 | Q80: 594.4 | R80: 598 | S80: 629.6 | T80: 596.3 | U80: 618.1 | V80: 596.8 | W80: 587.1 | X80: 582.8 | Y80: 617.7 | Z80: 638.7 | AQ80: 75WT% | AR80: 75 | AS80: 612.88889
D81: 71 | E81: 500 | F81: 560 | G81: - | H81: - | I81: - | J81: 669.7 | K81: 673.5 | L81: 652.2 | M81: 656.8 | N81: 596 | O81: 609.5 | P81: 594.3 | Q81: 598 | R81: 601.8 | S81: 634.8 | T81: 600.5 | U81: 623.7 | V81: 601.1 | W81: 591.4 | X81: 586.9 | Y81: 623.3 | Z81: 645.9 | AQ81: 76WT% | AR81: 76 | AS81: 616.77778
D82: 72 | E82: 500 | F82: 560 | G82: - | H82: - | I82: - | J82: 674.4 | K82: 678.6 | L82: 655.1 | M82: 660.6 | N82: 600.5 | O82: 614 | P82: 598 | Q82: 601.8 | R82: 605.9 | S82: 640.3 | T82: 604.9 | U82: 629.5 | V82: 605.6 | W82: 595.7 | X82: 591.2 | Y82: 628.8 | Z82: 653.4 | AQ82: 77WT% | AR82: 77 | AS82: 620.83333
D83: 73 | E83: 500 | F83: 560 | G83: - | H83: - | I83: - | J83: 680 | K83: 683.9 | L83: 658.1 | M83: 664.8 | N83: 605.3 | O83: 618.9 | P83: 601.8 | Q83: 605.8 | R83: 610 | S83: 646.3 | T83: 609.4 | U83: 635.4 | V83: 610.2 | W83: 600 | X83: 595.4 | Y83: 634.5 | Z83: 661.7 | AQ83: 78WT% | AR83: 78 | AS83: 625.16667
D84: 74 | E84: 500 | F84: 560 | G84: - | H84: - | I84: - | J84: 685.4 | K84: 689.1 | L84: 661.9 | M84: 669.2 | N84: 610.3 | O84: 623.9 | P84: 605.8 | Q84: 609.9 | R84: 614.2 | S84: 652.4 | T84: 614 | U84: 641.9 | V84: 615 | W84: 604.7 | X84: 599.8 | Y84: 640.7 | Z84: 671.8 | AQ84: 79WT% | AR84: 79 | AS84: 629.61111
D85: 75 | E85: 500 | F85: 560 | G85: - | H85: - | I85: - | J85: 691 | K85: 693.9 | L85: 665.7 | M85: 673.1 | N85: 615.3 | O85: 628.9 | P85: 609.9 | Q85: 614 | R85: 618.6 | S85: 658.5 | T85: 618.9 | U85: 648.9 | V85: 620 | W85: 609.5 | X85: 604.4 | Y85: 647.5 | Z85: 683.2 | AQ85: 80WT% | AR85: 80 | AS85: 633.88889
D86: 76 | E86: 500 | F86: 560 | G86: - | H86: - | I86: - | J86: 696 | K86: 699.8 | L86: 669.7 | M86: 677.4 | N86: 620.9 | O86: 634.1 | P86: 614.1 | Q86: 618.3 | R86: 623.3 | S86: 666.5 | T86: 624 | U86: 655.9 | V86: 625.2 | W86: 614.3 | X86: 609.2 | Y86: 654.4 | Z86: 694.9 | AQ86: 81WT% | AR86: 81 | AS86: 638.44444
D87: 77 | E87: 500 | F87: 560 | G87: - | H87: - | I87: - | J87: 702.3 | K87: 705.2 | L87: 673.1 | M87: 682.2 | N87: 626.4 | O87: 639.6 | P87: 618.6 | Q87: 622.9 | R87: 628 | S87: 674.3 | T87: 629.2 | U87: 664.6 | V87: 630.5 | W87: 619.5 | X87: 614 | Y87: 662.4 | Z87: 710.1 | AQ87: 82WT% | AR87: 82 | AS87: 643.33333
D88: 78 | E88: 500 | F88: 560 | G88: - | H88: - | I88: - | J88: 708.5 | K88: 712.1 | L88: 676.9 | M88: 686.5 | N88: 632.1 | O88: 645.7 | P88: 623.2 | Q88: 627.4 | R88: 632.7 | S88: 683.4 | T88: 634.5 | U88: 674 | V88: 635.9 | W88: 624.9 | X88: 619.2 | Y88: 671.9 | Z88: - | AQ88: 83WT% | AR88: 83 | AS88: 648.66667
D89: 79 | E89: 500 | F89: 560 | G89: - | H89: - | I89: - | J89: 716.3 | K89: 720.3 | L89: 681.3 | M89: 691.2 | N89: 638 | O89: 651.9 | P89: 628 | Q89: 632.1 | R89: 637.8 | S89: 692 | T89: 640.3 | U89: 685 | V89: 641.9 | W89: 630.4 | X89: 624.6 | Y89: 682.7 | Z89: - | AQ89: 84WT% | AR89: 84 | AS89: 654.22222
D90: 80 | E90: 500 | F90: 560 | G90: - | H90: - | I90: - | J90: - | K90: 733.8 | L90: 685 | M90: 694.8 | N90: 644.6 | O90: 658 | P90: 632.8 | Q90: 637 | R90: 643.3 | S90: 700.8 | T90: 646.7 | U90: 695.6 | V90: 648.3 | W90: 636.1 | X90: 630.2 | Y90: 693.7 | Z90: - | AQ90: 85WT% | AR90: 85 | AS90: 659.88889
D91: 81 | E91: 500 | F91: 560 | G91: - | H91: - | I91: - | J91: - | K91: - | L91: 688.9 | M91: 699.9 | N91: 651.6 | O91: 666.2 | P91: 638 | Q91: 642.3 | R91: 649.1 | S91: 709.7 | T91: 653.2 | U91: 708 | V91: 654.7 | W91: 642.4 | X91: 635.8 | Y91: 707 | Z91: - | AQ91: 86WT% | AR91: 86 | AS91: 667.05556
D92: 82 | E92: 500 | F92: 560 | G92: - | H92: - | I92: - | J92: - | K92: - | L92: 692.4 | M92: 704 | N92: 658.6 | O92: 674.4 | P92: 643.7 | Q92: 648 | R92: 655 | S92: 720 | T92: 660.3 | U92: 723.5 | V92: 662.1 | W92: 649.1 | X92: 642.1 | Y92: 726.7 | Z92: - | AQ92: 87WT% | AR92: 87 | AS92: 674.27778
D93: 83 | E93: 500 | F93: 560 | G93: - | H93: - | I93: - | J93: - | K93: - | L93: 695.7 | M93: 708.8 | N93: 667.9 | O93: 684 | P93: 649.7 | Q93: 653.7 | R93: 661.7 | S93: 731.5 | T93: 669.6 | U93: - | V93: 670.9 | W93: 655.9 | X93: 648.8 | Y93: - | Z93: - | AQ93: 88WT% | AR93: 88 | AS93: 683.27778
D94: 84 | E94: 500 | F94: 560 | G94: - | H94: - | I94: - | J94: - | K94: - | L94: 700 | M94: 714.2 | N94: 677.4 | O94: 693 | P94: 655.7 | Q94: 659.8 | R94: 669.8 | T94: 679.2 | U94: - | V94: 680.3 | W94: 664.1 | X94: 655.6 | Y94: - | Z94: - | AQ94: 89WT% | AR94: 89 | AS94: 692.83333
D95: 85 | E95: 500 | F95: 560 | G95: - | H95: - | I95: - | J95: - | K95: - | L95: 703.3 | M95: 719.8 | N95: 688.1 | O95: 702.7 | P95: 662.9 | Q95: 667.5 | R95: 678 | T95: 690.1 | U95: - | V95: 690.2 | W95: 673.3 | X95: 663.8 | Y95: - | Z95: - | AQ95: 90WT% | AR95: 90 | AS95: 705.27778
D96: 86 | E96: 500 | F96: 560 | G96: - | H96: - | I96: - | J96: - | K96: - | L96: 706.7 | M96: 726.2 | N96: 698.6 | O96: 713.1 | P96: 671.4 | Q96: 675 | R96: 687.2 | T96: 701.7 | U96: - | V96: 700.4 | W96: 683.7 | X96: 672.9 | Y96: - | Z96: - | AQ96: 91WT% | AR96: 91 | AS96: 726.05556
D97: 87 | E97: 500 | F97: 560 | G97: - | H97: - | I97: - | J97: - | K97: - | L97: 710.8 | M97: 733.5 | N97: 709.6 | O97: 724.8 | P97: 680.7 | Q97: 684.1 | R97: 696.5 | T97: 716.1 | U97: - | V97: 712.3 | W97: 694 | X97: 683.3 | Y97: - | Z97: - | AQ97: 92WT% | AR97: 92
D98: 88 | E98: 500 | F98: 560 | G98: - | H98: - | I98: - | J98: - | K98: - | L98: 714.7 | M98: - | N98: 722.6 | P98: 690.4 | Q98: 692.8 | R98: 707.3 | T98: - | U98: - | V98: 726.7 | W98: 706 | X98: 693.6 | Y98: - | Z98: - | AQ98: 93WT% | AR98: 93
D99: 89 | E99: 500 | F99: 560 | G99: - | H99: - | I99: - | J99: - | K99: - | L99: 718.6 | M99: - | N99: - | P99: 700.8 | Q99: 702.5 | R99: 721.2 | T99: - | U99: - | V99: - | W99: 721.5 | X99: 705.3 | Y99: - | Z99: - | AQ99: 94WT% | AR99: 94
D100: 90 | E100: 500 | F100: 560 | G100: - | H100: - | I100: - | J100: - | K100: - | L100: 722.6 | M100: - | N100: - | P100: 712.8 | Q100: 713.8 | R100: - | T100: - | U100: - | V100: - | W100: - | X100: 720 | Y100: - | Z100: - | AQ100: 95WT% | AR100: 95
D101: 91 | E101: 500 | F101: 560 | G101: - | H101: - | I101: - | J101: - | K101: - | L101: 726.7 | M101: - | N101: - | P101: 729.3 | Q101: 727.5 | R101: - | T101: - | U101: - | V101: - | W101: - | Y101: - | Z101: - | AQ101: 96WT% | AR101: 96
D102: 92 | E102: 500 | F102: 560 | G102: - | H102: - | I102: - | J102: - | K102: - | L102: 730.9 | M102: - | N102: - | P102: 724.8 | Q102: - | R102: - | T102: - | U102: - | V102: - | W102: - | Y102: - | Z102: - | AQ102: 97WT% | AR102: 97
D103: 93 | E103: 500 | F103: 560 | G103: - | H103: - | I103: - | J103: - | K103: - | L103: - | M103: - | N103: - | Q103: - | R103: - | T103: - | U103: - | V103: - | W103: - | Y103: - | Z103: - | AQ103: 98WT% | AR103: 98
D104: 94 | E104: 500 | F104: 560 | G104: - | H104: - | I104: - | J104: - | K104: - | L104: - | M104: - | N104: - | Q104: - | R104: - | T104: - | U104: - | V104: - | W104: - | Y104: - | Z104: - | AQ104: 99WT% | AR104: 99
D105: 95 | E105: 500 | F105: 560 | G105: - | H105: - | I105: - | J105: - | K105: - | L105: - | M105: - | N105: - | Q105: - | R105: - | T105: - | U105: - | V105: - | W105: - | Y105: - | Z105: -
D106: 96 | E106: 500 | F106: 560 | G106: - | H106: - | I106: - | J106: - | K106: - | L106: - | M106: - | N106: - | Q106: - | R106: - | T106: - | U106: - | V106: - | W106: - | Y106: - | Z106: -
D107: 97 | E107: 500 | F107: 560 | G107: - | H107: - | I107: - | J107: - | K107: - | L107: - | M107: - | N107: - | Q107: - | R107: - | T107: - | U107: - | V107: - | W107: - | Y107: - | Z107: -
D108: 98 | E108: 500 | F108: 560 | G108: - | H108: - | I108: - | J108: - | K108: - | L108: - | M108: - | N108: - | Q108: - | R108: - | T108: - | U108: - | V108: - | W108: - | Y108: - | Z108: -
D109: 99 | E109: 500 | F109: 560 | G109: - | H109: - | I109: - | J109: - | K109: - | L109: - | M109: - | N109: - | Q109: - | R109: - | T109: - | U109: - | V109: - | W109: - | Y109: - | Z109: -
D110: 100 | E110: 500 | F110: 560 | G110: - | H110: - | I110: - | J110: - | K110: - | L110: - | M110: - | N110: - | Q110: - | R110: - | T110: - | U110: - | V110: - | W110: - | Y110: - | Z110: -
J113: 1 | K113: 2 | L113: 3 | M113: 4 | N113: 5 | O113: 6 | P113: 7 | Q113: 8 | R113: 9 | S113: 10 | T113: 11 | U113: 12 | V113: 13 | W113: 14 | X113: 15 | Y113: 16
D114: LTO
D115: SIMDIST | J115: 45856 | K115: 45857 | L115: 45858 | M115: 45859 | N115: 45860 | O115: 45861 | P115: 45862 | Q115: 45863 | R115: 45864 | S115: 45865 | T115: 45866 | U115: 45867 | V115: 45868 | W115: 45869 | X115: 45870 | Y115: 45871 | Z115: 45872
D116: 0 | J116: 56.4 | K116: 24.9 | L116: 6.2 | M116: 34.3 | N116: 55.5 | O116: 60.5 | P116: 56 | Q116: 56.3 | R116: 56.4 | S116: 56.9 | T116: 35.2 | U116: 55 | V116: 54.4 | W116: 56.2 | X116: 56 | Y116: 35 | Z116: 74.1
D117: 1 | J117: 68.4 | K117: 35.5 | L117: 24.8 | M117: 36 | N117: 60.9 | O117: 68.2 | P117: 67.6 | Q117: 67.7 | R117: 67.7 | S117: 68 | T117: 55.4 | U117: 66.8 | V117: 61.4 | W117: 67.6 | X117: 67.4 | Y117: 52.7 | Z117: 89.4
D118: 2 | J118: 89.8 | K118: 56.2 | L118: 35.8 | M118: 57.3 | N118: 68.5 | O118: 87.1 | P118: 76.4 | Q118: 75.3 | R118: 82.8 | S118: 82.7 | T118: 67 | U118: 74.7 | V118: 74.3 | W118: 81.1 | X118: 74.3 | Y118: 60.7 | Z118: 98.2
D119: 3 | J119: 97.9 | K119: 67.6 | L119: 55.7 | M119: 68.2 | N119: 82.8 | O119: 92.4 | P119: 87.6 | Q119: 87.4 | R119: 89.3 | S119: 87.9 | T119: 68.4 | U119: 87.7 | V119: 87.8 | W119: 87.7 | X119: 87.4 | Y119: 68.3 | Z119: 105.6
D120: 4 | J120: 98.3 | K120: 68.7 | L120: 60.8 | M120: 69.1 | N120: 87.7 | O120: 98 | P120: 91.8 | Q120: 90.7 | R120: 97.1 | S120: 92 | T120: 74.5 | U120: 92.3 | V120: 92.7 | W120: 91.6 | X120: 90.4 | Y120: 69.9 | Z120: 116.6
D121: 5 | J121: 98.6 | K121: 74.8 | L121: 68.1 | M121: 83.2 | N121: 90.5 | O121: 101.4 | P121: 98 | Q121: 97.8 | R121: 98 | S121: 98 | T121: 86.6 | U121: 97.9 | V121: 98.2 | W121: 98 | X121: 97.8 | Y121: 83 | Z121: 118
...

Sheet Lab Results Summary
F35: CrkConv avg | H35: =AVERAGE('Master Template'!J141:L141) -> 65.60365 | I35: % | J35: last 3 days

Sheet CatConv
G53: 4.5 | H53: -2
G54: 4.5 | H54: 150
G56: 10.5 | H56: -2
G57: 10.5 | H57: 150
X75: ART
X76: D | Y76: 6 | Z76: 8 | AA76: 12 | AB76: 14
W89: =17.4-2.3 -> 15.1

Sheet FeedStock_Summ
D2: ABQ 3358
D3: 50%BSH, 30%Arab light, 3% aromatic, and others .i.e. Arab medium
D4: Aging Feed | E4: Low Sedimentation | G4: High Sedimentation | J4: Single VR Property | X4: Assay
E5: ART | F5: TOP | G5: ART | H5: TOP | J5: BSH | K5: BSH_Assay (550+) | L5: CLK | M5: CLK_Assay | N5: SEPIA | O5: SEPIA_Assay | P5: Pazflor(Predicted by ART) | Q5: Pazflor_Assay | R5: PHET | S5: PHET_Assay | T5: NAPO | U5: NAPO_Assay | X5: SEPIA | Y5: PAZFLOR
C6: 560 plus(1040degF), wt% | E6: 95.34 | F6: 96.2 | G6: 93.87 | H6: 93.7 | J6: 94 | K6: 550+ | L6: 95.5 | M6: 575+ | N6: 93.3 | O6: 550+ | P6: 566 plus | Q6: 575 | R6: 98 | S6: 550+ | T6: 95 | U6: 575+ | W6: Cut | X6: 575+ | Y6: 575+
C7: N, %wt | E7: 0.61 | F7: 0.74 | G7: 0.7 | H7: 0.78 | J7: 0.34 | K7: 0.4947 | L7: 0.79 | M7: 0.8919 | N7: 0.9449 | O7: 0.9357 | P7: 0.762 | Q7: 0.9075 | R7: 0.2866 | S7: 0.2767 | T7: 0.84 | U7: 0.9924 | W7: N | X7: 0.8689 | Y7: =0.9075 -> 0.9075
C8: S, %wt | E8: 5.8 | F8: 5.7 | G8: 4.4 | H8: 5.248 | J8: 7.6 | K8: 7.43 | L8: 5.8 | M8: 6.53 | N8: 0.845 | O8: 0.82 | P8: 0.76 | Q8: 0.91 | R8: 0.267 | S8: 0.077 | T8: 3.37 | U8: 3.21 | W8: S | X8: 0.76 | Y8: 0.91
C9: MCR, %wt | E9: 26.89 | F9: 31.6 | G9: 25.28 | H9: 32.07 | J9: 33 | K9: 29.2 | L9: 30.1 | M9: 36.2 | N9: 16.88 | O9: 15.5 | P9: 20.9 | Q9: 23.4 | R9: 20.295 | S9: 11.1 | T9: 34.335 | U9: 33.2 | X9: 16.8 | Y9: 23.4
C10: C5 As,%wt | E10: 34.97 | F10: 33.22 | G10: 33.19 | H10: 40.28 | J10: 35.1 | L10: 33.17 | N10: 14.79 | P10: - | R10: 27.5 | T10: 47.3
C11: C7 As, %wt | E11: 20.25 | F11: 20.9 | G11: 20.54 | H11: 22 | J11: 21.3 | K11: 19.7 | L11: 19.8 | M11: 15 | N11: 4.4 | O11: 3.4 | P11: 4.74 | Q11: 4.6 | R11: 10.05 | S11: 0.2 | T11: 31.85 | U11: 24.6 | X11: 4.3 | Y11: 4.6
C12: Ni, ppm | E12: 97.9 | F12: 113.36 | G12: 138 | H12: 171.3 | J12: 77.7 | K12: 67.5 | L12: 173.4 | M12: 191 | N12: 54.39 | O12: 50.9 | P12: 98.9 | Q12: 110.9 | R12: 44.42 | S12: 11 | T12: 356.73 | U12: 365.5 | X12: 49.6 | Y12: 46.1
C13: V, ppm | E13: 266 | F13: 285.96 | G13: 351 | H13: 481.4 | J13: 273.45 | K13: 257.4 | L13: 431.17 | M13: 523 | N13: 56.75 | O13: 49.9 | P13: 38.4 | Q13: 46.1 | R13: 0.71 | S13: 0.8 | T13: 958.57 | U13: 978 | X13: 45.1 | Y13: 110.9
C14: Fe, ppm
C15: Density, kg/L
C16: H, %wt
C17: C, %wt
C18: H/C | E18: 0.113 | F18: 0.115 | G18: 0.116 | H18: 0.116 | J18: 0.115 | L18: 0.116 | N18: 0.128 | P18: 0.118 | R18: 0.139 | T18: 0.12 | W18: H/C
C19: CHNS
C20: N/S | E20: =E7/E8 -> 0.10517241 | F20: =F7/F8 -> 0.12982456 | G20: =G7/G8 -> 0.15909091 | H20: =H7/H8 -> 0.14862805 | J20: =J7/J8 -> 0.044736842 | L20: =L7/L8 -> 0.1362069 | N20: =N7/N8 -> 1.1182249 | P20: =P7/P8 -> 1.0026316 | R20: =R7/R8 -> 1.0734082 | T20: =T7/T8 -> 0.24925816 | W20: N/S | X20: =X7/X8 -> 1.1432895 | Y20: =Y7/Y8 -> 0.99725275
C21: Ni/V | E21: =E12/E13 -> 0.36804511 | F21: =F12/F13 -> 0.39641908 | G21: =G12/G13 -> 0.39316239 | H21: =H12/H13 -> 0.35583714 | J21: =J12/J13 -> 0.28414701 | L21: =L12/L13 -> 0.40216156 | N21: =N12/N13 -> 0.9584141 | P21: =P12/P13 -> 2.5755208 | R21: =R12/R13 -> 62.56338 | T21: =T12/T13 -> 0.3721481 | W21: Ni/V | X21: =X12/X13 -> 1.0997783 | Y21: =Y12/Y13 -> 0.41568981
C22: Wax, %wt | K22: 2.9 | M22: 4.8 | O22: 5.8 | Q22: 6.8 | S22: 24 | U22: 4.3 | W22: Wax | X22: 0.6 | Y22: 7.4
C23: UOPK | W23: UOPK | X23: 12 | Y23: 11.7
J24: Heavy: Good | L24: Heavy: Moerate Difficult | N24: Medium: Difficult crude | R24: Light: Difficult-Parraffinic | T24: Heavy: Difficult Asphaltene
C25: BSH | D25: 55 | E25: 55 | F25: 55 | G25: 40 | H25: 40
C26: CLK | D26: 25 | E26: 25 | F26: 25 | G26: 25 | H26: 25
C27: PAZFLOR | D27: 10 | E27: 10 | F27: - | G27: 10 | H27: -
C28: SEPIA | D28: - | E28: - | F28: 10 | G28: - | H28: 10
C29: PHET | D29: 10 | E29: 10 | F29: 10 | G29: 10 | H29: 10
C30: NAPO | G30: 15 | H30: 15
E31: =SUM(E25:E30) -> 100 | F31: =SUM(F25:F30) -> 100 | G31: =SUM(G25:G30) -> 100 | H31: =SUM(H25:H30) -> 100
M34: 75 | Q34: 85
L35: BSH | M35: 0.4 | N35: =M35*$M$34 -> 30 | O35: =N35*J8/100 -> 2.28 | Q35: 0.55 | R35: =$Q$34*Q35 -> 46.75 | S35: =R35*J8/100 -> 3.553
L36: CLK | M36: 0.25 | N36: =M36*$M$34 -> 18.75 | O36: =N36*L8/100 -> 1.0875 | Q36: 0.25 | R36: =$Q$34*Q36 -> 21.25 | S36: =R36*L8/100 -> 1.2325
L37: SEPIA | M37: 0.1 | N37: =M37*$M$34 -> 7.5 | O37: =N37*N8/100 -> 0.063375 | Q37: 0.1 | R37: =$Q$34*Q37 -> 8.5 | S37: =R37*O8/100 -> 0.0697
L38: PHET | M38: 0.1 | N38: =M38*$M$34 -> 7.5 | O38: =N38*R8/100 -> 0.020025 | Q38: 0.1 | R38: =$Q$34*Q38 -> 8.5 | S38: =R8*R38/100 -> 0.022695
L39: NAPO | M39: 0.15 | N39: =M39*$M$34 -> 11.25 | O39: =N39*T8/100 -> 0.379125 | S39: =SUM(S35:S38) -> 4.877895
O40: =SUM(O35:O39) -> 3.830025 | S40: =S39/Q34 -> 0.057387
O41: =O40/M34 -> 0.051067

Sheet Master Template
F2: VR | J2: VR | P2: VR | X2: ISV: ABQ3358 | AB2: ISV: Low Sedim | AH2: ISV: High Sedim | AP2: HPS: ABQ3358(Aging) | AT2: HPS | AZ2: HPS | BH2: LTO | BL2: LTO | BR2: LTO | CA2: High Gas | CE2: High Gas | CK2: High Gas | CS2: Low Gas | CW2: Low Gas | DC2: Low Gas
F3: Aging-ABQ3358 | J3: Low Sed | P3: High Sed | X3: Aging-ABQ3358 | AB3: Low Sed | AH3: High Sed | AP3: Aging- ABQ3358 | AT3: Low Sed | AZ3: High Sed | BH3: Aging-ABQ3358(Aging) | BL3: Low Sed | BR3: High Sed | CA3: Aging-ABQ3358 | CE3: Low Sed | CK3: High Sed | CS3: Aging- ABQ3358 | CW3: Low Sed | DC3: High Sed
C4: Pilot Plant Operation---> | F4: 45855 | G4: 45856 | H4: 45857 | I4: 45858 | J4: 45859 | K4: 45860 | L4: 45861 | M4: 45862 | N4: 45863 | O4: 45864 | P4: 45865 | Q4: 45866 | R4: 45867 | S4: 45868 | T4: 45869 | U4: 45870
C5: Lab Date--> | F5: 45856 | G5: 45857 | H5: 45858 | I5: 45859 | J5: 45860 | K5: 45861
C6: Day on stream--> | F6: 1 | G6: 2 | H6: 3 | I6: 4 | J6: 5 | K6: 6 | L6: 7 | M6: 8 | N6: 9 | O6: 10 | P6: 11 | Q6: 12 | R6: 13 | S6: 14 | T6: 15 | U6: 16 | V6: 16_2 | X6: 1 | Y6: 2 | Z6: 3 | AA6: 4 | AB6: 5 | AC6: 6 | AD6: 7 | AE6: 8 | AF6: 9 | AG6: 10 | AH6: 11 | AI6: 12 | AJ6: 13 | AK6: 14 | AL6: 15 | AM6: 16 | AN6: 16_2 | AP6: 1 | AQ6: 2 | AR6: 3 | AS6: 4 | AT6: 5 | AU6: 6 | AV6: 7 | AW6: 8 | AX6: 9 | AY6: 10 | AZ6: 11 | BA6: 12 | BB6: 13 | BC6: 14 | BD6: 15 | BE6: 16 | BF6: 16_2 | BH6: 1 | BI6: 2 | BJ6: 3 | BK6: 4 | BL6: 5 | BM6: 6 | BN6: 7 | BO6: 8 | BP6: 9 | BQ6: 10 | BR6: 11 | BS6: 12 | BT6: 13 | BU6: 14 | BV6: 15 | BW6: 16 | BX6: 16_2 | CA6: 1 | CB6: 2 | CC6: 3 | CD6: 4 | CE6: 5 | CF6: 6 | CG6: 7 | CH6: 8 | CI6: 9 | CJ6: 10 | CK6: 11 | CL6: 12 | CM6: 13 | CN6: 14 | CO6: 15 | CP6: 16 | CQ6: 16_2 | CS6: 1 | CT6: 2 | CU6: 3 | CV6: 4 | CW6: 5 | CX6: 6 | CY6: 7 | CZ6: 8 | DA6: 9 | DB6: 10 | DC6: 11 | DD6: 12 | DE6: 13 | DF6: 14 | DG6: 15 | DH6: 16 | DI6: 16_2
F7: %wt | J7: %wt | P7: %wt | X7: %wt | AB7: %wt | AH7: %wt | AP7: %wt | AT7: %wt | AZ7: %wt | BH7: %wt | BL7: %wt | BR7: %wt | CA7: %wt | CE7: %wt | CK7: %wt | CS7: %vol(mol) | CW7: %vol(mol) | DC7: %vol(mol)
C8: IBP-90 | F8: {='HPS DAILY'!$G$66:$G$73} -> 0 | G8: {='HPS DAILY'!$G$66:$G$73} -> 0 | H8: {='HPS DAILY'!$G$66:$G$73} -> 0 | I8: {='HPS DAILY'!$G$66:$G$73} -> 0 | J8: {='HPS DAILY'!H66:H73} -> 0 | K8: {='HPS DAILY'!H66:H73} -> 0 | L8: {='HPS DAILY'!H66:H73} -> 0 | M8: {='HPS DAILY'!H66:H73} -> 0 | N8: {='HPS DAILY'!H66:H73} -> 0 | O8: {='HPS DAILY'!H66:H73} -> 0 | P8: {='HPS DAILY'!I66:I73} -> 0 | Q8: {='HPS DAILY'!I66:I73} -> 0 | R8: {='HPS DAILY'!I66:I73} -> 0 | S8: {='HPS DAILY'!I66:I73} -> 0 | T8: {='HPS DAILY'!I66:I73} -> 0 | U8: {='HPS DAILY'!$I$66:$I$73} -> 0 | V8: {='HPS DAILY'!$I$66:$I$73} -> 0 | X8: {=ISV!G65:G$72} -> 0.142 | Y8: {=ISV!H65:H$72} -> 0.504 | Z8: {=ISV!I65:I$72} -> 0.121 | AA8: {=ISV!J65:J$72} -> 0 | AB8: {=ISV!K65:K$72} -> 0.19 | AC8: {=ISV!L65:L$72} -> 0.36 | AD8: {=ISV!M65:M$72} -> 0.693 | AE8: {=ISV!N65:N$72} -> 0.23 | ... AM8: {=ISV!V65:V$72} -> 0 | AP8: {='HPS DAILY'!J$66:J$73} -> 0.143 | AQ8: {='HPS DAILY'!K$66:K$73} -> 0.266 | AR8: {='HPS DAILY'!L$66:L$73} -> 0.151 | AS8: {='HPS DAILY'!M$66:M$73} -> 0.264 | AT8: {='HPS DAILY'!N$66:N$73} -> 0.584 | AU8: {='HPS DAILY'!O$66:O$73} -> 0.73 | AV8: {='HPS DAILY'!P$66:P$73} -> 0.28 | AW8: {='HPS DAILY'!Q$66:Q$73} -> 0.454 | ... BF8: {='HPS DAILY'!Z$66:Z$73} -> 0.192 | BH8: {='LTO DAILY'!H$55:H$62} -> 2 | BI8: {='LTO DAILY'!I$55:I$62} -> 7.5 | BJ8: {='LTO DAILY'!J$55:J$62} -> 9.5 | BK8: {='LTO DAILY'!K$55:K$62} -> 6.5 | BL8: {='LTO DAILY'!L$55:L$62} -> 4.5 | BM8: {='LTO DAILY'!M$55:M$62} -> 2.5 | BN8: {='LTO DAILY'!N$55:N$62} -> 3.5 | BO8: {='LTO DAILY'!O$55:O$62} -> 3.5 | ... BX8: {='LTO DAILY'!X$55:X$62} -> 1.1 | BZ8: H2 | CA8: {='HPS DAILY'!J106:J112} -> 54.35 | CB8: {='HPS DAILY'!K106:K112} -> 46.17 | CC8: {='HPS DAILY'!L106:L112} -> 59.72 | CD8: {='HPS DAILY'!M106:M112} -> 71.92 | CE8: {='HPS DAILY'!N106:N112} -> 51.89 | CF8: {='HPS DAILY'!O106:O112} -> 51.32 | CG8: {='HPS DAILY'!P106:P112} -> 50.92 | CH8: {='HPS DAILY'!Q106:Q112} -> 49.96 | ... CQ8: {='HPS DAILY'!Z106:Z112} -> 0 | CS8: {='HPS DAILY'!J$93:J$99} -> 37.87 | CT8: =CU8 -> 13.51 | CU8: {='HPS DAILY'!L$93:L$99} -> 13.51 | CV8: {='HPS DAILY'!M$93:M$99} -> 5.58 | CW8: {='HPS DAILY'!N$93:N$99} -> 2 | CX8: {='HPS DAILY'!O$93:O$99} -> 2.11 | CY8: {='HPS DAILY'!P$93:P$99} -> 1.78 | CZ8: {='HPS DAILY'!Q$93:Q$99} -> 1.99 | DA8: {='HPS DAILY'!R$93:R$99} -> 2 | DB8: {='HPS DAILY'!S$93:S$99} -> 2.1 | ... DI8: {='HPS DAILY'!Z$93:Z$99} -> 0 | DJ8: H2
C9: 90-160 | F9: 0.007 | G9: 0.007 | H9: 0.007 | I9: 0.007 | J9: 0 | K9: 0 | L9: 0 | M9: 0 | N9: 0 | O9: 0 | P9: 0 | Q9: 0 | R9: 0 | S9: 0 | T9: 0 | U9: 0 | V9: 0 | X9: 41.623 | Y9: 2.633 | Z9: 0.345 | AA9: 0 | AB9: 0.573 | AC9: 0.495 | AD9: 0.596 | AE9: 0.552 | AF9: 0 | AG9: 0 | AH9: 0 | AI9: 0.141 | AJ9: 0.586 | AK9: 0 | AL9: 0 | AM9: 0 | AP9: 0.584 | AQ9: 0.402 | AR9: 0.457 | AS9: 0.494 | AT9: 1.697 | AU9: 1.605 | AV9: 1.588 | AW9: 1.393 | AX9: 1.505 | AY9: 1.484 | AZ9: 1.876 | BA9: 1.749 | BB9: 1.442 | BC9: 1.941 | BD9: 1.897 | BE9: 1.348 | BF9: 1.499 | BH9: 29 | BI9: 22 | BJ9: 23 | BK9: 22 | BL9: 23.5 | BM9: 24 | BN9: 26.5 | BO9: 26.5 | BP9: 25.5 | BQ9: 27.4 | BR9: 29.4 | BS9: 26.6 | BT9: 23.8 | BU9: 26.9 | BV9: 28.3 | BW9: 28.5 | BX9: 20.4 | BZ9: CH4 | CA9: 5.83 | CB9: 4.34 | CC9: 5.88 | CD9: 7.1 | CE9: 15.37 | CF9: 14.29 | CG9: 14.36 | CH9: 12.7 | CI9: 12.78 | CJ9: 13.91 | CK9: 14.9 | CL9: 15.42 | CM9: 15.02 | CN9: 14.69 | CO9: 13.62 | CP9: 13.62 | CQ9: 0 | CS9: 5.78 | CT9: =CU9 -> 0.21 | CU9: 0.21 | CV9: 0.1 | CW9: 0.15 | CX9: 0.19 | CY9: 0.12 | CZ9: 0.14 | DA9: 0.16 | DB9: 0.17 | DC9: 0.2 | DD9: 0.33 | DE9: 0.35 | DF9: 0.15 | DG9: 0.19 | DH9: 0.19 | DI9: 0 | DJ9: CH4
C10: 160-250 | F10: 0.264 | G10: 0.264 | H10: 0.264 | I10: 0.264 | J10: 0.03 | K10: 0.03 | L10: 0.03 | M10: 0.03 | N10: 0.03 | O10: 0.03 | P10: 0 | Q10: 0 | R10: 0 | S10: 0 | T10: 0 | U10: 0 | V10: 0 | X10: 13.215 | Y10: 1.962 | Z10: 0.962 | AA10: 0 | AB10: 1.381 | AC10: 1.542 | AD10: 2.232 | AE10: 2.031 | AF10: 0 | AG10: 0 | AH10: 0 | AI10: 1.038 | AJ10: 2.286 | AK10: 0 | AL10: 0 | AM10: 0 | AP10: 2.33 | AQ10: 1.913 | AR10: 2.169 | AS10: 2.015 | AT10: 7.016 | AU10: 6.629 | AV10: 7.044 | AW10: 6.84 | AX10: 7.343 | AY10: 6.839 | AZ10: 7.7 | BA10: 7.011 | BB10: 7.429 | BC10: 8.292 | BD10: 8.581 | BE10: 6.418 | BF10: 6.638 | BH10: 43.5 | BI10: 39.5 | BJ10: 36.5 | BK10: 37.5 | BL10: 39.5 | BM10: 45.5 | BN10: 45 | BO10: 45 | BP10: 46 | BQ10: 45.4 | BR10: 42.4 | BS10: 43.5 | BT10: 44.3 | BU10: 44.6 | BV10: 44.7 | BW10: 42 | BX10: 50.3 | BZ10: C2H6 | CA10: 5.2 | CB10: 3.69 | CC10: 4.78 | CD10: 5.68 | CE10: 11.69 | CF10: 11.12 | CG10: 11 | CH10: 10.13 | CI10: 10.07 | CJ10: 10.56 | CK10: 11.18 | CL10: 11.4 | CM10: 11.16 | CN10: 11.13 | CO10: 10.27 | CP10: 10.27 | CQ10: 0 | CS10: 9.36 | CT10: =CU10 -> 0.08 | CU10: 0.08 | CV10: 0.06 | CW10: 0.22 | CX10: 0.27 | CY10: 0.18 | CZ10: 0.2 | DA10: 0.22 | DB10: 0.23 | DC10: 0.36 | DD10: 0.53 | DE10: 0.53 | DF10: 0.29 | DG10: 0.34 | DH10: 0.34 | DI10: 0 | DJ10: C2H6
C11: 250-360 | F11: 1.041 | G11: 1.041 | H11: 1.041 | I11: 1.041 | J11: 0.165 | K11: 0.165 | L11: 0.165 | M11: 0.165 | N11: 0.165 | O11: 0.165 | P11: 0.219 | Q11: 0.219 | R11: 0.219 | S11: 0.219 | T11: 0.219 | U11: 0.219 | V11: 0.219 | X11: 2.579 | Y11: 2.907 | Z11: 3.044 | AA11: 0 | AB11: 4.586 | AC11: 4.597 | AD11: 5.359 | AE11: 4.618 | AF11: 0 | AG11: 0 | AH11: 0 | AI11: 4.492 | AJ11: 5.729 | AK11: 0 | AL11: 0 | AM11: 0 | AP11: 6.661 | AQ11: 6.17 | AR11: 6.61 | AS11: 6.505 | AT11: 16.115 | AU11: 14.157 | AV11: 14.746 | AW11: 14.393 | AX11: 14.273 | AY11: 13.709 | AZ11: 15.262 | BA11: 14.618 | BB11: 15.251 | BC11: 15.74 | BD11: 16.095 | BE11: 14.513 | BF11: 14.006 | BH11: 16.5 | BI11: 23 | BJ11: 24 | BK11: 26.5 | BL11: 25.5 | BM11: 23.5 | BN11: 21.5 | BO11: 21.5 | BP11: 21.5 | BQ11: 20.3 | BR11: 18.4 | BS11: 20.8 | BT11: 23.8 | BU11: 21 | BV11: 19.9 | BW11: 19.5 | BX11: 24.4 | BZ11: C3H8 | CA11: 6.23 | CB11: 3.97 | CC11: 5.11 | CD11: 5.36 | CE11: 9.96 | CF11: 10.14 | CG11: 9.98 | CH11: 10.06 | CI11: 9.68 | CJ11: 9.53 | CK11: 10.44 | CL11: 10.12 | CM11: 10.18 | CN11: 10.24 | CO11: 9.87 | CP11: 9.87 | CQ11: 0 | CS11: 13.81 | CT11: =CU11 -> 0.19 | CU11: 0.19 | CV11: 0.08 | CW11: 0.3 | CX11: 0.4 | CY11: 0.29 | CZ11: 0.3 | DA11: 0.33 | DB11: 0.32 | DC11: 0.6 | DD11: 0.8 | DE11: 0.79 | DF11: 0.46 | DG11: 0.53 | DH11: 0.53 | DI11: 0 | DJ11: C3H8
C12: 360-500 | F12: 4.743 | G12: 4.743 | H12: 4.743 | I12: 4.743 | J12: 0.472 | K12: 0.472 | L12: 0.472 | M12: 0.472 | N12: 0.472 | O12: 0.472 | P12: 0.805 | Q12: 0.805 | R12: 0.805 | S12: 0.805 | T12: 0.805 | U12: 0.805 | V12: 0.805 | X12: 7.742 | Y12: 10.257 | Z12: 10.558 | AA12: 0 | AB12: 15.267 | AC12: 12.727 | AD12: 12.381 | AE12: 10.598 | AF12: 0 | AG12: 0 | AH12: 0 | AI12: 10.946 | AJ12: 12.405 | AK12: 0 | AL12: 0 | AM12: 0 | AP12: 16.82 | AQ12: 16.152 | AR12: 17.013 | AS12: 16.838 | AT12: 26.524 | AU12: 23.328 | AV12: 24.245 | AW12: 24.226 | AX12: 23.512 | AY12: 22.968 | AZ12: 23 | BA12: 22.116 | BB12: 24.204 | BC12: 24.354 | BD12: 24.951 | BE12: 22.513 | BF12: 21.085 | BH12: 9 | BI12: 8 | BJ12: 7 | BK12: 7.5 | BL12: 7 | BM12: 4.5 | BN12: 3.5 | BO12: 3.5 | BP12: 3.5 | BQ12: 3.4 | BR12: 3.1 | BS12: 5.6 | BT12: 4.7 | BU12: 3.9 | BV12: 3.4 | BW12: 3.2 | BX12: 3.8 | BZ12: C4H10(Total) | CA12: 7.1 | CB12: 3.76 | CC12: 8.26 | CD12: 3.85 | CE12: 5.97 | CF12: 6.61 | CG12: 6.63 | CH12: 7.15 | CI12: 6.65 | CJ12: 6.43 | CK12: 6.95 | CL12: 6.46 | CM12: 6.82 | CN12: 6.76 | CO12: 7.04 | CP12: 7.04 | CQ12: 0 | CS12: 12.58 | CT12: =CU12 -> 0.7 | CU12: 0.7 | CV12: 0.23 | CW12: 0.45 | CX12: 0.52 | CY12: 0.41 | CZ12: 0.42 | DA12: 0.42 | DB12: 0.4 | DC12: 0.78 | DD12: 0.93 | DE12: 0.91 | DF12: 0.57 | DG12: 0.61 | DH12: 0.61 | DI12: 0 | DJ12: C4H10(Total)
C13: 500-560 | F13: 5.324 | G13: 5.324 | H13: 5.324 | I13: 5.324 | J13: 3.141 | K13: 3.141 | L13: 3.141 | M13: 3.141 | N13: 3.141 | O13: 3.141 | P13: 5.281 | Q13: 5.281 | R13: 5.281 | S13: 5.281 | T13: 5.281 | U13: 5.281 | V13: 5.281 | X13: 5.544 | Y13: 8.644 | Z13: 9.365 | AA13: 0 | AB13: 15.403 | AC13: 11.485 | AD13: 10.702 | AE13: 9.623 | AF13: 0 | AG13: 0 | AH13: 0 | AI13: 9.873 | AJ13: 10.145 | AK13: 0 | AL13: 0 | AM13: 0 | AP13: 13.346 | AQ13: 11.814 | AR13: 12.591 | AS13: 12.482 | AT13: 12.973 | AU13: 12.542 | AV13: 13.506 | AW13: 13.203 | AX13: 12.878 | AY13: 12.825 | AZ13: 12.104 | BA13: 11.558 | BB13: 12.454 | BC13: 12.411 | BD13: 12.65 | BE13: 11.971 | BF13: 11.155 | BH13: 0 | BI13: 0 | BJ13: 0 | BK13: 0 | BL13: 0 | BM13: 0 | BN13: 0 | BO13: 0 | BP13: 0 | BQ13: 0 | BR13: 0 | BS13: 0 | BT13: 0 | BU13: 0 | BV13: 0 | BW13: 0 | BX13: 0 | BZ13: C5H12 | CA13: 8.67 | CB13: 6.83 | CC13: 6.02 | CD13: 3.91 | CE13: 3.82 | CF13: 5.28 | CG13: 5.93 | CH13: 7.85 | CI13: 7.04 | CJ13: 7.2 | CK13: 7.24 | CL13: 5.23 | CM13: 6.38 | CN13: 5.68 | CO13: 8.67 | CP13: 8.67 | CQ13: 0 | CS13: 11.15 | CT13: =CU13 -> 0.35 | CU13: 0.35 | CV13: 0.23 | CW13: 1.59 | CX13: 1.48 | CY13: 1.52 | CZ13: 1.43 | DA13: 1.31 | DB13: 1.04 | DC13: 1.72 | DD13: 2.2 | DE13: 2.01 | DF13: 1.72 | DG13: 1.44 | DH13: 1.44 | DI13: 0 | DJ13: C5H12
C14: 560 plus | F14: 88.621 | G14: 88.621 | H14: 88.621 | I14: 88.621 | J14: 96.192 | K14: 96.192 | L14: 96.192 | M14: 96.192 | N14: 96.192 | O14: 96.192 | P14: 93.695 | Q14: 93.695 | R14: 93.695 | S14: 93.695 | T14: 93.695 | U14: 93.695 | V14: 93.695 | X14: 29.155 | Y14: 73.093 | Z14: 75.605 | AA14: 100 | AB14: 62.6 | AC14: 68.794 | AD14: 68.037 | AE14: 72.348 | AF14: 100 | AG14: 100 | AH14: 100 | AI14: 73.462 | AJ14: 68.54 | AK14: 100 | AL14: 100 | AM14: 100 | AP14: 60.116 | AQ14: 63.283 | AR14: 61.009 | AS14: 61.402 | AT14: 35.091 | AU14: 41.009 | AV14: 38.591 | AW14: 39.491 | AX14: 40.328 | AY14: 42.017 | AZ14: 39.75 | BA14: 42.174 | BB14: 39.064 | BC14: 36.615 | BD14: 35.621 | BE14: 43.041 | BF14: 45.425 | BH14: 0 | BI14: 0 | BJ14: 0 | BK14: 0 | BL14: 0 | BM14: 0 | BN14: 0 | BO14: 0 | BP14: 0 | BQ14: 0 | BR14: 0 | BS14: 0 | BT14: 0 | BU14: 0 | BV14: 0 | BW14: 0 | BX14: 0 | BZ14: C6H14 plus | CA14: 12.33 | CB14: 30.83 | CC14: 10.04 | CD14: 1.85 | CE14: 0.92 | CF14: 1.03 | CG14: 0.99 | CH14: 1.94 | CI14: 1.68 | CJ14: 1.7 | CK14: 1.45 | CL14: 0.7 | CM14: 0.62 | CN14: 0.51 | CO14: 1.63 | CP14: 1.63 | CQ14: 0 | CS14: 2.57 | CT14: =CU14 -> 0.55 | CU14: 0.55 | CV14: 0.34 | CW14: 0.42 | CX14: 0.36 | CY14: 0.37 | CZ14: 0.28 | DA14: 0.25 | DB14: 0.18 | DC14: 0.24 | DD14: 0.4 | DE14: 0.3 | DF14: 0.4 | DG14: 0.26 | DH14: 0.26 | DI14: 0 | DJ14: C6H14 plus
C15: Total | F15: 100 | G15: 100 | H15: 100 | I15: 100 | J15: 100 | K15: 100 | L15: 100 | M15: 100 | N15: 100 | O15: 100 | P15: 100 | Q15: 100 | R15: 100 | S15: 100 | T15: 100 | U15: 100 | V15: 100 | X15: 100 | Y15: 100 | Z15: 100 | AA15: 100 | AB15: 100 | AC15: 100 | AD15: 100 | AE15: 100 | AF15: 100 | AG15: 100 | AH15: 100 | AI15: 100 | AJ15: 100 | AK15: 100 | AL15: 100 | AM15: 100 | AP15: 100 | AQ15: 100 | AR15: 100 | AS15: 100 | AT15: 100 | AU15: 100 | AV15: 100 | AW15: 100 | AX15: 100 | AY15: 100 | AZ15: 100 | BA15: 100 | BB15: 100 | BC15: 100 | BD15: 100 | BE15: 100 | BF15: 100 | BH15: 100 | BI15: 100 | BJ15: 100 | BK15: 100 | BL15: 100 | BM15: 100 | BN15: 100 | BO15: 100 | BP15: 100 | BQ15: 100 | BR15: 100 | BS15: 100 | BT15: 100 | BU15: 100 | BV15: 100 | BW15: 100 | BX15: 100
BZ16: Nitrogen | CA16: {='HPS DAILY'!J117:Z117} -> 0.3 | CB16: 0.36 | CC16: 0.2 | CD16: 0.32 | CE16: 0.38 | CF16: 0 | CG16: 0.19 | CH16: 0 | CI16: 0.72 | CJ16: 0.85 | CK16: 0.6 | CL16: 0.42 | CM16: 0.15 | CN16: 0.15 | CO16: 0.17 | CP16: 0.17 | CQ16: 0 | CS16: {='HPS DAILY'!J104:Z104} -> 6.47 | CT16: 89.55 | CU16: 84.4 | CV16: 93.38 | CW16: 94.87 | CX16: 94.69 | CY16: 95.33 | CZ16: 95.25 | DA16: 95.3 | DB16: 95.56 | DC16: 94.2 | DD16: 91.87 | DE16: 92.08 | DF16: 95.43 | DG16: 95.42 | DH16: 95.42 | DI16: 0 | DJ16: Nitrogen
C18: Ni, ppm | F18: ='HPS DAILY'!$G$42 -> 57.54 | G18: ='HPS DAILY'!$G$42 -> 57.54 | H18: ='HPS DAILY'!$G$42 -> 57.54 | I18: ='HPS DAILY'!$G$42 -> 57.54 | J18: ='HPS DAILY'!$H$42 -> 113.36 | K18: ='HPS DAILY'!$H$42 -> 113.36 | L18: ='HPS DAILY'!$H$42 -> 113.36 | M18: ='HPS DAILY'!$H$42 -> 113.36 | N18: ='HPS DAILY'!$H$42 -> 113.36 | O18: ='HPS DAILY'!$H$42 -> 113.36 | P18: ='HPS DAILY'!$I$42 -> 171.3 | Q18: ='HPS DAILY'!$I$42 -> 171.3 | R18: ='HPS DAILY'!$I$42 -> 171.3 | S18: ='HPS DAILY'!$I$42 -> 171.3 | T18: ='HPS DAILY'!$I$42 -> 171.3 | U18: ='HPS DAILY'!$I$42 -> 171.3 | V18: ='HPS DAILY'!$I$42 -> 171.3 | X18: =ISV!G$41 -> 269.69 | Y18: =ISV!H$41 -> 1886.78 | Z18: =ISV!I$41 -> 88.02 | AA18: =ISV!J$41 -> 0 | AB18: =ISV!K$41 -> 75.77 | AC18: =ISV!L$41 -> 151.41 | AD18: =ISV!M$41 -> 137.3 | AE18: =ISV!N$41 -> 120.12 | ... AM18: =ISV!V$41 -> 0 | AP18: {='HPS DAILY'!J42:Z42} -> 23.22 | AQ18: 21.56 | AR18: 20.83 | AS18: 20.44 | AT18: 15.95 | AU18: 19.94 | AV18: 22.84 | AW18: 21.74 | AX18: 25.13 | AY18: 24.63 | AZ18: 24.52 | BA18: 30.84 | BB18: 41.32 | BC18: 34.82 | BD18: 47.78 | BE18: 42.98 | BF18: 48.83
C19: Ni, ppm, ART | J19: 97.9 | K19: 97.9 | L19: 97.9 | M19: 97.9 | N19: 97.9 | O19: 97.9 | P19: 138 | Q19: 138 | R19: 138 | S19: 138 | T19: 138 | U19: 138 | AP19: 19 | AQ19: 20.5 | AR19: 21.5 | AS19: 21.9 | AT19: 8 | AU19: 12 | AV19: 13 | AW19: 14.1 | AX19: 15.2 | AY19: 16.2 | AZ19: 20.5 | BA19: 30 | BB19: 30.8 | BC19: 28 | BD19: 30 | BE19: 30.7
C20: V, ppm | F20: ='HPS DAILY'!$G$43 -> 194.27 | G20: ='HPS DAILY'!$G$43 -> 194.27 | H20: ='HPS DAILY'!$G$43 -> 194.27 | I20: ='HPS DAILY'!$G$43 -> 194.27 | J20: ='HPS DAILY'!$H$43 -> 285.96 | K20: ='HPS DAILY'!$H$43 -> 285.96 | L20: ='HPS DAILY'!$H$43 -> 285.96 | M20: ='HPS DAILY'!$H$43 -> 285.96 | N20: ='HPS DAILY'!$H$43 -> 285.96 | O20: ='HPS DAILY'!$H$43 -> 285.96 | P20: ='HPS DAILY'!$I$43 -> 481.4 | Q20: ='HPS DAILY'!$I$43 -> 481.4 | R20: ='HPS DAILY'!$I$43 -> 481.4 | S20: ='HPS DAILY'!$I$43 -> 481.4 | T20: ='HPS DAILY'!$I$43 -> 481.4 | U20: ='HPS DAILY'!$I$43 -> 481.4 | V20: ='HPS DAILY'!$I$43 -> 481.4 | X20: =ISV!G$42 -> 984.6 | Y20: =ISV!H$42 -> 5237.36 | Z20: =ISV!I$42 -> 230.15 | AA20: =ISV!J$42 -> 0 | AB20: =ISV!K$42 -> 186.78 | AC20: =ISV!L$42 -> 382.7 | AD20: =ISV!M$42 -> 323.52 | AE20: =ISV!N$42 -> 289.69 | ... AM20: =ISV!V$42 -> 0 | AP20: {='HPS DAILY'!J43:Z43} -> 37.8 | AQ20: 35.77 | AR20: 36 | AS20: 35.1 | AT20: 12.19 | AU20: 16.88 | AV20: 21.84 | AW20: 19.58 | AX20: 24.52 | AY20: 25.21 | AZ20: 22.28 | BA20: 31.92 | BB20: 50.16 | BC20: 36.43 | BD20: 63.12 | BE20: 55.81 | BF20: 73.86
C21: V, ppm, ART | J21: 266 | K21: 266 | L21: 266 | M21: 266 | N21: 266 | O21: 266 | P21: 351 | Q21: 351 | R21: 351 | S21: 351 | T21: 351 | U21: 351 | AP21: 24.5 | AQ21: 29 | AR21: 32.5 | AS21: 34.1 | AT21: 4 | AU21: 5 | AV21: 6 | AW21: 6.5 | AX21: 7.5 | AY21: 8.8 | AZ21: 13 | BA21: 25 | BB21: 27 | BC21: 23 | BD21: 24 | BE21: 27.4
C22: Fe, ppm | F22: ='HPS DAILY'!$G$46 -> 16.48 | G22: ='HPS DAILY'!$G$46 -> 16.48 | H22: ='HPS DAILY'!$G$46 -> 16.48 | I22: ='HPS DAILY'!$G$46 -> 16.48 | J22: ='HPS DAILY'!$H$46 -> 82.57 | K22: ='HPS DAILY'!$H$46 -> 82.57 | L22: ='HPS DAILY'!$H$46 -> 82.57 | M22: ='HPS DAILY'!$H$46 -> 82.57 | N22: ='HPS DAILY'!$H$46 -> 82.57 | O22: ='HPS DAILY'!$H$46 -> 82.57 | P22: ='HPS DAILY'!$I$46 -> 68.9 | Q22: ='HPS DAILY'!$I$46 -> 68.9 | R22: ='HPS DAILY'!$I$46 -> 68.9 | S22: ='HPS DAILY'!$I$46 -> 68.9 | T22: ='HPS DAILY'!$I$46 -> 68.9 | U22: ='HPS DAILY'!$I$46 -> 68.9 | V22: ='HPS DAILY'!$I$46 -> 68.9 | X22: =ISV!G$45 -> 307.98 | Y22: =ISV!H$45 -> 2822.69 | Z22: =ISV!I$45 -> 106.96 | AA22: =ISV!J$45 -> 0 | AB22: =ISV!K$45 -> 89.3 | AC22: =ISV!L$45 -> 225.5 | AD22: =ISV!M$45 -> 172.18 | AE22: =ISV!N$45 -> 145.26 | ... AM22: =ISV!V$45 -> 0 | AP22: {='HPS DAILY'!J46:Z46} -> 13.76 | AQ22: 12.41 | AR22: 10.57 | AS22: 7.49 | AT22: 26.69 | AU22: 7.39 | AV22: 3 | AW22: 2.46 | AX22: 5.58 | AY22: 2.93 | AZ22: 3.26 | BA22: 7.29 | BB22: 21.38 | BC22: 3.41 | BD22: 30.31 | BE22: 10.45 | BF22: 28.42
AT23: HPS: Low Sed | AZ23: HPS: High Sed
C24: N, wt% (ASTM D5762) | F24: ='HPS DAILY'!$G$25 -> 0.5601 | G24: ='HPS DAILY'!$G$25 -> 0.5601 | H24: ='HPS DAILY'!$G$25 -> 0.5601 | I24: ='HPS DAILY'!$G$25 -> 0.5601 | J24: ='HPS DAILY'!$H$25 -> 0.7378 | K24: ='HPS DAILY'!$H$25 -> 0.7378 | L24: ='HPS DAILY'!$H$25 -> 0.7378 | M24: ='HPS DAILY'!$H$25 -> 0.7378 | N24: ='HPS DAILY'!$H$25 -> 0.7378 | O24: ='HPS DAILY'!$H$25 -> 0.7378 | P24: ='HPS DAILY'!$I$25 -> 0.786348 | Q24: ='HPS DAILY'!$I$25 -> 0.786348 | R24: ='HPS DAILY'!$I$25 -> 0.786348 | S24: ='HPS DAILY'!$I$25 -> 0.786348 | T24: ='HPS DAILY'!$I$25 -> 0.786348 | U24: ='HPS DAILY'!$I$25 -> 0.786348 | X24: =ISV!G$24 -> 0.1995 | Y24: =ISV!H$24 -> 0 | Z24: =ISV!I$24 -> 0.429649 | AA24: =ISV!J$24 -> 0 | AB24: =ISV!K$24 -> 0.3875 | AC24: =ISV!L$24 -> 0.443598 | AD24: =ISV!M$24 -> 0.6599 | AE24: =ISV!N$24 -> 0.626077 | ... AM24: =ISV!V$24 -> 0 | AP24: {='HPS DAILY'!J25:Z25} -> 0.3786 | AQ24: 0.3837 | AR24: 0.354 | AS24: 0.3816 | AT24: 0.307962 | AU24: 0.5151 | AV24: 0.5473 | AW24: 0.535783 | AX24: 0.575665 | AY24: 0.561297 | AZ24: 0.570494 | BA24: 0.6137 | BB24: 0.6649 | BC24: 0.647622 | BD24: 0.643559 | BE24: 0.6506 | BF24: 0.6415 | BH24: {='LTO DAILY'!H23:X23} -> 0.0268 | BI24: 0.05167 | BJ24: 0.05423 | BK24: 0.07681 | BL24: 0.071684 | BM24: 0.0803 | BN24: 0.09172 | BO24: 0.0952 | BP24: 0.097807 | BQ24: 0.097447 | BR24: 0.091545 | BS24: 0.1012 | BT24: 0.09553 | BU24: 0.092148 | BV24: 0.086819 | BW24: 0.07776 | BX24: 0.098
C25: N, wt% (ASTM D5762), ART | J25: 0.61 | K25: 0.61 | L25: 0.61 | M25: 0.61 | N25: 0.61 | O25: 0.61 | P25: 0.7 | Q25: 0.7 | R25: 0.7 | S25: 0.7 | T25: 0.7 | U25: 0.7 | AP25: 0.34 | AQ25: 0.35 | AR25: 0.365 | AS25: 0.356 | AT25: 0.326 | AU25: 0.42 | AV25: 0.435 | AW25: 0.45 | AX25: 0.451 | AY25: 0.4521 | AZ25: 0.485 | BA25: 0.518 | BB25: 0.52 | BC25: 0.5125 | BD25: 0.524 | BE25: 0.5248 | BH25: 0.045 | BI25: 0.05 | BJ25: 0.055 | BK25: 0.06 | BL25: 0.055 | BM25: 0.062 | BN25: 0.072 | BO25: 0.075 | BP25: 0.078 | BQ25: 0.0777 | BR25: 0.0777 | BS25: 0.088 | BT25: 0.089 | BU25: 0.089 | BV25: 0.089 | BW25: 0.0885
C26: S, wt% (ASTM D4294) | F26: ='HPS DAILY'!$G$20 -> 5.986 | G26: ='HPS DAILY'!$G$20 -> 5.986 | H26: ='HPS DAILY'!$G$20 -> 5.986 | I26: ='HPS DAILY'!$G$20 -> 5.986 | J26: ='HPS DAILY'!$H$20 -> 5.69 | K26: ='HPS DAILY'!$H$20 -> 5.69 | L26: ='HPS DAILY'!$H$20 -> 5.69 | M26: ='HPS DAILY'!$H$20 -> 5.69 | N26: ='HPS DAILY'!$H$20 -> 5.69 | O26: ='HPS DAILY'!$H$20 -> 5.69 | P26: ='HPS DAILY'!$I$20 -> 5.248 | Q26: ='HPS DAILY'!$I$20 -> 5.248 | R26: ='HPS DAILY'!$I$20 -> 5.248 | S26: ='HPS DAILY'!$I$20 -> 5.248 | T26: ='HPS DAILY'!$I$20 -> 5.248 | U26: ='HPS DAILY'!$I$20 -> 5.248 | X26: =ISV!G$19 -> 2.79 | Y26: =ISV!H$19 -> 4.33 | Z26: =ISV!I$19 -> 4.36 | AA26: =ISV!J$19 -> 4.385 | AB26: =ISV!K$19 -> 4.38 | AC26: =ISV!L$19 -> 3.746 | AD26: =ISV!M$19 -> 3.78 | AE26: =ISV!N$19 -> 3.907 | ... AM26: =ISV!V$19 -> 0 | AP26: {='HPS DAILY'!J20:Z20} -> 2.34 | AQ26: 2.27 | AR26: 2.334 | AS26: 2.366 | AT26: 1.01 | AU26: 1.192 | AV26: 1.45 | AW26: 1.412 | AX26: 1.452 | AY26: 1.539 | AZ26: 1.443 | BA26: 1.24 | BB26: 1.288 | BC26: 1.265 | BD26: 1.302 | BE26: 1.363 | BF26: 1.354 | BH26: {='LTO DAILY'!H18:X18} -> 0.102 | BI26: 0.136 | BJ26: 0.1427 | BK26: 0.15322 | BL26: 0.1455 | BM26: 0.0726 | BN26: 0.0901 | BO26: 0.0751 | BP26: 0.0833 | BQ26: 0.07879 | BR26: 0.0831 | BS26: 0.0879 | BT26: 0.09671 | BU26: 0.089 | BV26: 0.08729 | BW26: 0.0789 | BX26: 0.0974
C27: S, wt% (ASTM D4294), ART | J27: 5.84 | K27: 5.84 | L27: 5.84 | M27: 5.84 | N27: 5.84 | O27: 5.84 | P27: 4.4 | Q27: 4.4 | R27: 4.4 | S27: 4.4 | T27: 4.4 | U27: 4.4 | AP27: 2.15 | AQ27: 2.2 | AR27: 2.25 | AS27: 2.36 | AT27: 1.01 | AU27: 0.99 | AV27: 1.09 | AW27: 1.1 | AX27: 1.12 | AY27: 1.14 | AZ27: 1.095 | BA27: 1 | BB27: 0.99 | BC27: 0.95 | BD27: 1 | BE27: 1.01 | BH27: 0.12 | BI27: 0.14 | BJ27: 0.155 | BK27: 0.1661 | BL27: 0.119 | BM27: 0.081 | BN27: 0.084 | BO27: 0.083 | BP27: 0.084 | BQ27: 0.085 | BR27: 0.086 | BS27: 0.0855 | BT27: 0.085 | BU27: 0.0865 | BV27: 0.087 | BW27: 0.0864
C28: C5 Asphaltene, wt% | F28: ='HPS DAILY'!$G$87 -> 22.94 | G28: ='HPS DAILY'!$G$87 -> 22.94 | H28: ='HPS DAILY'!$G$87 -> 22.94 | I28: ='HPS DAILY'!$G$87 -> 22.94 | J28: =K28 -> 33.22 | K28: ='HPS DAILY'!$H$87 -> 33.22 | L28: ='HPS DAILY'!$H$87 -> 33.22 | M28: ='HPS DAILY'!$H$87 -> 33.22 | N28: ='HPS DAILY'!$H$87 -> 33.22 | O28: ='HPS DAILY'!$H$87 -> 33.22 | P28: ='HPS DAILY'!$I$87 -> 40.28 | Q28: ='HPS DAILY'!$I$87 -> 40.28 | R28: ='HPS DAILY'!$I$87 -> 40.28 | S28: ='HPS DAILY'!$I$87 -> 40.28 | T28: ='HPS DAILY'!$I$87 -> 40.28 | U28: ='HPS DAILY'!$I$87 -> 40.28 | V28: ='HPS DAILY'!$I$87 -> 40.28 | X28: =ISV!G$86 -> 8.03 | Y28: =ISV!H$86 -> 0 | Z28: =ISV!I$86 -> 13.12 | AA28: =ISV!J$86 -> 0 | AB28: =ISV!K$86 -> 16.93 | AC28: =ISV!L$86 -> 18.79 | AD28: =ISV!M$86 -> 22.1 | AE28: =ISV!N$86 -> 21.95 | ... AM28: =ISV!V$86 -> 0 | AP28: {='HPS DAILY'!J87:Z87} -> 10.67 | AQ28: 9.93 | AR28: 11.1 | AS28: 10.16 | AT28: 6 | AU28: 10.52 | AV28: 11.38 | AW28: 11.39 | AX28: 11.63 | AY28: 13.45 | AZ28: 12.06 | BA28: 11.79 | BB28: 12.25 | BC28: 12.2 | BD28: 12.7 | BE28: 13.59 | BF28: 12.32
C29: C5 Asphaltene, wt%, ART | J29: 34.97 | K29: 34.97 | L29: 34.97 | M29: 34.97 | N29: 34.97 | O29: 34.97
C30: C7 Asphaltene, wt% | F30: ='HPS DAILY'!$G$88 -> 12.22 | G30: ='HPS DAILY'!$G$88 -> 12.22 | H30: ='HPS DAILY'!$G$88 -> 12.22 | I30: ='HPS DAILY'!$G$88 -> 12.22 | J30: ='HPS DAILY'!$H$88 -> 20.9 | K30: ='HPS DAILY'!$H$88 -> 20.9 | L30: ='HPS DAILY'!$H$88 -> 20.9 | M30: ='HPS DAILY'!$H$88 -> 20.9 | N30: ='HPS DAILY'!$H$88 -> 20.9 | O30: ='HPS DAILY'!$H$88 -> 20.9 | P30: ='HPS DAILY'!$I$88 -> 22 | Q30: ='HPS DAILY'!$I$88 -> 22 | R30: ='HPS DAILY'!$I$88 -> 22 | S30: ='HPS DAILY'!$I$88 -> 22 | T30: ='HPS DAILY'!$I$88 -> 22 | U30: ='HPS DAILY'!$I$88 -> 22 | V30: ='HPS DAILY'!$I$88 -> 22 | X30: =ISV!G$87 -> 4.9 | Y30: =ISV!H$87 -> 9.1 | Z30: =ISV!I$87 -> 9.2 | AA30: =ISV!J$87 -> 0 | AB30: =ISV!K$87 -> 9.4 | AC30: =ISV!L$87 -> 11.2 | AD30: =ISV!M$87 -> 14 | AE30: =ISV!N$87 -> 14.4 | ... AM30: =ISV!V$87 -> 0 | AP30: {='HPS DAILY'!J88:Z88} -> 4.6 | AQ30: 4.3 | AR30: 4.4 | AS30: 4.5 | AT30: 3 | AU30: 5.7 | AV30: 6.1 | AW30: 6.2 | AX30: 6.1 | AY30: 6.46 | AZ30: 6.7 | BA30: 6 | BB30: 6.7 | BC30: 5.9 | BD30: 6.5 | BE30: 6.9 | BF30: 7
C31: C7 Asphaltene, wt%, ART | J31: 20.25 | K31: 20.25 | L31: 20.25 | M31: 20.25 | N31: 20.25 | O31: 20.25 | AP31: 5.1 | AQ31: 5.9 | AS31: 6.47 | AU31: 4.2 | AW31: 4.4 | AX31: 5 | AY31: 5.09 | AZ31: 5.7 | BB31: 6.1 | BD31: 7.5 | BE31: 7.49
C33: MCRT, wt% | F33: ='HPS DAILY'!$G$89 -> 25.66 | G33: ='HPS DAILY'!$G$89 -> 25.66 | H33: ='HPS DAILY'!$G$89 -> 25.66 | I33: ='HPS DAILY'!$G$89 -> 25.66 | J33: ='HPS DAILY'!$H$89 -> 31.59 | K33: ='HPS DAILY'!$H$89 -> 31.59 | L33: ='HPS DAILY'!$H$89 -> 31.59 | M33: ='HPS DAILY'!$H$89 -> 31.59 | N33: ='HPS DAILY'!$H$89 -> 31.59 | O33: ='HPS DAILY'!$H$89 -> 31.59 | P33: ='HPS DAILY'!$I$89 -> 32.07 | Q33: ='HPS DAILY'!$I$89 -> 32.07 | R33: ='HPS DAILY'!$I$89 -> 32.07 | S33: ='HPS DAILY'!$I$89 -> 32.07 | T33: ='HPS DAILY'!$I$89 -> 32.07 | U33: ='HPS DAILY'!$I$89 -> 32.07 | V33: ='HPS DAILY'!$I$89 -> 32.07 | X33: =ISV!G$88 -> 11.7 | Y33: =ISV!H$88 -> 22.0851 | Z33: =ISV!I$88 -> 21.51 | AA33: =ISV!J$88 -> 21.13 | AB33: =ISV!K$88 -> 21.1 | AC33: =ISV!L$88 -> 22.4 | AD33: =ISV!M$88 -> 24.6 | AE33: =ISV!N$88 -> 24.81 | ... AM33: =ISV!V$88 -> 0 | AP33: ='HPS DAILY'!J$89 -> 14.8 | AQ33: ='HPS DAILY'!K$89 -> 14.57 | AR33: ='HPS DAILY'!L$89 -> 14.55 | AS33: ='HPS DAILY'!M$89 -> 14.7 | AT33: ='HPS DAILY'!N$89 -> 9.61 | AU33: ='HPS DAILY'!O$89 -> 13.7 | AV33: ='HPS DAILY'!P$89 -> 14.2 | AW33: ='HPS DAILY'!Q$89 -> 14 | ... BF33: ='HPS DAILY'!Z$89 -> 14.2
C34: MCRT, wt%, ART | J34: 26.89 | K34: 26.89 | L34: 26.89 | M34: 26.89 | N34: 26.89 | O34: 26.89 | P34: 25.28 | Q34: 25.28 | R34: 25.28 | S34: 25.28 | T34: 25.28 | U34: 25.28 | AP34: 14.2 | AQ34: 14.5 | AR34: 15 | AS34: 15.23 | AT34: 10 | AU34: 10.5 | AV34: 11.6 | AW34: 11.6 | AX34: 12 | AY34: 12.27 | AZ34: 13.2 | BA34: 12.5 | BB34: 12.6 | BC34: 12.8 | BD34: 13 | BE34: 12.43
C36: C, wt% (ASTM D5291) | F36: {='HPS DAILY'!$G$27:$G$29} -> 84.31 | G36: {='HPS DAILY'!$G$27:$G$29} -> 84.31 | H36: {='HPS DAILY'!$G$27:$G$29} -> 84.31 | I36: {='HPS DAILY'!$G$27:$G$29} -> 84.31 | J36: ='HPS DAILY'!$H$27 -> 84.05 | K36: ='HPS DAILY'!$H$27 -> 84.05 | L36: ='HPS DAILY'!$H$27 -> 84.05 | M36: ='HPS DAILY'!$H$27 -> 84.05 | N36: ='HPS DAILY'!$H$27 -> 84.05 | O36: ='HPS DAILY'!$H$27 -> 84.05 | P36: ='HPS DAILY'!$I$27 -> 84.66 | Q36: ='HPS DAILY'!$I$27 -> 84.66 | R36: ='HPS DAILY'!$I$27 -> 84.66 | S36: ='HPS DAILY'!$I$27 -> 84.66 | T36: ='HPS DAILY'!$I$27 -> 84.66 | U36: ='HPS DAILY'!$I$27 -> 84.66 | V36: ='HPS DAILY'!$I$27 -> 84.66 | X36: =ISV!G$26 -> 88.02 | Y36: =ISV!H$26 -> 86.25 | Z36: =ISV!I$26 -> 86.14 | AA36: =ISV!J$26 -> 0 | AB36: =ISV!K$26 -> 86.59 | AC36: =ISV!L$26 -> 85.53 | AD36: =ISV!M$26 -> 85.98 | AE36: =ISV!N$26 -> 86.67 | ... AM36: =ISV!V$26 -> 0 | AP36: ='HPS DAILY'!J$27 -> 88.08 | AQ36: ='HPS DAILY'!K$27 -> 87.96 | AR36: ='HPS DAILY'!L$27 -> 87.83 | AS36: ='HPS DAILY'!M$27 -> 87.56 | AT36: ='HPS DAILY'!N$27 -> 88.31 | AU36: ='HPS DAILY'!O$27 -> 88.14 | AV36: ='HPS DAILY'!P$27 -> 88.24 | AW36: ='HPS DAILY'!Q$27 -> 88.37 | ... BF36: ='HPS DAILY'!Z$27 -> 88.33
C37: H, wt% (ASTM D5291) | F37: 9.782 | G37: 9.782 | H37: 9.782 | I37: 9.782 | J37: ='HPS DAILY'!$H$28 -> 9.68 | K37: ='HPS DAILY'!$H$28 -> 9.68 | L37: ='HPS DAILY'!$H$28 -> 9.68 | M37: ='HPS DAILY'!$H$28 -> 9.68 | N37: ='HPS DAILY'!$H$28 -> 9.68 | O37: ='HPS DAILY'!$H$28 -> 9.68 | P37: ='HPS DAILY'!$I$28 -> 9.79 | Q37: ='HPS DAILY'!$I$28 -> 9.79 | R37: ='HPS DAILY'!$I$28 -> 9.79 | S37: ='HPS DAILY'!$I$28 -> 9.79 | T37: ='HPS DAILY'!$I$28 -> 9.79 | U37: ='HPS DAILY'!$I$28 -> 9.79 | V37: ='HPS DAILY'!$I$28 -> 9.79 | X37: =ISV!G$26 -> 88.02 | Y37: =ISV!H$26 -> 86.25 | Z37: =ISV!I$26 -> 86.14 | AA37: =ISV!J$26 -> 0 | AB37: =ISV!K$26 -> 86.59 | AC37: =ISV!L$26 -> 85.53 | AD37: =ISV!M$26 -> 85.98 | AE37: =ISV!N$26 -> 86.67 | ... AM37: =ISV!V$26 -> 0 | AP37: ='HPS DAILY'!J$28 -> 11.2 | AQ37: ='HPS DAILY'!K$28 -> 10.56 | AR37: ='HPS DAILY'!L$28 -> 10.98 | AS37: ='HPS DAILY'!M$28 -> 11.44 | AT37: ='HPS DAILY'!N$28 -> 11.57 | AU37: ='HPS DAILY'!O$28 -> 11.26 | AV37: ='HPS DAILY'!P$28 -> 11.51 | AW37: ='HPS DAILY'!Q$28 -> 11.43 | ... BF37: ='HPS DAILY'!Z$28 -> 11.86
C38: N, wt% (ASTM D5291) | F38: 0.567 | G38: 0.567 | H38: 0.567 | I38: 0.567 | J38: ='HPS DAILY'!$H$29 -> 0.79 | K38: ='HPS DAILY'!$H$29 -> 0.79 | L38: ='HPS DAILY'!$H$29 -> 0.79 | M38: ='HPS DAILY'!$H$29 -> 0.79 | N38: ='HPS DAILY'!$H$29 -> 0.79 | O38: ='HPS DAILY'!$H$29 -> 0.79 | P38: ='HPS DAILY'!$I$29 -> 2.509 | Q38: ='HPS DAILY'!$I$29 -> 2.509 | R38: ='HPS DAILY'!$I$29 -> 2.509 | S38: ='HPS DAILY'!$I$29 -> 2.509 | T38: ='HPS DAILY'!$I$29 -> 2.509 | U38: ='HPS DAILY'!$I$29 -> 2.509 | V38: ='HPS DAILY'!$I$29 -> 2.509 | X38: =ISV!G$28 -> 0.27 | Y38: =ISV!H$28 -> 0.5029 | Z38: =ISV!I$28 -> 0.5381 | AA38: =ISV!J$28 -> 0 | AB38: =ISV!K$28 -> 0.66 | AC38: =ISV!L$28 -> 0.6406 | AD38: =ISV!M$28 -> 0.861 | AE38: =ISV!N$28 -> 1.802 | ... AM38: =ISV!V$28 -> 0 | AP38: ='HPS DAILY'!J$29 -> 0.44 | AQ38: ='HPS DAILY'!K$28 -> 10.56 | AR38: ='HPS DAILY'!L$28 -> 10.98 | AS38: ='HPS DAILY'!M$28 -> 11.44 | AT38: ='HPS DAILY'!N$28 -> 11.57 | AU38: ='HPS DAILY'!O$28 -> 11.26 | AV38: ='HPS DAILY'!P$28 -> 11.51 | AW38: ='HPS DAILY'!Q$28 -> 11.43 | AX38: ='HPS DAILY'!R$28 -> 11.44 | ... BF38: ='HPS DAILY'!Z$28 -> 11.86
C39: S, wt% (ASTM D4294) | F39: =$F$26 -> 5.986 | G39: =$F$26 -> 5.986 | H39: =$F$26 -> 5.986 | I39: =$F$26 -> 5.986 | J39: ='HPS DAILY'!$H$20 -> 5.69 | K39: ='HPS DAILY'!$H$20 -> 5.69 | L39: ='HPS DAILY'!$H$20 -> 5.69 | M39: ='HPS DAILY'!$H$20 -> 5.69 | N39: ='HPS DAILY'!$H$20 -> 5.69 | O39: ='HPS DAILY'!$H$20 -> 5.69 | P39: ='HPS DAILY'!$I$20 -> 5.248 | Q39: ='HPS DAILY'!$I$20 -> 5.248 | R39: ='HPS DAILY'!$I$20 -> 5.248 | S39: ='HPS DAILY'!$I$20 -> 5.248 | T39: ='HPS DAILY'!$I$20 -> 5.248 | U39: ='HPS DAILY'!$I$20 -> 5.248 | V39: ='HPS DAILY'!$I$20 -> 5.248 | X39: =ISV!G$19 -> 2.79 | Y39: =ISV!H$19 -> 4.33 | Z39: =ISV!I$19 -> 4.36 | AA39: =ISV!J$19 -> 4.385 | AB39: =ISV!K$19 -> 4.38 | AC39: =ISV!L$19 -> 3.746 | AD39: =ISV!M$19 -> 3.78 | AE39: =ISV!N$19 -> 3.907 | ... AM39: =ISV!V$19 -> 0 | AP39: ='HPS DAILY'!J$20 -> 2.34 | AQ39: ='HPS DAILY'!K$20 -> 2.27 | AR39: ='HPS DAILY'!L$20 -> 2.334 | AS39: ='HPS DAILY'!M$20 -> 2.366 | AT39: ='HPS DAILY'!N$20 -> 1.01 | AU39: ='HPS DAILY'!O$20 -> 1.192 | AV39: ='HPS DAILY'!P$20 -> 1.45 | AW39: ='HPS DAILY'!Q$20 -> 1.412 | ... BF39: ='HPS DAILY'!Z$20 -> 1.354
C41: CN, wt% | F41: {='HPS DAILY'!$G$31:$G$32} -> 83.775429 | G41: {='HPS DAILY'!$G$31:$G$32} -> 83.775429 | H41: {='HPS DAILY'!$G$31:$G$32} -> 83.775429 | I41: {='HPS DAILY'!$G$31:$G$32} -> 83.775429 | J41: ='HPS DAILY'!$H$31 -> 83.917578 | K41: ='HPS DAILY'!$H$31 -> 83.917578 | L41: ='HPS DAILY'!$H$31 -> 83.917578 | M41: ='HPS DAILY'!$H$31 -> 83.917578 | N41: ='HPS DAILY'!$H$31 -> 83.917578 | O41: ='HPS DAILY'!$H$31 -> 83.917578 | P41: ='HPS DAILY'!$I$31 -> 84.251927 | Q41: ='HPS DAILY'!$I$31 -> 84.251927 | R41: ='HPS DAILY'!$I$31 -> 84.251927 | S41: ='HPS DAILY'!$I$31 -> 84.251927 | T41: ='HPS DAILY'!$I$31 -> 84.251927 | U41: ='HPS DAILY'!$I$31 -> 84.251927 | X41: =ISV!G$30 -> 86.634285 | Y41: =ISV!H$30 -> 85.824311 | Z41: =ISV!I$30 -> 84.767071 | AA41: =ISV!J$30 -> 0 | AB41: =ISV!K$30 -> 85.616117 | AC41: =ISV!L$30 -> 85.667412 | AD41: =ISV!M$30 -> 84.784622 | AE41: =ISV!N$30 -> 84.984688 | ... AM41: =ISV!V$30 -> 0 | AP41: ='HPS DAILY'!J$31 -> 86.354126 | AQ41: ='HPS DAILY'!K$31 -> 86.93959 | AR41: ='HPS DAILY'!L$31 -> 86.533725 | AS41: ='HPS DAILY'!M$31 -> 86.056084 | AT41: ='HPS DAILY'!N$31 -> 87.264603 | AU41: ='HPS DAILY'!O$31 -> 87.174887 | AV41: ='HPS DAILY'!P$31 -> 86.72466 | AW41: ='HPS DAILY'!Q$31 -> 86.852015 | ... BF41: ='HPS DAILY'!Z$31 -> 86.440836 | BH41: {='LTO DAILY'!H29:X29} -> 86.765451 | BI41: 87.389449 | BJ41: 86.102704 | BK41: 85.814581 | BL41: 86.42181 | BM41: 86.486956 | BN41: 86.005405 | BO41: 85.982347 | BP41: 85.86198 | BQ41: 86.049772 | BR41: 85.889933 | BS41: 86.09092 | BT41: 86.148181 | BU41: 86.016346 | BV41: 85.985328 | BW41: 85.910942 | BX41: 86.045373
C42: HN, wt% | F42: 9.7199768 | G42: 9.7199768 | H42: 9.7199768 | I42: 9.7199768 | J42: ='HPS DAILY'!$H$32 -> 9.664749 | K42: ='HPS DAILY'!$H$32 -> 9.664749 | L42: ='HPS DAILY'!$H$32 -> 9.664749 | M42: ='HPS DAILY'!$H$32 -> 9.664749 | N42: ='HPS DAILY'!$H$32 -> 9.664749 | O42: ='HPS DAILY'!$H$32 -> 9.664749 | P42: ='HPS DAILY'!$I$32 -> 9.7428109 | Q42: ='HPS DAILY'!$I$32 -> 9.7428109 | R42: ='HPS DAILY'!$I$32 -> 9.7428109 | S42: ='HPS DAILY'!$I$32 -> 9.7428109 | T42: ='HPS DAILY'!$I$32 -> 9.7428109 | U42: ='HPS DAILY'!$I$32 -> 9.7428109 | X42: =ISV!G$31 -> 10.42328 | Y42: =ISV!H$31 -> 9.8670594 | Z42: =ISV!I$31 -> 10.519619 | AA42: =ISV!J$31 -> 0 | AB42: =ISV!K$31 -> 9.6700037 | AC42: =ISV!L$31 -> 10.136259 | AD42: =ISV!M$31 -> 10.837206 | AE42: =ISV!N$31 -> 10.570381 | ... AM42: =ISV!V$31 -> 0 | AP42: ='HPS DAILY'!J$32 -> 10.980543 | AQ42: ='HPS DAILY'!K$32 -> 10.437495 | AR42: ='HPS DAILY'!L$32 -> 10.817947 | AS42: ='HPS DAILY'!M$32 -> 11.243508 | AT42: ='HPS DAILY'!N$32 -> 11.433037 | AU42: ='HPS DAILY'!O$32 -> 11.136706 | AV42: ='HPS DAILY'!P$32 -> 11.312339 | AW42: ='HPS DAILY'!Q$32 -> 11.23366 | ... BF42: ='HPS DAILY'!Z$32 -> 11.606343 | BH42: {='LTO DAILY'!H30:X30} -> 13.106081 | BI42: 12.420578 | BJ42: 13.701768 | BK42: 13.954651 | BL42: 13.361628 | BM42: 13.358541 | BN42: 13.813773 | BO42: 13.849306 | BP42: 13.956824 | BQ42: 13.772796 | BR42: 13.937193 | BS42: 13.72133 | BT42: 13.66326 | BU42: 13.803248 | BV42: 13.841298 | BW42: 13.933913 | BX42: 13.762541
C43: SN, wt | F43: ='HPS DAILY'!$G$34 -> 5.9480455 | G43: ='HPS DAILY'!$G$34 -> 5.9480455 | H43: ='HPS DAILY'!$G$34 -> 5.9480455 | I43: ='HPS DAILY'!$G$34 -> 5.9480455 | J43: ='HPS DAILY'!$H$34 -> 5.6810353 | K43: ='HPS DAILY'!$H$34 -> 5.6810353 | L43: ='HPS DAILY'!$H$34 -> 5.6810353 | M43: ='HPS DAILY'!$H$34 -> 5.6810353 | N43: ='HPS DAILY'!$H$34 -> 5.6810353 | O43: ='HPS DAILY'!$H$34 -> 5.6810353 | P43: ='HPS DAILY'!$I$34 -> 5.2227039 | Q43: ='HPS DAILY'!$I$34 -> 5.2227039 | R43: ='HPS DAILY'!$I$34 -> 5.2227039 | S43: ='HPS DAILY'!$I$34 -> 5.2227039 | T43: ='HPS DAILY'!$I$34 -> 5.2227039 | U43: ='HPS DAILY'!$I$34 -> 5.2227039
F44: 0.116 | G44: 0.116 | H44: 0.116 | I44: 0.116 | J44: =J$42/J$41 -> 0.11516954 | K44: =K$42/K$41 -> 0.11516954 | L44: =L$42/L$41 -> 0.11516954 | M44: =M$42/M$41 -> 0.11516954 | N44: =N$42/N$41 -> 0.11516954 | O44: =O$42/O$41 -> 0.11516954 | P44: =P$42/P$41 -> 0.11563903 | Q44: =Q$42/Q$41 -> 0.11563903 | ... U44: =U$42/U$41 -> 0.11563903 | AP44: =AP42/AP41 -> 0.12715713 | AQ44: 0.125 | AR44: =AR42/AR41 -> 0.12501423 | AS44: =AS42/AS41 -> 0.13065327 | AT44: =AT42/AT41 -> 0.13101574 | AU44: =AU42/AU41 -> 0.1277513 | AV44: =AV42/AV41 -> 0.13043971 | AW44: =AW42/AW41 -> 0.12934254 | AX44: =AX42/AX41 -> 0.12932399 | AY44: =AY42/AY41 -> 0.12752056 | ... BE44: =BE42/BE41 -> 0.13073005 | BH44: =BH42/BH41 -> 0.15105185 | BI44: =BI42/BI41 -> 0.14212904 | BJ44: =BJ42/BJ41 -> 0.15913284 | BK44: =BK42/BK41 -> 0.16261398 | BL44: =BL42/BL41 -> 0.15460944 | BM44: =BM42/BM41 -> 0.1544573 | BN44: =BN42/BN41 -> 0.16061517 | BO44: =BO42/BO41 -> 0.16107151 | ... BW44: =BW42/BW41 -> 0.1621902 | CS44: Breakdown Flow rate, Low gas (L/h) | CW44: Breakdown Flow rate, Low gas (L/h) | DC44: Breakdown Flow rate, Low gas (L/h)
BZ45: H2 | DJ45: H2
BZ46: CH4 | CS46: =CS$59*CS$9/100 -> 0.28322 | CT46: =CT$59*CT$9/100 -> 0.037926 | CU46: =CU$59*CU$9/100 -> 0.060375 | CV46: =CV$59*CV$9/100 -> 0.0015913978 | CW46: =CW$59*CW$9/100 -> 0.055125 | CX46: =CX$59*CX$9/100 -> 0.070616667 | CY46: =CY$59*CY$9/100 -> 0.043595 | CZ46: =CZ$59*CZ$9/100 -> 0.04403 | ... DH46: =DH$59*DH$9/100 -> 0.066323571 | DJ46: CH4
BZ47: C2H6 | CS47: =CS$59*CS$10/100 -> 0.45864 | CT47: =CT$59*CT$10/100 -> 0.014448 | CU47: =CU$59*CU$10/100 -> 0.023 | CV47: =CV$59*CV$10/100 -> 0.00095483871 | CW47: =CW$59*CW$10/100 -> 0.08085 | CX47: =CX$59*CX$10/100 -> 0.10035 | CY47: =CY$59*CY$10/100 -> 0.0653925 | CZ47: =CZ$59*CZ$10/100 -> 0.0629 | ... DH47: =DH$59*DH$10/100 -> 0.11868429 | DJ47: C2H6
BZ48: C3H8 | CS48: =CS$59*CS$11/100 -> 0.67669 | CT48: =CT$59*CT$11/100 -> 0.034314 | CU48: =CU$59*CU$11/100 -> 0.054625 | CV48: =CV$59*CV$11/100 -> 0.0012731183 | CW48: =CW$59*CW$11/100 -> 0.11025 | CX48: =CX$59*CX$11/100 -> 0.14866667 | CY48: =CY$59*CY$11/100 -> 0.10535458 | CZ48: =CZ$59*CZ$11/100 -> 0.09435 | ... DH48: =DH$59*DH$11/100 -> 0.18500786 | DJ48: C3H8
BZ49: C4H10(Total) | CS49: =CS$59*CS$12/100 -> 0.61642 | CT49: =CT$59*CT$12/100 -> 0.12642 | CU49: =CU$59*CU$12/100 -> 0.20125 | CV49: =CV$59*CV$12/100 -> 0.0036602151 | CW49: =CW$59*CW$12/100 -> 0.165375 | CX49: =CX$59*CX$12/100 -> 0.19326667 | CY49: =CY$59*CY$12/100 -> 0.14894958 | CZ49: =CZ$59*CZ$12/100 -> 0.13209 | ... DH49: =DH$59*DH$12/100 -> 0.21293357 | DJ49: C4H10(Total)
BZ50: C5H12 | CS50: =CS$59*CS$13/100 -> 0.54635 | CT50: =CT$59*CT$13/100 -> 0.06321 | CU50: =CU$59*CU$13/100 -> 0.100625 | CV50: =CV$59*CV$13/100 -> 0.0036602151 | CW50: =CW$59*CW$13/100 -> 0.584325 | CX50: =CX$59*CX$13/100 -> 0.55006667 | CY50: =CY$59*CY$13/100 -> 0.55220333 | CZ50: =CZ$59*CZ$13/100 -> 0.449735 | ... DH50: =DH$59*DH$13/100 -> 0.50266286 | DJ50: C5H12
BZ51: C6H14 | CS51: =CS$59*CS$14/100 -> 0.12593 | CT51: =CT$59*CT$14/100 -> 0.09933 | CU51: =CU$59*CU$14/100 -> 0.158125 | CV51: =CV$59*CV$14/100 -> 0.0054107527 | CW51: =CW$59*CW$14/100 -> 0.15435 | CX51: =CX$59*CX$14/100 -> 0.1338 | CY51: =CY$59*CY$14/100 -> 0.13441792 | CZ51: =CZ$59*CZ$14/100 -> 0.08806 | ... DH51: =DH$59*DH$14/100 -> 0.090758571 | DJ51: C6H14
C53: Flow Information | F53: VR | J53: VR | P53: VR | X53: ISV | AB53: ISV | AH53: ISV | AP53: HPS | AT53: HPS | AZ53: HPS | BH53: LTO | BL53: LTO | BR53: LTO | CA53: High gas (g/h) | CE53: High gas (g/h) | CK53: High gas (g/h) | CS53: Low gas | CW53: Low gas | DC53: Low gas
C54: Accumulative mass to Rx1 (Acc Mass_23.5 hrs), g | F54: =(2606+2899) -> 5505 | G54: 2686 | H54: =(2574+2639) -> 5213 | I54: =(2469+2662) -> 5131
C55: VR rate Rx1, g/h | F55: =F$54/23.5 -> 234.25532 | G55: =G$54/12 -> 223.83333 | H55: =H$54/24 -> 217.20833 | I55: =I$54/23.25 -> 220.68817
C56: Accumulative mass to Rx2 (Acc Mass_23.5 hrs), g | F56: =(1211+1264) -> 2475 | G56: 1256 | H56: =(1229+1255) -> 2484 | I56: =(1171+1211) -> 2382
C57: VR rate Rx2, g/h | F57: =F$56/23.5 -> 105.31915 | G57: =G$56/12 -> 104.66667 | H57: =H$56/23.5 -> 105.70213 | I57: =I$56/23.25 -> 102.45161 | AW57: 3558 | AX57: 3660 | AY57: 3714 | BB57: 3882 | BC57: 3648 | BE57: 1846 | CA57: 399.5 | CO57: 666.2 | CS57: 115.15 | CT57: 116
C58: Accumulative mass (Acc Mass_23.5 hrs), g | F58: =(2606+1211+2899+1264) -> 7980 | K58: 4146 | L58: 4517 | M58: 4192 | N58: 4164 | O58: 4220 | Q58: 4276 | R58: 4489 | S58: 4290 | T58: 2894 | U58: 2402 | X58: 18 | Y58: 11.58 | Z58: 33.156 | AA58: 0 | AB58: 30 | AC58: 30.696 | AD58: 26.31 | AE58: 14.36 | AF58: 0 | AG58: 0 | AI58: 27.08 | AJ58: 23.5 | AK58: 16.74 | AL58: 0 | AM58: 0 | AP58: =(3366+3855) -> 7221 | AQ58: 3480 | AR58: =(3348+3480) -> 6828 | AS58: =(3300+3516) -> 6816 | AT58: 1076 | AU58: 3592 | AV58: 3984 | AW58: 3708 | AX58: 3758 | AY58: 3714 | AZ58: 3674 | BA58: 3654 | BB58: 3894 | BC58: 3676 | BD58: 2642 | BE58: 1846 | BH58: 106.5 | BI58: 86 | BJ58: =(328+112) -> 440 | BK58: 254 | BL58: 202 | BM58: 160 | BN58: 230 | BO58: 192 | BP58: 164 | BQ58: 180 | BR58: 210 | BS58: 212 | BT58: 248 | BU58: 224 | BV58: 150 | BW58: 146 | CA58: 504.4 | CB58: 228 | CC58: =(226.3+165.5) -> 391.8 | CD58: =(212.1+226.6) -> 438.7 | CE58: 294.6 | CF58: 307 | CG58: 314.7 | CH58: 302.9 | CI58: 333 | CJ58: 328.5 | CK58: 327.6 | CL58: 333.1 | CM58: 324.9 | CN58: 341.2 | CO58: 340 | CP58: 189.5 | CR58: Litre | CS58: 115.15 | CT58: 361.2 | CU58: 690 | CV58: =(17.1+19.9) -> 37 | CW58: 294 | CX58: =892 -> 892 | CY58: 871.9 | CZ58: 754.8 | DA58: 448.6 | DB58: 1.9 | DC58: 601 | DD58: 1061.9 | DE58: 1134.5 | DF58: 818.9 | DG58: 242.4 | DH58: 488.7
C59: Total rate, g/h (23.5hrs) | F59: =F$55+F$57 -> 339.57447 | G59: =G$55+G$57 -> 328.5 | H59: =H$55+H$57 -> 322.91046 | I59: =I$55+I$57 -> 323.13978 | J59: =159.36*1.01 -> 160.9536 | K59: =K$58/23 -> 180.26087 | L59: =L$58/23 -> 196.3913 | M59: =M$58/23 -> 182.26087 | N59: =N$58/23 -> 181.04348 | O59: =O$58/23 -> 183.47826 | P59: 185 | Q59: =Q$58/23 -> 185.91304 | R59: =R$58/23 -> 195.17391 | S59: =S$58/23 -> 186.52174 | T59: =T$58/16 -> 180.875 | U59: =U$58/13 -> 184.76923 | X59: =X$58/23.5 -> 0.76595745 | Y59: =Y58/12 -> 0.965 | Z59: =Z58/24 -> 1.3815 | AB59: =AB58/24 -> 1.25 | AC59: =AC58/24 -> 1.279 | AD59: =AD58/24 -> 1.09625 | AE59: =AE58/24 -> 0.59833333 | AI59: =AI58/24 -> 1.1283333 | AJ59: =AJ58/24 -> 0.97916667 | AK59: =AK58/24 -> 0.6975 | AP59: =AP$58/23.5 -> 307.2766 | AQ59: =AQ$58/12 -> 290 | AR59: =AR$58/24 -> 284.5 | AS59: =AS$58/24 -> 284 | AT59: =AT58/8 -> 134.5 | AU59: =AU$58/24 -> 149.66667 | AV59: =AV$58/24 -> 166 | AW59: =AW$58/24 -> 154.5 | AX59: =AX$58/24 -> 156.58333 | AY59: =AY$58/24 -> 154.75 | AZ59: =AZ$58/24 -> 153.08333 | BA59: =BA$58/24 -> 152.25 | BB59: =BB$58/24 -> 162.25 | BC59: =BC$58/24 -> 153.16667 | BD59: =BD$58/17 -> 155.41176 | BE59: =BE$58/14 -> 131.85714 | BF59: =BF$58/23.5 -> 0 | BH59: =BH$58/23.5 -> 4.5319149 | BI59: =BI$58/12 -> 7.1666667 | BJ59: =BJ$58/24 -> 18.333333 | BK59: =BK$58/24 -> 10.583333 | BL59: =BL$58/8 -> 25.25 | BM59: =BM$58/24 -> 6.6666667 | BN59: =BN$58/24 -> 9.5833333 | BO59: =BO$58/24 -> 8 | BP59: =BP$58/24 -> 6.8333333 | BQ59: =BQ$58/24 -> 7.5 | BR59: =BR$58/24 -> 8.75 | BS59: =BS$58/24 -> 8.8333333 | BT59: =BT$58/24 -> 10.333333 | BU59: =BU$58/24 -> 9.3333333 | BV59: =BV$58/(21-4) -> 8.8235294 | BW59: =BW$58/12 -> 12.166667 | BX59: =BX$58/23.5 -> 0 | CA59: =CA$58/23.5 -> 21.46383 | CB59: =CB$58/12 -> 19 | CC59: =CC$58/24 -> 16.325 | CD59: =CD$58/23.25 -> 18.868817 | CE59: =CE$58/18 -> 16.366667 | CF59: =CF$58/24 -> 12.791667 | CG59: =CG$58/24 -> 13.1125 | CH59: =CH$58/24 -> 12.620833 | CI59: =CI$58/24 -> 13.875 | CJ59: =CJ$58/24 -> 13.6875 | CK59: =CK$58/24 -> 13.65 | CL59: =CL$58/24 -> 13.879167 | CM59: =CM$58/24 -> 13.5375 | ... CO59: =CO$58/24 -> 14.166667 | CP59: =CP$58/14 -> 13.535714 | CR59: L/hr | CS59: =CS$58/23.5 -> 4.9 | CT59: =CT$58/20 -> 18.06 | CU59: =CU$58/24 -> 28.75 | CV59: =CV$58/23.25 -> 1.5913978 | CW59: =CW$58/8 -> 36.75 | CX59: =CX$58/24 -> 37.166667 | CY59: =CY$58/24 -> 36.329167 | CZ59: =CZ$58/24 -> 31.45 | DA59: =DA$58/24 -> 18.691667 | DB59: =DB$58/24 -> 0.079166667 | DC59: =DC$58/24 -> 25.041667 | DD59: =DD$58/24 -> 44.245833 | DE59: =DE$58/24 -> 47.270833 | DF59: =DF$58/24 -> 34.120833 | DG59: =DG$58/17 -> 14.258824 | DH59: =DH$58/14 -> 34.907143
C60: rate, g/h, ART
C61: LTO Split, wt/wt Liquid product : LTO/(LTO+HPS) | F61: =BH$59*100/(BH$59+AP$59) -> 1.4534289 | G61: =BI$59*100/(BI$59+AQ$59) -> 2.4116657 | H61: =BJ$59*100/(BJ$59+AR$59) -> 6.0539351 | I61: =BK$59*100/(BK$59+AS$59) -> 3.592645 | J61: =BL$59*100/(BL$59+AT$59) -> 15.805947 | K61: =BM$59*100/(BM$59+AU$59) -> 4.2643923 | L61: =BN$59*100/(BN$59+AV$59) -> 5.4579972 | M61: =BO$59*100/(BO$59+AW$59) -> 4.9230769 | ... U61: =BW$59*100/(BW$59+BE$59) -> 8.4476773
C62: Density, g/ml | F62: 1.049 | G62: 1.049 | H62: 1.049 | I62: 1.049 | J62: ='HPS DAILY'!$H$12 -> 1.065 | K62: ='HPS DAILY'!$H$12 -> 1.065 | L62: ='HPS DAILY'!$H$12 -> 1.065 | M62: ='HPS DAILY'!$H$12 -> 1.065 | N62: ='HPS DAILY'!$H$12 -> 1.065 | O62: ='HPS DAILY'!$H$12 -> 1.065 | P62: =1.061 -> 1.061 | Q62: =1.061 -> 1.061 | R62: =1.061 -> 1.061 | S62: =1.061 -> 1.061 | T62: =1.061 -> 1.061 | U62: =1.061 -> 1.061 | AU62: =AVERAGE(AU59:AY59) -> 156.3 | BA62: =AVERAGE(AZ59:BD59) -> 155.23235 | BM62: =AVERAGE(BM59:BQ59) -> 7.7166667 | BS62: =AVERAGE(BR59:BV59) -> 9.2147059
C63: Volumetric Flow rate, ml | F63: =F$59/F$62 -> 323.71255 | G63: =G$59/G$62 -> 313.15539 | H63: =H$59/H$62 -> 307.82694 | I63: =I$59/I$62 -> 308.04555 | J63: =J$59/J$62 -> 151.13014 | K63: =K$59/K$62 -> 169.25903 | L63: =L$59/L$62 -> 184.40498 | M63: =M$59/M$62 -> 171.13697 | ... U63: =U$59/U$62 -> 174.14631 | BM63: =100*BM62/(BM62+AU62) -> 4.7048064 | BN63: %wt LTO | BS63: =100*BS62/(BS62+BA62) -> 5.6034483 | BT63: %wt HPS
C64: MEBU LHSV, Actual, hr-1 | F64: =F$63/(3*186) -> 0.58013002 | G64: =G$63/(3*186) -> 0.56121037 | H64: =H$63/(3*186) -> 0.55166118 | I64: =I$63/(3*186) -> 0.55205296 | J64: =J$63/(3*186) -> 0.27084255 | K64: =K$63/(3*186) -> 0.3033316 | L64: =L$63/(3*186) -> 0.33047488 | M64: =M$63/(3*186) -> 0.30669707 | ... Q64: =Q$63/(3*186) -> 0.31402215 | R64: =R63/(3*186) -> 0.3296645 | S64: =S$63/(3*186) -> 0.31505028 | T64: =T$63/(3*186) -> 0.30551248 | U64: =U$63/(3*186) -> 0.31209015
C65: MEBU Target LHSV, hr-1 | F65: 0.55 | G65: 0.55 | H65: 0.55 | I65: 0.55 | J65: 0.31 | K65: 0.31 | L65: 0.31 | M65: 0.31 | N65: 0.31 | O65: 0.31 | P65: 0.31 | Q65: 0.31 | R65: 0.31 | S65: 0.31 | T65: 0.31 | U65: 0.31
C66: ISV LHSV, hr-1 | F66: =F$63/137 -> 2.3628654 | G66: =G$63/137 -> 2.2858057 | H66: =H$63/137 -> 2.246912 | I66: =I$63/137 -> 2.2485077 | J66: =J$63/137 -> 1.1031397 | K66: =K$63/137 -> 1.2354674 | L66: =L$63/137 -> 1.3460218 | M66: =M$63/137 -> 1.2491749 | ... U66: =U$63/137 -> 1.2711409
C67: MEBU LHSV, hr-1, ART | F67: 0.58 | G67: 0.55 | H67: 0.54 | I67: 0.54 | J67: 0.31 | K67: 0.31 | L67: 0.31 | M67: 0.31 | N67: 0.31 | O67: 0.31 | P67: 0.31 | Q67: 0.31 | R67: 0.31 | S67: 0.31 | T67: 0.31 | U67: 0.31
C68: LCF LHSV, hr-1 | F68: 0.38 | G68: 0.38 | H68: 0.38 | I68: 0.38 | J68: 0.21 | K68: 0.21 | L68: 0.21 | M68: 0.21 | N68: 0.21 | O68: 0.21 | P68: 0.21 | Q68: 0.21 | R68: 0.21 | S68: 0.21 | T68: 0.21 | U68: 0.21
C69: Pressure, barg | F69: 176.5 | G69: 176.5 | H69: 176.5 | I69: 176.5 | J69: 176.5 | K69: 176.5 | L69: 176.5 | M69: 176.5 | N69: 176.5 | O69: 176.5 | P69: 176.5 | Q69: 176.5 | R69: 176.5 | S69: 176.5 | T69: 176.5 | U69: 176.5
C70: Pressure, barg, ART | F70: 176.5 | G70: 176.5 | H70: 176.5 | I70: 176.5 | J70: 176.5 | K70: 176.5 | L70: 176.5 | M70: 176.5 | N70: 176.5 | O70: 176.5 | P70: 176.5 | Q70: 176.5 | R70: 176.5 | S70: 176.5 | T70: 176.5 | U70: 176.5
C71: Temperature, degC | F71: 404 | G71: 404 | H71: 404.16 | I71: 404.04 | J71: 418.45 | K71: 418.5 | L71: 418.5 | M71: 418 | N71: 418.72 | O71: 418.46 | P71: 422.08 | Q71: 422.17 | R71: 422.12 | S71: 422.16 | T71: 422.22 | U71: 422.11
C72: Temperature, degC, ART | F72: 404 | G72: 404 | H72: 404 | I72: 404 | J72: 416.93333 | K72: 416.93333 | L72: 417 | M72: 418 | N72: 418 | O72: 418 | P72: 418 | Q72: 418 | R72: 418 | S72: 422 | T72: 422 | U72: 422
C74: IBP-90, g/h | F74: =F8*F$59/100 -> 0 | G74: =G8*G$59/100 -> 0 | H74: =H8*H$59/100 -> 0 | I74: =I8*I$59/100 -> 0 | J74: =J8*J$59/100 -> 0 | K74: =K8*K$59/100 -> 0 | L74: =L8*L$59/100 -> 0 | M74: =M8*M$59/100 -> 0 | ... U74: =U8*U$59/100 -> 0 | X74: =X8*X$59/100 -> 0.0010876596 | Y74: =Y8*Y$59/100 -> 0.0048636 | Z74: =Z8*Z$59/100 -> 0.001671615 | AA74: =AA8*AA$59/100 -> 0 | AB74: =AB8*AB$59/100 -> 0.002375 | AC74: =AC8*AC$59/100 -> 0.0046044 | AD74: =AD8*AD$59/100 -> 0.0075970125 | AE74: =AE8*AE$59/100 -> 0.0013761667 | ... AM74: =AM8*AM$59/100 -> 0 | AP74: =AP8*AP$59/100 -> 0.43940553 | AQ74: =AQ8*AQ$59/100 -> 0.7714 | AR74: =AR8*AR$59/100 -> 0.429595 | AS74: =AS8*AS$59/100 -> 0.74976 | AT74: =AT8*AT$59/100 -> 0.78548 | AU74: =AU8*AU$59/100 -> 1.0925667 | AV74: =AV8*AV$59/100 -> 0.4648 | AW74: =AW8*AW$59/100 -> 0.70143 | ... BF74: =BF8*BF$59/100 -> 0 | BH74: =BH$59*BH8/100 -> 0.090638298 | BI74: =BI$59*BI8/100 -> 0.5375 | BJ74: =BJ$59*BJ8/100 -> 1.7416667 | BK74: =BK$59*BK8/100 -> 0.68791667 | BL74: =BL$59*BL8/100 -> 1.13625 | BM74: =BM$59*BM8/100 -> 0.16666667 | BN74: =BN$59*BN8/100 -> 0.33541667 | BO74: =BO$59*BO8/100 -> 0.28 | ... BX74: =BX$59*BX8/100 -> 0 | DJ74: H2
C75: 90-160, g/h | F75: =F9*F$59/100 -> 0.023770213 | G75: =G9*G$59/100 -> 0.022995 | H75: =H9*H$59/100 -> 0.022603732 | I75: =I9*I$59/100 -> 0.022619785 | J75: =J9*J$59/100 -> 0 | K75: =K9*K$59/100 -> 0 | L75: =L9*L$59/100 -> 0 | M75: =M9*M$59/100 -> 0 | ... U75: =U9*U$59/100 -> 0 | X75: =X9*X$59/100 -> 0.31881447 | Y75: =Y9*Y$59/100 -> 0.02540845 | Z75: =Z9*Z$59/100 -> 0.004766175 | AA75: =AA9*AA$59/100 -> 0 | AB75: =AB9*AB$59/100 -> 0.0071625 | AC75: =AC9*AC$59/100 -> 0.00633105 | AD75: =AD9*AD$59/100 -> 0.00653365 | AE75: =AE9*AE$59/100 -> 0.0033028 | ... AM75: =AM9*AM$59/100 -> 0 | AP75: =AP9*AP$59/100 -> 1.7944953 | AQ75: =AQ9*AQ$59/100 -> 1.1658 | AR75: =AR9*AR$59/100 -> 1.300165 | AS75: =AS9*AS$59/100 -> 1.40296 | AT75: =AT9*AT$59/100 -> 2.282465 | AU75: =AU9*AU$59/100 -> 2.40215 | AV75: =AV9*AV$59/100 -> 2.63608 | AW75: =AW9*AW$59/100 -> 2.152185 | ... BF75: =BF9*BF$59/100 -> 0 | BH75: =BH$59*BH9/100 -> 1.3142553 | BI75: =BI$59*BI9/100 -> 1.5766667 | BJ75: =BJ$59*BJ9/100 -> 4.2166667 | BK75: =BK$59*BK9/100 -> 2.3283333 | BL75: =BL$59*BL9/100 -> 5.93375 | BM75: =BM$59*BM9/100 -> 1.6 | BN75: =BN$59*BN9/100 -> 2.5395833 | BO75: =BO$59*BO9/100 -> 2.12 | ... BX75: =BX$59*BX9/100 -> 0 | DJ75: CH4, g/h
C76: 160-250, g/h | F76: =F10*F$59/100 -> 0.8964766 | G76: =G10*G$59/100 -> 0.86724 | H76: =H10*H$59/100 -> 0.85248362 | I76: =I10*I$59/100 -> 0.85308903 | J76: =J10*J$59/100 -> 0.04828608 | K76: =K10*K$59/100 -> 0.054078261 | L76: =L10*L$59/100 -> 0.058917391 | M76: =M10*M$59/100 -> 0.054678261 | ... U76: =U10*U$59/100 -> 0 | X76: =X10*X$59/100 -> 0.10122128 | Y76: =Y10*Y$59/100 -> 0.0189333 | Z76: =Z10*Z$59/100 -> 0.01329003 | AA76: =AA10*AA$59/100 -> 0 | AB76: =AB10*AB$59/100 -> 0.0172625 | AC76: =AC10*AC$59/100 -> 0.01972218 | AD76: =AD10*AD$59/100 -> 0.0244683 | AE76: =AE10*AE$59/100 -> 0.01215215 | ... AM76: =AM10*AM$59/100 -> 0 | AP76: =AP10*AP$59/100 -> 7.1595447 | AQ76: =AQ10*AQ$59/100 -> 5.5477 | AR76: =AR10*AR$59/100 -> 6.170805 | AS76: =AS10*AS$59/100 -> 5.7226 | AT76: =AT10*AT$59/100 -> 9.43652 | AU76: =AU10*AU$59/100 -> 9.9214033 | AV76: =AV10*AV$59/100 -> 11.69304 | AW76: =AW10*AW$59/100 -> 10.5678 | ... BF76: =BF10*BF$59/100 -> 0 | BH76: =BH$59*BH10/100 -> 1.971383 | BI76: =BI$59*BI10/100 -> 2.8308333 | BJ76: =BJ$59*BJ10/100 -> 6.6916667 | BK76: =BK$59*BK10/100 -> 3.96875 | BL76: =BL$59*BL10/100 -> 9.97375 | BM76: =BM$59*BM10/100 -> 3.0333333 | BN76: =BN$59*BN10/100 -> 4.3125 | BO76: =BO$59*BO10/100 -> 3.6 | ... BX76: =BX$59*BX10/100 -> 0 | DJ76: C2H6, g/h
C77: 250-360, g/h | F77: =F11*F$59/100 -> 3.5349702 | G77: =G11*G$59/100 -> 3.419685 | H77: =H11*H$59/100 -> 3.3614979 | I77: =I11*I$59/100 -> 3.3638852 | J77: =J11*J$59/100 -> 0.26557344 | K77: =K11*K$59/100 -> 0.29743043 | L77: =L11*L$59/100 -> 0.32404565 | M77: =M11*M$59/100 -> 0.30073043 | ... U77: =U11*U$59/100 -> 0.40464462 | X77: =X11*X$59/100 -> 0.019754043 | Y77: =Y11*Y$59/100 -> 0.02805255 | Z77: =Z11*Z$59/100 -> 0.04205286 | AA77: =AA11*AA$59/100 -> 0 | AB77: =AB11*AB$59/100 -> 0.057325 | AC77: =AC11*AC$59/100 -> 0.05879563 | AD77: =AD11*AD$59/100 -> 0.058748037 | AE77: =AE11*AE$59/100 -> 0.027631033 | ... AM77: =AM11*AM$59/100 -> 0 | AP77: =AP11*AP$59/100 -> 20.467694 | AQ77: =AQ11*AQ$59/100 -> 17.893 | AR77: =AR11*AR$59/100 -> 18.80545 | AS77: =AS11*AS$59/100 -> 18.4742 | AT77: =AT11*AT$59/100 -> 21.674675 | AU77: =AU11*AU$59/100 -> 21.18831 | AV77: =AV11*AV$59/100 -> 24.47836 | AW77: =AW11*AW$59/100 -> 22.237185 | ... BF77: =BF11*BF$59/100 -> 0 | BH77: =BH$59*BH11/100 -> 0.74776596 | BI77: =BI$59*BI11/100 -> 1.6483333 | BJ77: =BJ$59*BJ11/100 -> 4.4 | BK77: =BK$59*BK11/100 -> 2.8045833 | BL77: =BL$59*BL11/100 -> 6.43875 | BM77: =BM$59*BM11/100 -> 1.5666667 | BN77: =BN$59*BN11/100 -> 2.0604167 | BO77: =BO$59*BO11/100 -> 1.72 | ... BX77: =BX$59*BX11/100 -> 0 | DJ77: C3H8, g/h
C78: 360-500, g/h | F78: =F12*F$59/100 -> 16.106017 | G78: =G12*G$59/100 -> 15.580755 | H78: =H12*H$59/100 -> 15.315643 | I78: =I12*I$59/100 -> 15.32652 | J78: =J12*J$59/100 -> 0.75970099 | K78: =K12*K$59/100 -> 0.8508313 | L78: =L12*L$59/100 -> 0.92696696 | M78: =M12*M$59/100 -> 0.8602713 | ... U78: =U12*U$59/100 -> 1.4873923 | X78: =X12*X$59/100 -> 0.059300426 | Y78: =Y12*Y$59/100 -> 0.09898005 | Z78: =Z12*Z$59/100 -> 0.14585877 | AA78: =AA12*AA$59/100 -> 0 | AB78: =AB12*AB$59/100 -> 0.1908375 | AC78: =AC12*AC$59/100 -> 0.16277833 | AD78: =AD12*AD$59/100 -> 0.13572671 | AE78: =AE12*AE$59/100 -> 0.063411367 | ... AM78: =AM12*AM$59/100 -> 0 | AP78: =AP12*AP$59/100 -> 51.683923 | AQ78: =AQ12*AQ$59/100 -> 46.8408 | AR78: =AR12*AR$59/100 -> 48.401985 | AS78: =AS12*AS$59/100 -> 47.81992 | AT78: =AT12*AT$59/100 -> 35.67478 | AU78: =AU12*AU$59/100 -> 34.91424 | AV78: =AV12*AV$59/100 -> 40.2467 | AW78: =AW12*AW$59/100 -> 37.42917 | ... BF78: =BF12*BF$59/100 -> 0 | BH78: =BH$59*BH12/100 -> 0.40787234 | BI78: =BI$59*BI12/100 -> 0.57333333 | BJ78: =BJ$59*BJ12/100 -> 1.2833333 | BK78: =BK$59*BK12/100 -> 0.79375 | BL78: =BL$59*BL12/100 -> 1.7675 | BM78: =BM$59*BM12/100 -> 0.3 | BN78: =BN$59*BN12/100 -> 0.33541667 | BO78: =BO$59*BO12/100 -> 0.28 | ... BX78: =BX$59*BX12/100 -> 0 | DJ78: C4H10, g/h
C79: 500-560, g/h | F79: =F13*F$59/100 -> 18.078945 | G79: =G13*G$59/100 -> 17.48934 | H79: =H13*H$59/100 -> 17.191753 | I79: =I13*I$59/100 -> 17.203962 | J79: =J13*J$59/100 -> 5.0555526 | K79: =K13*K$59/100 -> 5.6619939 | L79: =L13*L$59/100 -> 6.1686509 | M79: =M13*M$59/100 -> 5.7248139 | ... U79: =U13*U$59/100 -> 9.7576631 | X79: =X13*X$59/100 -> 0.042464681 | Y79: =Y13*Y$59/100 -> 0.0834146 | Z79: =Z13*Z$59/100 -> 0.12937747 | AA79: =AA13*AA$59/100 -> 0 | AB79: =AB13*AB$59/100 -> 0.1925375 | AC79: =AC13*AC$59/100 -> 0.14689315 | AD79: =AD13*AD$59/100 -> 0.11732067 | AE79: =AE13*AE$59/100 -> 0.057577617 | ... AM79: =AM13*AM$59/100 -> 0 | AP79: =AP13*AP$59/100 -> 41.009134 | AQ79: =AQ13*AQ$59/100 -> 34.2606 | AR79: =AR13*AR$59/100 -> 35.821395 | AS79: =AS13*AS$59/100 -> 35.44888 | AT79: =AT13*AT$59/100 -> 17.448685 | AU79: =AU13*AU$59/100 -> 18.771193 | AV79: =AV13*AV$59/100 -> 22.41996 | AW79: =AW13*AW$59/100 -> 20.398635 | ... BF79: =BF13*BF$59/100 -> 0 | BH79: =BH$59*BH13/100 -> 0 | BI79: =BI$59*BI13/100 -> 0 | BJ79: =BJ$59*BJ13/100 -> 0 | BK79: =BK$59*BK13/100 -> 0 | BL79: =BL$59*BL13/100 -> 0 | BM79: =BM$59*BM13/100 -> 0 | BN79: =BN$59*BN13/100 -> 0 | BO79: =BO$59*BO13/100 -> 0 | ... BX79: =BX$59*BX13/100 -> 0 | DJ79: C5H12, g/h
C80: 560 Plus, g/h | F80: =F14*F$59/100 -> 300.93429 | G80: =G14*G$59/100 -> 291.11998 | H80: =H14*H$59/100 -> 286.16648 | I80: =I14*I$59/100 -> 286.36971 | J80: =J14*J$59/100 -> 154.82449 | K80: =K14*K$59/100 -> 173.39654 | L80: =L14*L$59/100 -> 188.91272 | M80: =M14*M$59/100 -> 175.32038 | ... U80: =U14*U$59/100 -> 173.11953 | X80: =X14*X$59/100 -> 0.22331489 | Y80: =Y14*Y$59/100 -> 0.70534745 | Z80: =Z14*Z$59/100 -> 1.0444831 | AA80: =AA14*AA$59/100 -> 0 | AB80: =AB14*AB$59/100 -> 0.7825 | AC80: =AC14*AC$59/100 -> 0.87987526 | AD80: =AD14*AD$59/100 -> 0.74585561 | AE80: =AE14*AE$59/100 -> 0.4328822 | ... AM80: =AM14*AM$59/100 -> 0 | AP80: =AP14*AP$59/100 -> 184.7224 | AQ80: =AQ14*AQ$59/100 -> 183.5207 | AR80: =AR14*AR$59/100 -> 173.57061 | AS80: =AS14*AS$59/100 -> 174.38168 | AT80: =AT14*AT$59/100 -> 47.197395 | AU80: =AU14*AU$59/100 -> 61.376803 | AV80: =AV14*AV$59/100 -> 64.06106 | AW80: =AW14*AW$59/100 -> 61.013595 | ... BF80: =BF14*BF$59/100 -> 0 | BH80: =BH$59*BH14/100 -> 0 | BI80: =BI$59*BI14/100 -> 0 | BJ80: =BJ$59*BJ14/100 -> 0 | BK80: =BK$59*BK14/100 -> 0 | BL80: =BL$59*BL14/100 -> 0 | BM80: =BM$59*BM14/100 -> 0 | BN80: =BN$59*BN14/100 -> 0 | BO80: =BO$59*BO14/100 -> 0 | ... BX80: =BX$59*BX14/100 -> 0 | DJ80: C6H14 , g/h
C81: Total g/h | F81: =SUM(F74:F80) -> 339.57447 | G81: =SUM(G74:G80) -> 328.5 | H81: =SUM(H74:H80) -> 322.91046 | I81: =SUM(I74:I80) -> 323.13978 | J81: =SUM(J74:J80) -> 160.9536 | K81: =SUM(K74:K80) -> 180.26087 | L81: =SUM(L74:L80) -> 196.3913 | M81: =SUM(M74:M80) -> 182.26087 | ... U81: =SUM(U74:U80) -> 184.76923 | X81: =SUM(X74:X80) -> 0.76595745 | Y81: =SUM(Y74:Y80) -> 0.965 | Z81: =SUM(Z74:Z80) -> 1.3815 | AA81: =SUM(AA74:AA80) -> 0 | AB81: =SUM(AB74:AB80) -> 1.25 | AC81: =SUM(AC74:AC80) -> 1.279 | AD81: =SUM(AD74:AD80) -> 1.09625 | AE81: =SUM(AE74:AE80) -> 0.59833333 | ... AM81: =SUM(AM74:AM80) -> 0 | AP81: =SUM(AP74:AP80) -> 307.2766 | AQ81: =SUM(AQ74:AQ80) -> 290 | AR81: =SUM(AR74:AR80) -> 284.5 | AS81: =SUM(AS74:AS80) -> 284 | AT81: =SUM(AT74:AT80) -> 134.5 | AU81: =SUM(AU74:AU80) -> 149.66667 | AV81: =SUM(AV74:AV80) -> 166 | AW81: =SUM(AW74:AW80) -> 154.5 | ... BF81: =SUM(BF74:BF80) -> 0 | BH81: =SUM(BH74:BH80) -> 4.5319149 | BI81: =SUM(BI74:BI80) -> 7.1666667 | BJ81: =SUM(BJ74:BJ80) -> 18.333333 | BK81: =SUM(BK74:BK80) -> 10.583333 | BL81: =SUM(BL74:BL80) -> 25.25 | BM81: =SUM(BM74:BM80) -> 6.6666667 | BN81: =SUM(BN74:BN80) -> 9.5833333 | BO81: =SUM(BO74:BO80) -> 8 | ... BX81: =SUM(BX74:BX80) -> 0
C83: Ni, Rx1, g/h | F83: =F$18*F$55*10^-6 -> 0.013479051 | G83: =G$18*G$55*10^-6 -> 0.01287937 | H83: =H$18*H$55*10^-6 -> 0.012498167 | I83: =I$18*I$55*10^-6 -> 0.012698397
C84: Ni, Rx2, g/h | F84: =F$57*F$18*10^-6 -> 0.0060600638 | G84: =G$57*G$18*10^-6 -> 0.00602252 | H84: =H$57*H$18*10^-6 -> 0.0060821004 | I84: =I$57*I$18*10^-6 -> 0.0058950658
C85: Ni, g/h | F85: =F$59*F$18*(10^-6) -> 0.019539115 | G85: =G$59*G$18*(10^-6) -> 0.01890189 | H85: =H$59*H$18*(10^-6) -> 0.018580268 | I85: =I$59*I$18*(10^-6) -> 0.018593463 | J85: =J$59*J$18*(10^-6) -> 0.0182457 | K85: =K$59*K$18*(10^-6) -> 0.020434372 | L85: =L$59*L$18*(10^-6) -> 0.022262918 | M85: =M$59*M$18*(10^-6) -> 0.020661092 | ... V85: =V$59*V$18*(10^-6) -> 0 | X85: =X$59*X$18*(10^-6) -> 0.00020657106 | Y85: =Y$59*Y$18*(10^-6) -> 0.0018207427 | Z85: =Z$59*Z$18*(10^-6) -> 0.00012159963 | AA85: =AA$59*AA$18*(10^-6) -> 0 | AB85: =AB$59*AB$18*(10^-6) -> 9.47125e-05 | AC85: =AC$59*AC$18*(10^-6) -> 0.00019365339 | AD85: =AD$59*AD$18*(10^-6) -> 0.00015051513 | AE85: =AE$59*AE$18*(10^-6) -> 7.18718e-05 | ... AN85: =AN$59*AN$18*(10^-6) -> 0 | AP85: =AP$59*AP$18*(10^-6) -> 0.0071349626 | AQ85: =AQ$59*AQ$18*(10^-6) -> 0.0062524 | AR85: =AR$59*AR$18*(10^-6) -> 0.005926135 | AS85: =AS$59*AS$18*(10^-6) -> 0.00580496 | AT85: =AT$59*AT$18*(10^-6) -> 0.002145275 | AU85: =AU$59*AU$18*(10^-6) -> 0.0029843533 | AV85: =AV$59*AV$18*(10^-6) -> 0.00379144 | AW85: =AW$59*AW$18*(10^-6) -> 0.00335883 | ... BF85: =BF$59*BF$18*(10^-6) -> 0
C86: V, Rx1, g/h | F86: =F$55*F$20*10^-6 -> 0.045508781 | G86: =G$55*G$20*10^-6 -> 0.043484102 | H86: =H$55*H$20*10^-6 -> 0.042197063 | I86: =I$55*I$20*10^-6 -> 0.042873091
C87: V, Rx2, g/h | F87: =F$57*F$20*10^-6 -> 0.020460351 | G87: =G$57*G$20*10^-6 -> 0.020333593 | H87: =H$57*H$20*10^-6 -> 0.020534752 | I87: =I$57*I$20*10^-6 -> 0.019903275
C88: V, g/h | F88: =F$59*F$20*(10^-6) -> 0.065969132 | G88: =G$59*G$20*(10^-6) -> 0.063817695 | H88: =H$59*H$20*(10^-6) -> 0.062731815 | I88: =I$59*I$20*(10^-6) -> 0.062776366 | J88: =J$59*J$20*(10^-6) -> 0.046026291 | K88: =K$59*K$20*(10^-6) -> 0.051547398 | L88: =L$59*L$20*(10^-6) -> 0.056160057 | M88: =M$59*M$20*(10^-6) -> 0.052119318 | ... V88: =V$59*V$20*(10^-6) -> 0 | X88: =X$59*X$20*(10^-6) -> 0.0007541617 | Y88: =Y$59*Y$20*(10^-6) -> 0.0050540524 | Z88: =Z$59*Z$20*(10^-6) -> 0.00031795223 | AA88: =AA$59*AA$20*(10^-6) -> 0 | AB88: =AB$59*AB$20*(10^-6) -> 0.000233475 | AC88: =AC$59*AC$20*(10^-6) -> 0.0004894733 | AD88: =AD$59*AD$20*(10^-6) -> 0.0003546588 | AE88: =AE$59*AE$20*(10^-6) -> 0.00017333118 | ... AN88: =AN$59*AN$20*(10^-6) -> 0 | AP88: =AP$59*AP$20*(10^-6) -> 0.011615055 | AQ88: =AQ$59*AQ$20*(10^-6) -> 0.0103733 | AR88: =AR$59*AR$20*(10^-6) -> 0.010242 | AS88: =AS$59*AS$20*(10^-6) -> 0.0099684 | AT88: =AT$59*AT$20*(10^-6) -> 0.001639555 | AU88: =AU$59*AU$20*(10^-6) -> 0.0025263733 | AV88: =AV$59*AV$20*(10^-6) -> 0.00362544 | AW88: =AW$59*AW$20*(10^-6) -> 0.00302511 | ... BF88: =BF$59*BF$20*(10^-6) -> 0
C89: Fe, g/h | F89: =F$59*F$22*(10^-6) -> 0.0055961872 | G89: =G$59*G$22*(10^-6) -> 0.00541368 | H89: =H$59*H$22*(10^-6) -> 0.0053215644 | I89: =I$59*I$22*(10^-6) -> 0.0053253437 | J89: =J$59*J$22*(10^-6) -> 0.013289939 | K89: =K$59*K$22*(10^-6) -> 0.01488414 | L89: =L$59*L$22*(10^-6) -> 0.01621603 | M89: =M$59*M$22*(10^-6) -> 0.01504928 | ... V89: =V$59*V$22*(10^-6) -> 0 | X89: =X$59*X$22*(10^-6) -> 0.00023589957 | Y89: =Y$59*Y$22*(10^-6) -> 0.0027238958 | Z89: =Z$59*Z$22*(10^-6) -> 0.00014776524 | AA89: =AA$59*AA$22*(10^-6) -> 0 | AB89: =AB$59*AB$22*(10^-6) -> 0.000111625 | AC89: =AC$59*AC$22*(10^-6) -> 0.0002884145 | AD89: =AD$59*AD$22*(10^-6) -> 0.00018875232 | AE89: =AE$59*AE$22*(10^-6) -> 8.69139e-05 | ... AN89: =AN$59*AN$22*(10^-6) -> 0 | AP89: =AP$59*AP$22*(10^-6) -> 0.004228126 | AQ89: =AQ$59*AQ$22*(10^-6) -> 0.0035989 | AR89: =AR$59*AR$22*(10^-6) -> 0.003007165 | AS89: =AS$59*AS$22*(10^-6) -> 0.00212716 | AT89: =AT$59*AT$22*(10^-6) -> 0.003589805 | AU89: =AU$59*AU$22*(10^-6) -> 0.0011060367 | AV89: =AV$59*AV$22*(10^-6) -> 0.000498 | AW89: =AW$59*AW$22*(10^-6) -> 0.00038007 | ... BF89: =BF$59*BF$22*(10^-6) -> 0
C90: Total(Ni+V), g/h | F90: =F$85+F$88 -> 0.085508247 | G90: =G$85+G$88 -> 0.082719585 | H90: =H$85+H$88 -> 0.081312083 | I90: =I$85+I$88 -> 0.081369829 | J90: =J$85+J$88 -> 0.064271992 | K90: =K$85+K$88 -> 0.07198177 | L90: =L$85+L$88 -> 0.078422976 | M90: =M$85+M$88 -> 0.07278041 | ... V90: =V$85+V$88 -> 0 | X90: =SUM(X85:X89) -> 0.0011966323 | Y90: =SUM(Y85:Y89) -> 0.0095986909 | Z90: =SUM(Z85:Z89) -> 0.0005873171 | AA90: =SUM(AA85:AA89) -> 0 | AB90: =SUM(AB85:AB89) -> 0.0004398125 | AC90: =SUM(AC85:AC89) -> 0.00097154119 | AD90: =SUM(AD85:AD89) -> 0.00069392625 | AE90: =SUM(AE85:AE89) -> 0.00033211688 | ... AN90: =SUM(AN85:AN89) -> 0 | AP90: =SUM(AP85:AP89) -> 0.022978144 | AQ90: =SUM(AQ85:AQ89) -> 0.0202246 | AR90: =SUM(AR85:AR89) -> 0.0191753 | AS90: =SUM(AS85:AS89) -> 0.01790052 | AT90: =SUM(AT85:AT89) -> 0.007374635 | AU90: =SUM(AU85:AU89) -> 0.0066167633 | AV90: =SUM(AV85:AV89) -> 0.00791488 | AW90: =SUM(AW85:AW89) -> 0.00676401 | ... BF90: =SUM(BF85:BF89) -> 0
C92: S, g/h | F92: =F$59*F$26/100 -> 20.326928 | G92: =G$59*G$26/100 -> 19.66401 | H92: =H$59*H$26/100 -> 19.32942 | I92: =I$59*I$26/100 -> 19.343148 | J92: =J$59*J$26/100 -> 9.1582598 | K92: =K$59*K$26/100 -> 10.256843 | L92: =L$59*L$26/100 -> 11.174665 | M92: =M$59*M$26/100 -> 10.370643 | ... V92: =V$59*V$26/100 -> 0 | X92: =X$59*X$26/100 -> 0.021370213 | Y92: =Y$59*Y$26/100 -> 0.0417845 | Z92: =Z$59*Z$26/100 -> 0.0602334 | AA92: =AA$59*AA$26/100 -> 0 | AB92: =AB$59*AB$26/100 -> 0.05475 | AC92: =AC$59*AC$26/100 -> 0.04791134 | AD92: =AD$59*AD$26/100 -> 0.04143825 | AE92: =AE$59*AE$26/100 -> 0.023376883 | ... AM92: =AM$59*AM$26/100 -> 0 | AP92: =AP$59*AP$26/100 -> 7.1902723 | AQ92: =AQ$59*AQ$26/100 -> 6.583 | AR92: =AR$59*AR$26/100 -> 6.64023 | AS92: =AS$59*AS$26/100 -> 6.71944 | AT92: =AT$59*AT$26/100 -> 1.35845 | AU92: =AU$59*AU$26/100 -> 1.7840267 | AV92: =AV$59*AV$26/100 -> 2.407 | AW92: =AW$59*AW$26/100 -> 2.18154 | ... BF92: =BF$59*BF$26/100 -> 0 | BH92: =BH$59*BH$26/100 -> 0.0046225532 | BI92: =BI$59*BI$26/100 -> 0.0097466667 | BJ92: =BJ$59*BJ$26/100 -> 0.026161667 | BK92: =BK$59*BK$26/100 -> 0.016215783 | BL92: =BL$59*BL$26/100 -> 0.03673875 | BM92: =BM$59*BM$26/100 -> 0.00484 | BN92: =BN$59*BN$26/100 -> 0.0086345833 | BO92: =BO$59*BO$26/100 -> 0.006008 | ... BX92: =BX$59*BX$26/100 -> 0
C93: N, g/h | F93: =F$59*F$24/100 -> 1.9019566 | G93: =G$59*G$24/100 -> 1.8399285 | H93: =H$59*H$24/100 -> 1.8086215 | I93: =I$59*I$24/100 -> 1.8099059 | J93: =J$59*J$24/100 -> 1.1875157 | K93: =K$59*K$24/100 -> 1.3299647 | L93: =L$59*L$24/100 -> 1.448975 | M93: =M$59*M$24/100 -> 1.3447207 | ... V93: =V$59*V$24/100 -> 0 | X93: =X$59*X$24/100 -> 0.0015280851 | Y93: =Y$59*Y$24/100 -> 0 | Z93: =Z$59*Z$24/100 -> 0.0059356009 | AA93: =AA$59*AA$24/100 -> 0 | AB93: =AB$59*AB$24/100 -> 0.00484375 | AC93: =AC$59*AC$24/100 -> 0.0056736184 | AD93: =AD$59*AD$24/100 -> 0.0072341537 | AE93: =AE$59*AE$24/100 -> 0.0037460274 | ... AM93: =AM$59*AM$24/100 -> 0 | AP93: =AP$59*AP$24/100 -> 1.1633492 | AQ93: =AQ$59*AQ$24/100 -> 1.11273 | AR93: =AR$59*AR$24/100 -> 1.00713 | AS93: =AS$59*AS$24/100 -> 1.083744 | AT93: =AT$59*AT$24/100 -> 0.41420889 | AU93: =AU$59*AU$24/100 -> 0.770933 | AV93: =AV$59*AV$24/100 -> 0.908518 | AW93: =AW$59*AW$24/100 -> 0.82778474 | ... BF93: =BF$59*BF$24/100 -> 0 | BH93: =BH$59*BH$24/100 -> 0.0012145532 | BI93: =BI$59*BI$24/100 -> 0.0037030167 | BJ93: =BJ$59*BJ$24/100 -> 0.0099421667 | BK93: =BK$59*BK$24/100 -> 0.0081290583 | BL93: =BL$59*BL$24/100 -> 0.01810021 | BM93: =BM$59*BM$24/100 -> 0.0053533333 | BN93: =BN$59*BN$24/100 -> 0.0087898333 | BO93: =BO$59*BO$24/100 -> 0.007616 | ... BX93: =BX$59*BX$24/100 -> 0
C94: Total (S+N ), g/h | F94: =SUM(F92:F93) -> 22.228884 | G94: =SUM(G92:G93) -> 21.503938 | H94: =SUM(H92:H93) -> 21.138042 | I94: =SUM(I92:I93) -> 21.153053 | J94: =SUM(J92:J93) -> 10.345776 | K94: =SUM(K92:K93) -> 11.586808 | L94: =SUM(L92:L93) -> 12.62364 | M94: =SUM(M92:M93) -> 11.715364 | ... V94: =SUM(V92:V93) -> 0 | X94: =SUM(X92:X93) -> 0.022898298 | Y94: =SUM(Y92:Y93) -> 0.0417845 | Z94: =SUM(Z92:Z93) -> 0.066169001 | AA94: =SUM(AA92:AA93) -> 0 | AB94: =SUM(AB92:AB93) -> 0.05959375 | AC94: =SUM(AC92:AC93) -> 0.053584958 | AD94: =SUM(AD92:AD93) -> 0.048672404 | AE94: =SUM(AE92:AE93) -> 0.027122911 | ... AM94: =SUM(AM92:AM93) -> 0 | AP94: =SUM(AP92:AP93) -> 8.3536215 | AQ94: =SUM(AQ92:AQ93) -> 7.69573 | AR94: =SUM(AR92:AR93) -> 7.64736 | AS94: =SUM(AS92:AS93) -> 7.803184 | AT94: =SUM(AT92:AT93) -> 1.7726589 | AU94: =SUM(AU92:AU93) -> 2.5549597 | AV94: =SUM(AV92:AV93) -> 3.315518 | AW94: =SUM(AW92:AW93) -> 3.0093247 | ... BF94: =SUM(BF92:BF93) -> 0 | BH94: =SUM(BH92:BH93) -> 0.0058371064 | BI94: =SUM(BI92:BI93) -> 0.013449683 | BJ94: =SUM(BJ92:BJ93) -> 0.036103833 | BK94: =SUM(BK92:BK93) -> 0.024344842 | BL94: =SUM(BL92:BL93) -> 0.05483896 | BM94: =SUM(BM92:BM93) -> 0.010193333 | BN94: =SUM(BN92:BN93) -> 0.017424417 | BO94: =SUM(BO92:BO93) -> 0.013624 | ... BX94: =SUM(BX92:BX93) -> 0
C96: C5 Asphaltene, g/h | F96: =F$59*F$28/100 -> 77.898383 | G96: =G$59*G$28/100 -> 75.3579 | H96: =H$59*H$28/100 -> 74.07566 | I96: =I$59*I$28/100 -> 74.128267 | J96: =J$59*J$28/100 -> 53.468786 | K96: =K$59*K$28/100 -> 59.882661 | L96: =L$59*L$28/100 -> 65.241191 | M96: =M$59*M$28/100 -> 60.547061 | ... V96: =V$59*V$28/100 -> 0 | X96: =X$59*X$28/100 -> 0.061506383 | Y96: =Y$59*Y$28/100 -> 0 | Z96: =Z$59*Z$28/100 -> 0.1812528 | AA96: =AA$59*AA$28/100 -> 0 | AB96: =AB$59*AB$28/100 -> 0.211625 | AC96: =AC$59*AC$28/100 -> 0.2403241 | AD96: =AD$59*AD$28/100 -> 0.24227125 | AE96: =AE$59*AE$28/100 -> 0.13133417 | ... AM96: =AM$59*AM$28/100 -> 0 | AP96: =AP$59*AP$28/100 -> 32.786413 | AQ96: =AQ$59*AQ$28/100 -> 28.797 | AR96: =AR$59*AR$28/100 -> 31.5795 | AS96: =AS$59*AS$28/100 -> 28.8544 | AT96: =AT$59*AT$28/100 -> 8.07 | AU96: =AU$59*AU$28/100 -> 15.744933 | AV96: =AV$59*AV$28/100 -> 18.8908 | AW96: =AW$59*AW$28/100 -> 17.59755 | ... BF96: =BF$59*BF$28/100 -> 0
C97: C7 Asphaltene, g/h | F97: =F$59*F$30/100 -> 41.496 | G97: =G$59*G$30/100 -> 40.1427 | H97: =H$59*H$30/100 -> 39.459658 | I97: =I$59*I$30/100 -> 39.487682 | J97: =J$59*J$30/100 -> 33.639302 | K97: =K$59*K$30/100 -> 37.674522 | L97: =L$59*L$30/100 -> 41.045783 | M97: =M$59*M$30/100 -> 38.092522 | ... V97: =V$59*V$30/100 -> 0 | X97: =X$59*X$30/100 -> 0.037531915 | Y97: =Y$59*Y$30/100 -> 0.087815 | Z97: =Z$59*Z$30/100 -> 0.127098 | AA97: =AA$59*AA$30/100 -> 0 | AB97: =AB$59*AB$30/100 -> 0.1175 | AC97: =AC$59*AC$30/100 -> 0.143248 | AD97: =AD$59*AD$30/100 -> 0.153475 | AE97: =AE$59*AE$30/100 -> 0.08616 | ... AM97: =AM$59*AM$30/100 -> 0 | AP97: =AP$59*AP$30/100 -> 14.134723 | AQ97: =AQ$59*AQ$30/100 -> 12.47 | AR97: =AR$59*AR$30/100 -> 12.518 | AS97: =AS$59*AS$30/100 -> 12.78 | AT97: =AT$59*AT$30/100 -> 4.035 | AU97: =AU$59*AU$30/100 -> 8.531 | AV97: =AV$59*AV$30/100 -> 10.126 | AW97: =AW$59*AW$30/100 -> 9.579 | ... BF97: =BF$59*BF$30/100 -> 0
C99: MCRT, g/h | F99: =F$59*F$33/100 -> 87.134809 | G99: =G$59*G$33/100 -> 84.2931 | H99: =H$59*H$33/100 -> 82.858824 | I99: =I$59*I$33/100 -> 82.917669 | J99: =J$59*J$33/100 -> 50.845242 | K99: =K$59*K$33/100 -> 56.944409 | L99: =L$59*L$33/100 -> 62.040013 | M99: =M$59*M$33/100 -> 57.576209 | ... V99: =V$59*V$33/100 -> 0 | X99: =X$59*X$33/100 -> 0.089617021 | Y99: =Y$59*Y$33/100 -> 0.21312122 | Z99: =Z$59*Z$33/100 -> 0.29716065 | AA99: =AA$59*AA$33/100 -> 0 | AB99: =AB$59*AB$33/100 -> 0.26375 | AC99: =AC$59*AC$33/100 -> 0.286496 | AD99: =AD$59*AD$33/100 -> 0.2696775 | AE99: =AE$59*AE$33/100 -> 0.1484465 | ... AL99: =AL$59*AL$33/100 -> 0 | AP99: =AP$59*AP$33/100 -> 45.476936 | AQ99: =AQ$59*AQ$33/100 -> 42.253 | AR99: =AR$59*AR$33/100 -> 41.39475 | AS99: =AS$59*AS$33/100 -> 41.748 | AT99: =AT$59*AT$33/100 -> 12.92545 | AU99: =AU$59*AU$33/100 -> 20.504333 | AV99: =AV$59*AV$33/100 -> 23.572 | AW99: =AW$59*AW$33/100 -> 21.63 | ... BF99: =BF$59*BF$33/100 -> 0
C101: CN, g/h | F101: =F$59*F$41/100 -> 284.47997 | G101: =G$59*G$41/100 -> 275.20228 | H101: =H$59*H$41/100 -> 270.51962 | I101: =I$59*I$41/100 -> 270.71174 | J101: =J$59*J$41/100 -> 135.06836 | K101: =K$59*K$41/100 -> 151.27056 | L101: =L$59*L$41/100 -> 164.80683 | M101: =M$59*M$41/100 -> 152.94891 | ... V101: =V$59*V$41/100 -> 0 | X101: =X$59*X$41/100 -> 0.66358175 | Y101: =Y$59*Y$41/100 -> 0.82820461 | Z101: =Z$59*Z$41/100 -> 1.1710571 | AA101: =AA$59*AA$41/100 -> 0 | AB101: =AB$59*AB$41/100 -> 1.0702015 | AC101: =AC$59*AC$41/100 -> 1.0956862 | AD101: =AD$59*AD$41/100 -> 0.92945141 | AE101: =AE$59*AE$41/100 -> 0.50849172 | ... AM101: =AM$59*AM$41/100 -> 0 | AP101: =AP$59*AP$41/100 -> 265.34602 | AQ101: =AQ$59*AQ$41/100 -> 252.12481 | AR101: =AR$59*AR$41/100 -> 246.18845 | AS101: =AS$59*AS$41/100 -> 244.39928 | AT101: =AT$59*AT$41/100 -> 117.37089 | AU101: =AU$59*AU$41/100 -> 130.47175 | AV101: =AV$59*AV$41/100 -> 143.96294 | AW101: =AW$59*AW$41/100 -> 134.18636 | ... BF101: =BF$59*BF$41/100 -> 0 | BH101: =BH$59*BH$41/100 -> 3.9321364 | BI101: =BI$59*BI$41/100 -> 6.2629105 | BJ101: =BJ$59*BJ$41/100 -> 15.785496 | BK101: =BK$59*BK$41/100 -> 9.0820431 | BL101: =BL$59*BL$41/100 -> 21.821507 | BM101: =BM$59*BM$41/100 -> 5.7657971 | BN101: =BN$59*BN$41/100 -> 8.2421846 | BO101: =BO$59*BO$41/100 -> 6.8785877 | ... BX101: =BX$59*BX$41/100 -> 0
C102: HN, g/h | F102: =F$59*F$42/100 -> 33.00656 | G102: =G$59*G$42/100 -> 31.930124 | H102: =H$59*H$42/100 -> 31.386822 | I102: =I$59*I$42/100 -> 31.409112 | J102: =J$59*J$42/100 -> 15.555761 | K102: =K$59*K$42/100 -> 17.421761 | L102: =L$59*L$42/100 -> 18.980727 | M102: =M$59*M$42/100 -> 17.615056 | ... V102: =V$59*V$42/100 -> 0 | X102: =X$59*X$42/100 -> 0.079837887 | Y102: =Y$59*Y$42/100 -> 0.095217123 | Z102: =Z$59*Z$42/100 -> 0.14532854 | AA102: =AA$59*AA$42/100 -> 0 | AB102: =AB$59*AB$42/100 -> 0.12087505 | AC102: =AC$59*AC$42/100 -> 0.12964275 | AD102: =AD$59*AD$42/100 -> 0.11880287 | AE102: =AE$59*AE$42/100 -> 0.063246114 | ... AM102: =AM$59*AM$42/100 -> 0 | AP102: =AP$59*AP$42/100 -> 33.740638 | AQ102: =AQ$59*AQ$42/100 -> 30.268736 | AR102: =AR$59*AR$42/100 -> 30.77706 | AS102: =AS$59*AS$42/100 -> 31.931564 | AT102: =AT$59*AT$42/100 -> 15.377434 | AU102: =AU$59*AU$42/100 -> 16.667936 | AV102: =AV$59*AV$42/100 -> 18.778484 | AW102: =AW$59*AW$42/100 -> 17.356005 | ... BF102: =BF$59*BF$42/100 -> 0 | BH102: =BH$59*BH$42/100 -> 0.59395646 | BI102: =BI$59*BI$42/100 -> 0.89014145 | BJ102: =BJ$59*BJ$42/100 -> 2.5119908 | BK102: =BK$59*BK$42/100 -> 1.4768672 | BL102: =BL$59*BL$42/100 -> 3.373811 | BM102: =BM$59*BM$42/100 -> 0.89056943 | BN102: =BN$59*BN$42/100 -> 1.3238199 | BO102: =BO$59*BO$42/100 -> 1.1079445 | ... BX102: =BX$59*BX$42/100 -> 0 | CU102: Reference Temp | CW102: =273.15+30 -> 303.15 | CX102: K
C103: H/C Ratio, wt/wt | F103: =F$102/F$101 -> 0.1160242 | G103: =G$102/G$101 -> 0.1160242 | H103: =H$102/H$101 -> 0.1160242 | I103: =I$102/I$101 -> 0.1160242 | J103: =J$102/J$101 -> 0.11516954 | K103: =K$102/K$101 -> 0.11516954 | L103: =L$102/L$101 -> 0.11516954 | M103: =M$102/M$101 -> 0.11516954 | ... V103: =V$102/V$101 -> #DIV/0! | X103: =X$102/X$101 -> 0.12031357 | Y103: =Y$102/Y$101 -> 0.11496812 | Z103: =Z$102/Z$101 -> 0.1241003 | AA103: =AA$102/AA$101 -> #DIV/0! | AB103: =AB$102/AB$101 -> 0.11294607 | AC103: =AC$102/AC$101 -> 0.11832106 | AD103: =AD$102/AD$101 -> 0.12782042 | AE103: =AE$102/AE$101 -> 0.12437983 | ... AN103: =AN$102/AN$101 -> #DIV/0! | AP103: =AP$102/AP$101 -> 0.12715713 | AQ103: =AQ$102/AQ$101 -> 0.12005457 | AR103: =AR$102/AR$101 -> 0.12501423 | AS103: =AS$102/AS$101 -> 0.13065327 | AT103: =AT$102/AT$101 -> 0.13101574 | AU103: =AU$102/AU$101 -> 0.1277513 | AV103: =AV$102/AV$101 -> 0.13043971 | AW103: =AW$102/AW$101 -> 0.12934254 | ... BF103: =BF$102/BF$101 -> #DIV/0! | BH103: =BH$102/BH$101 -> 0.15105185 | BI103: =BI$102/BI$101 -> 0.14212904 | BJ103: =BJ$102/BJ$101 -> 0.15913284 | BK103: =BK$102/BK$101 -> 0.16261398 | BL103: =BL$102/BL$101 -> 0.15460944 | BM103: =BM$102/BM$101 -> 0.1544573 | BN103: =BN$102/BN$101 -> 0.16061517 | BO103: =BO$102/BO$101 -> 0.16107151 | ... BX103: =BX$102/BX$101 -> #DIV/0!
C104: H/C Ratio, wt/wt, ART | F104: 0.113 | G104: 0.113 | H104: 0.113 | I104: 0.113 | J104: 0.113 | K104: 0.113 | L104: 0.113 | M104: 0.113 | N104: 0.113 | O104: 0.113 | P104: 0.116 | Q104: 0.116 | R104: 0.116 | S104: 0.116 | T104: 0.116 | U104: 0.116 | AP104: 0.125 | AQ104: 0.123 | AR104: 0.122 | AS104: 0.121 | AT104: 0.1275 | AU104: 0.122 | AV104: 0.128 | AW104: 0.125 | AX104: 0.127 | AY104: 0.123 | AZ104: 0.121 | BA104: 0.123 | BB104: 0.126 | BC104: 0.123 | BD104: 0.124 | BE104: 0.123 | BH104: 0.155 | BI104: 0.155 | BJ104: 0.156 | BK104: 0.157 | BL104: 0.156 | BM104: 0.157 | BN104: 0.1565 | BO104: 0.156 | BP104: 0.155 | BQ104: 0.159 | BR104: 0.156 | BS104: 0.1555 | BT104: 0.158 | BU104: 0.158 | BV104: 0.156 | BW104: 0.157
CE105: Breakdown Flow Rate, High Gas (g/h) | CS105: Breakdown Flow Rate, Low gas (g/h)
C106: Molecular Weight
C107: CH4, g/h | F107: C1 | G107: 12 | H107: H4 | I107: 4 | J107: CH4 | K107: =G107+I107 -> 16 | BZ107: CH4 | CA107: =CA$59*CA$9/100 -> 1.2513413 | CB107: =CB$59*CB$9/100 -> 0.8246 | CC107: =CC$59*CC$9/100 -> 0.95991 | CD107: =CD$59*CD$9/100 -> 1.339686 | CE107: =CE$59*CE$9/100 -> 2.5155567 | CF107: =CF$59*CF$9/100 -> 1.8279292 | CG107: =CG$59*CG$9/100 -> 1.882955 | CH107: =CH$59*CH$9/100 -> 1.6028458 | ... CP107: =CP$59*CP$9/100 -> 1.8435643 | CS107: =CS$59*CS$9/100 -> 0.28322 | CT107: =CT$59*CT$9/100 -> 0.037926 | CU107: =CU$59*CU$9/100 -> 0.060375 | CV107: =CV$59*CV$9/100 -> 0.0015913978 | CW107: =CW$59*CW$9/100 -> 0.055125 | CX107: =CX$59*CX$9/100 -> 0.070616667 | CY107: =CY$59*CY$9/100 -> 0.043595 | CZ107: =CZ$59*CZ$9/100 -> 0.04403 | ... DH107: =DH$59*DH$9/100 -> 0.066323571 | DJ107: CH4, g/h
C108: C2H6, g/h | F108: C2 | G108: 24 | H108: H6 | I108: 6 | J108: C2H6 | K108: =G108+I108 -> 30 | BZ108: C2H6 | CA108: =CA$59*CA$10/100 -> 1.1161191 | CB108: =CB$59*CB$10/100 -> 0.7011 | CC108: =CC$59*CC$10/100 -> 0.780335 | CD108: =CD$59*CD$10/100 -> 1.0717488 | CE108: =CE$59*CE$10/100 -> 1.9132633 | CF108: =CF$59*CF$10/100 -> 1.4224333 | CG108: =CG$59*CG$10/100 -> 1.442375 | CH108: =CH$59*CH$10/100 -> 1.2784904 | ... CP108: =CP$59*CP$10/100 -> 1.3901179 | CS108: =CS$59*CS$10/100 -> 0.45864 | CT108: =CT$59*CT$10/100 -> 0.014448 | CU108: =CU$59*CU$10/100 -> 0.023 | CV108: =CV$59*CV$10/100 -> 0.00095483871 | CW108: =CW$59*CW$10/100 -> 0.08085 | CX108: =CX$59*CX$10/100 -> 0.10035 | CY108: =CY$59*CY$10/100 -> 0.0653925 | CZ108: =CZ$59*CZ$10/100 -> 0.0629 | ... DH108: =DH$59*DH$10/100 -> 0.11868429 | DJ108: C2H6, g/h
C109: C3H8, g/h | F109: C3 | G109: 36 | H109: H8 | I109: 8 | J109: C3H8 | K109: =G109+I109 -> 44 | BZ109: C3H8 | CA109: =CA$59*CA$11/100 -> 1.3371966 | CB109: =CB$59*CB$11/100 -> 0.7543 | CC109: =CC$59*CC$11/100 -> 0.8342075 | CD109: =CD$59*CD$11/100 -> 1.0113686 | CE109: =CE$59*CE$11/100 -> 1.63012 | CF109: =CF$59*CF$11/100 -> 1.297075 | CG109: =CG$59*CG$11/100 -> 1.3086275 | CH109: =CH$59*CH$11/100 -> 1.2696558 | ... CP109: =CP$59*CP$11/100 -> 1.335975 | CS109: =CS$59*CS$11/100 -> 0.67669 | CT109: =CT$59*CT$11/100 -> 0.034314 | CU109: =CU$59*CU$11/100 -> 0.054625 | CV109: =CV$59*CV$11/100 -> 0.0012731183 | CW109: =CW$59*CW$11/100 -> 0.11025 | CX109: =CX$59*CX$11/100 -> 0.14866667 | CY109: =CY$59*CY$11/100 -> 0.10535458 | CZ109: =CZ$59*CZ$11/100 -> 0.09435 | ... DH109: =DH$59*DH$11/100 -> 0.18500786 | DJ109: C3H8, g/h
C110: C4H10, g/h (Total) | F110: C4 | G110: 48 | H110: H10 | I110: 10 | J110: C4H10 | K110: =G110+I110 -> 58 | BZ110: C4H10(Total) | CA110: =CA$59*CA$12/100 -> 1.5239319 | CB110: =CB$59*CB$12/100 -> 0.7144 | CC110: =CC$59*CC$12/100 -> 1.348445 | CD110: =CD$59*CD$12/100 -> 0.72644946 | CE110: =CE$59*CE$12/100 -> 0.97709 | CF110: =CF$59*CF$12/100 -> 0.84552917 | CG110: =CG$59*CG$12/100 -> 0.86935875 | CH110: =CH$59*CH$12/100 -> 0.90238958 | ... CP110: =CP$59*CP$12/100 -> 0.95291429 | CS110: =CS$59*CS$12/100 -> 0.61642 | CT110: =CT$59*CT$12/100 -> 0.12642 | CU110: =CU$59*CU$12/100 -> 0.20125 | CV110: =CV$59*CV$12/100 -> 0.0036602151 | CW110: =CW$59*CW$12/100 -> 0.165375 | CX110: =CX$59*CX$12/100 -> 0.19326667 | CY110: =CY$59*CY$12/100 -> 0.14894958 | CZ110: =CZ$59*CZ$12/100 -> 0.13209 | ... DH110: =DH$59*DH$12/100 -> 0.21293357 | DJ110: C4H10, g/h
C111: C5H12, g/h | F111: C5 | G111: 60 | H111: H12 | I111: 12 | J111: C5H12 | K111: =G111+I111 -> 72 | BZ111: C5H12 | CA111: =CA$59*CA$13/100 -> 1.860914 | CB111: =CB$59*CB$13/100 -> 1.2977 | CC111: =CC$59*CC$13/100 -> 0.982765 | CD111: =CD$59*CD$13/100 -> 0.73777075 | CE111: =CE$59*CE$13/100 -> 0.62520667 | CF111: =CF$59*CF$13/100 -> 0.6754 | CG111: =CG$59*CG$13/100 -> 0.77757125 | CH111: =CH$59*CH$13/100 -> 0.99073542 | ... CP111: =CP$59*CP$13/100 -> 1.1735464 | CS111: =CS$59*CS$13/100 -> 0.54635 | CT111: =CT$59*CT$13/100 -> 0.06321 | CU111: =CU$59*CU$13/100 -> 0.100625 | CV111: =CV$59*CV$13/100 -> 0.0036602151 | CW111: =CW$59*CW$13/100 -> 0.584325 | CX111: =CX$59*CX$13/100 -> 0.55006667 | CY111: =CY$59*CY$13/100 -> 0.55220333 | CZ111: =CZ$59*CZ$13/100 -> 0.449735 | ... DH111: =DH$59*DH$13/100 -> 0.50266286 | DJ111: C5H12, g/h
C112: C6H14 plus, g/h | F112: C6 | G112: 72 | H112: H14 | I112: 14 | J112: C6H16 | K112: =G112+I112 -> 86 | BZ112: C6H14 plus | CA112: =CA$59*CA$14/100 -> 2.6464902 | CB112: =CB$59*CB$14/100 -> 5.8577 | CC112: =CC$59*CC$14/100 -> 1.63903 | CD112: =CD$59*CD$14/100 -> 0.34907312 | CE112: =CE$59*CE$14/100 -> 0.15057333 | CF112: =CF$59*CF$14/100 -> 0.13175417 | CG112: =CG$59*CG$14/100 -> 0.12981375 | CH112: =CH$59*CH$14/100 -> 0.24484417 | ... CP112: =CP$59*CP$14/100 -> 0.22063214 | CS112: =CS$59*CS$14/100 -> 0.12593 | CT112: =CT$59*CT$14/100 -> 0.09933 | CU112: =CU$59*CU$14/100 -> 0.158125 | CV112: =CV$59*CV$14/100 -> 0.0054107527 | CW112: =CW$59*CW$14/100 -> 0.15435 | CX112: =CX$59*CX$14/100 -> 0.1338 | CY112: =CY$59*CY$14/100 -> 0.13441792 | CZ112: =CZ$59*CZ$14/100 -> 0.08806 | ... DH112: =DH$59*DH$14/100 -> 0.090758571 | DJ112: C6H14 plus , g/h
...

Sheet MetConv_Ni_V
BW46: 8.5 | BX46: -5
G47: 4.5 | H47: -5 | AA47: 8.5 | AB47: -5 | AZ47: 8.5 | BA47: -5 | BW47: 8.5 | BX47: 150
G48: 4.5 | H48: 150 | AA48: 8.5 | AB48: 150 | AZ48: 8.5 | BA48: 150
BW49: 21 | BX49: -5
G50: 10.5 | H50: -5 | AA50: 21 | AB50: -5 | AZ50: 21 | BA50: -5 | BW50: 21 | BX50: 150
G51: 10.5 | H51: 150 | AA51: 21 | AB51: 150 | AZ51: 21 | BA51: 150

Sheet Condition
AL51: 4.5 | AM51: 250
V52: 10.5 | W52: 0 | AL52: 4.5 | AM52: 20
H53: Condition Change | I53: 4.5 | J53: 0 | V53: 10.5 | W53: 1000
I54: 4.5 | J54: 1 | AL54: 10.5 | AM54: 250
AL55: 10.5 | AM55: 20
I56: 10.5 | J56: 0
I57: 10.5 | J57: 1

Sheet CrkConv
V2: Low Sedimentation
W3: ART, %wt | X3: TOP, %wt
V4: BSH | W4: 55 | X4: 55
V5: CLK | W5: 25 | X5: 25
V6: PAZFLOR | W6: 10 | X6: -
V7: SEPIA | W7: - | X7: 10
V8: PHET | W8: 10 | X8: 10
I49: Condition Change | J49: 4.5 | K49: 0
J50: 4.5 | K50: 120
J52: 10.5 | K52: 0
J53: 10.5 | K53: 120

Sheet Breakdown Yld
X8: Condition Change | Y8: 4.5 | Z8: -10
Y9: 4.5 | Z9: 100
Y11: 10.5 | Z11: -10
Y12: 10.5 | Z12: 100

Sheet API
